                                      1 ;--------------------------------------------------------
                                      2 ; File Created by SDCC : free open source ANSI-C Compiler
                                      3 ; Version 3.6.0 #9615 (MINGW64)
                                      4 ;--------------------------------------------------------
                                      5 	.module config
                                      6 	.optsdcc -mmcs51 --model-small
                                      7 	
                                      8 ;--------------------------------------------------------
                                      9 ; Public variables in this module
                                     10 ;--------------------------------------------------------
                                     11 	.globl _axradio_fxtal
                                     12 	.globl _axradio_lposckfiltmax
                                     13 	.globl _axradio_sync_slave_rxtimeout
                                     14 	.globl _axradio_sync_slave_rxwindow
                                     15 	.globl _axradio_sync_slave_rxadvance
                                     16 	.globl _axradio_sync_slave_nrrx
                                     17 	.globl _axradio_sync_slave_resyncloss
                                     18 	.globl _axradio_sync_slave_maxperiod
                                     19 	.globl _axradio_sync_slave_syncpause
                                     20 	.globl _axradio_sync_slave_initialsyncwindow
                                     21 	.globl _axradio_sync_slave_syncwindow
                                     22 	.globl _axradio_sync_xoscstartup
                                     23 	.globl _axradio_sync_period
                                     24 	.globl _axradio_wor_period
                                     25 	.globl _axradio_framing_minpayloadlen
                                     26 	.globl _axradio_framing_ack_seqnrpos
                                     27 	.globl _axradio_framing_ack_retransmissions
                                     28 	.globl _axradio_framing_ack_delay
                                     29 	.globl _axradio_framing_ack_timeout
                                     30 	.globl _axradio_framing_enable_sfdcallback
                                     31 	.globl _axradio_framing_syncflags
                                     32 	.globl _axradio_framing_syncword
                                     33 	.globl _axradio_framing_synclen
                                     34 	.globl _axradio_framing_swcrclen
                                     35 	.globl _axradio_framing_lenmask
                                     36 	.globl _axradio_framing_lenoffs
                                     37 	.globl _axradio_framing_lenpos
                                     38 	.globl _axradio_framing_sourceaddrpos
                                     39 	.globl _axradio_framing_destaddrpos
                                     40 	.globl _axradio_framing_addrlen
                                     41 	.globl _axradio_framing_maclen
                                     42 	.globl _axradio_phy_preamble_appendpattern
                                     43 	.globl _axradio_phy_preamble_appendbits
                                     44 	.globl _axradio_phy_preamble_flags
                                     45 	.globl _axradio_phy_preamble_byte
                                     46 	.globl _axradio_phy_preamble_len
                                     47 	.globl _axradio_phy_preamble_longlen
                                     48 	.globl _axradio_phy_preamble_wor_len
                                     49 	.globl _axradio_phy_preamble_wor_longlen
                                     50 	.globl _axradio_phy_lbt_forcetx
                                     51 	.globl _axradio_phy_lbt_retries
                                     52 	.globl _axradio_phy_cs_enabled
                                     53 	.globl _axradio_phy_cs_period
                                     54 	.globl _axradio_phy_channelbusy
                                     55 	.globl _axradio_phy_rssireference
                                     56 	.globl _axradio_phy_rssioffset
                                     57 	.globl _axradio_phy_maxfreqoffset
                                     58 	.globl _axradio_phy_vcocalib
                                     59 	.globl _axradio_phy_chanvcoiinit
                                     60 	.globl _axradio_phy_chanpllrnginit
                                     61 	.globl _axradio_phy_chanfreq
                                     62 	.globl _axradio_phy_nrchannels
                                     63 	.globl _axradio_phy_pn9
                                     64 	.globl _axradio_phy_innerfreqloop
                                     65 	.globl _axradio_byteconv_buffer
                                     66 	.globl _axradio_byteconv
                                     67 	.globl _crc_crc16_msb
                                     68 	.globl _rev8
                                     69 	.globl _PORTC_7
                                     70 	.globl _PORTC_6
                                     71 	.globl _PORTC_5
                                     72 	.globl _PORTC_4
                                     73 	.globl _PORTC_3
                                     74 	.globl _PORTC_2
                                     75 	.globl _PORTC_1
                                     76 	.globl _PORTC_0
                                     77 	.globl _PORTB_7
                                     78 	.globl _PORTB_6
                                     79 	.globl _PORTB_5
                                     80 	.globl _PORTB_4
                                     81 	.globl _PORTB_3
                                     82 	.globl _PORTB_2
                                     83 	.globl _PORTB_1
                                     84 	.globl _PORTB_0
                                     85 	.globl _PORTA_7
                                     86 	.globl _PORTA_6
                                     87 	.globl _PORTA_5
                                     88 	.globl _PORTA_4
                                     89 	.globl _PORTA_3
                                     90 	.globl _PORTA_2
                                     91 	.globl _PORTA_1
                                     92 	.globl _PORTA_0
                                     93 	.globl _PINC_7
                                     94 	.globl _PINC_6
                                     95 	.globl _PINC_5
                                     96 	.globl _PINC_4
                                     97 	.globl _PINC_3
                                     98 	.globl _PINC_2
                                     99 	.globl _PINC_1
                                    100 	.globl _PINC_0
                                    101 	.globl _PINB_7
                                    102 	.globl _PINB_6
                                    103 	.globl _PINB_5
                                    104 	.globl _PINB_4
                                    105 	.globl _PINB_3
                                    106 	.globl _PINB_2
                                    107 	.globl _PINB_1
                                    108 	.globl _PINB_0
                                    109 	.globl _PINA_7
                                    110 	.globl _PINA_6
                                    111 	.globl _PINA_5
                                    112 	.globl _PINA_4
                                    113 	.globl _PINA_3
                                    114 	.globl _PINA_2
                                    115 	.globl _PINA_1
                                    116 	.globl _PINA_0
                                    117 	.globl _CY
                                    118 	.globl _AC
                                    119 	.globl _F0
                                    120 	.globl _RS1
                                    121 	.globl _RS0
                                    122 	.globl _OV
                                    123 	.globl _F1
                                    124 	.globl _P
                                    125 	.globl _IP_7
                                    126 	.globl _IP_6
                                    127 	.globl _IP_5
                                    128 	.globl _IP_4
                                    129 	.globl _IP_3
                                    130 	.globl _IP_2
                                    131 	.globl _IP_1
                                    132 	.globl _IP_0
                                    133 	.globl _EA
                                    134 	.globl _IE_7
                                    135 	.globl _IE_6
                                    136 	.globl _IE_5
                                    137 	.globl _IE_4
                                    138 	.globl _IE_3
                                    139 	.globl _IE_2
                                    140 	.globl _IE_1
                                    141 	.globl _IE_0
                                    142 	.globl _EIP_7
                                    143 	.globl _EIP_6
                                    144 	.globl _EIP_5
                                    145 	.globl _EIP_4
                                    146 	.globl _EIP_3
                                    147 	.globl _EIP_2
                                    148 	.globl _EIP_1
                                    149 	.globl _EIP_0
                                    150 	.globl _EIE_7
                                    151 	.globl _EIE_6
                                    152 	.globl _EIE_5
                                    153 	.globl _EIE_4
                                    154 	.globl _EIE_3
                                    155 	.globl _EIE_2
                                    156 	.globl _EIE_1
                                    157 	.globl _EIE_0
                                    158 	.globl _E2IP_7
                                    159 	.globl _E2IP_6
                                    160 	.globl _E2IP_5
                                    161 	.globl _E2IP_4
                                    162 	.globl _E2IP_3
                                    163 	.globl _E2IP_2
                                    164 	.globl _E2IP_1
                                    165 	.globl _E2IP_0
                                    166 	.globl _E2IE_7
                                    167 	.globl _E2IE_6
                                    168 	.globl _E2IE_5
                                    169 	.globl _E2IE_4
                                    170 	.globl _E2IE_3
                                    171 	.globl _E2IE_2
                                    172 	.globl _E2IE_1
                                    173 	.globl _E2IE_0
                                    174 	.globl _B_7
                                    175 	.globl _B_6
                                    176 	.globl _B_5
                                    177 	.globl _B_4
                                    178 	.globl _B_3
                                    179 	.globl _B_2
                                    180 	.globl _B_1
                                    181 	.globl _B_0
                                    182 	.globl _ACC_7
                                    183 	.globl _ACC_6
                                    184 	.globl _ACC_5
                                    185 	.globl _ACC_4
                                    186 	.globl _ACC_3
                                    187 	.globl _ACC_2
                                    188 	.globl _ACC_1
                                    189 	.globl _ACC_0
                                    190 	.globl _WTSTAT
                                    191 	.globl _WTIRQEN
                                    192 	.globl _WTEVTD
                                    193 	.globl _WTEVTD1
                                    194 	.globl _WTEVTD0
                                    195 	.globl _WTEVTC
                                    196 	.globl _WTEVTC1
                                    197 	.globl _WTEVTC0
                                    198 	.globl _WTEVTB
                                    199 	.globl _WTEVTB1
                                    200 	.globl _WTEVTB0
                                    201 	.globl _WTEVTA
                                    202 	.globl _WTEVTA1
                                    203 	.globl _WTEVTA0
                                    204 	.globl _WTCNTR1
                                    205 	.globl _WTCNTB
                                    206 	.globl _WTCNTB1
                                    207 	.globl _WTCNTB0
                                    208 	.globl _WTCNTA
                                    209 	.globl _WTCNTA1
                                    210 	.globl _WTCNTA0
                                    211 	.globl _WTCFGB
                                    212 	.globl _WTCFGA
                                    213 	.globl _WDTRESET
                                    214 	.globl _WDTCFG
                                    215 	.globl _U1STATUS
                                    216 	.globl _U1SHREG
                                    217 	.globl _U1MODE
                                    218 	.globl _U1CTRL
                                    219 	.globl _U0STATUS
                                    220 	.globl _U0SHREG
                                    221 	.globl _U0MODE
                                    222 	.globl _U0CTRL
                                    223 	.globl _T2STATUS
                                    224 	.globl _T2PERIOD
                                    225 	.globl _T2PERIOD1
                                    226 	.globl _T2PERIOD0
                                    227 	.globl _T2MODE
                                    228 	.globl _T2CNT
                                    229 	.globl _T2CNT1
                                    230 	.globl _T2CNT0
                                    231 	.globl _T2CLKSRC
                                    232 	.globl _T1STATUS
                                    233 	.globl _T1PERIOD
                                    234 	.globl _T1PERIOD1
                                    235 	.globl _T1PERIOD0
                                    236 	.globl _T1MODE
                                    237 	.globl _T1CNT
                                    238 	.globl _T1CNT1
                                    239 	.globl _T1CNT0
                                    240 	.globl _T1CLKSRC
                                    241 	.globl _T0STATUS
                                    242 	.globl _T0PERIOD
                                    243 	.globl _T0PERIOD1
                                    244 	.globl _T0PERIOD0
                                    245 	.globl _T0MODE
                                    246 	.globl _T0CNT
                                    247 	.globl _T0CNT1
                                    248 	.globl _T0CNT0
                                    249 	.globl _T0CLKSRC
                                    250 	.globl _SPSTATUS
                                    251 	.globl _SPSHREG
                                    252 	.globl _SPMODE
                                    253 	.globl _SPCLKSRC
                                    254 	.globl _RADIOSTAT
                                    255 	.globl _RADIOSTAT1
                                    256 	.globl _RADIOSTAT0
                                    257 	.globl _RADIODATA
                                    258 	.globl _RADIODATA3
                                    259 	.globl _RADIODATA2
                                    260 	.globl _RADIODATA1
                                    261 	.globl _RADIODATA0
                                    262 	.globl _RADIOADDR
                                    263 	.globl _RADIOADDR1
                                    264 	.globl _RADIOADDR0
                                    265 	.globl _RADIOACC
                                    266 	.globl _OC1STATUS
                                    267 	.globl _OC1PIN
                                    268 	.globl _OC1MODE
                                    269 	.globl _OC1COMP
                                    270 	.globl _OC1COMP1
                                    271 	.globl _OC1COMP0
                                    272 	.globl _OC0STATUS
                                    273 	.globl _OC0PIN
                                    274 	.globl _OC0MODE
                                    275 	.globl _OC0COMP
                                    276 	.globl _OC0COMP1
                                    277 	.globl _OC0COMP0
                                    278 	.globl _NVSTATUS
                                    279 	.globl _NVKEY
                                    280 	.globl _NVDATA
                                    281 	.globl _NVDATA1
                                    282 	.globl _NVDATA0
                                    283 	.globl _NVADDR
                                    284 	.globl _NVADDR1
                                    285 	.globl _NVADDR0
                                    286 	.globl _IC1STATUS
                                    287 	.globl _IC1MODE
                                    288 	.globl _IC1CAPT
                                    289 	.globl _IC1CAPT1
                                    290 	.globl _IC1CAPT0
                                    291 	.globl _IC0STATUS
                                    292 	.globl _IC0MODE
                                    293 	.globl _IC0CAPT
                                    294 	.globl _IC0CAPT1
                                    295 	.globl _IC0CAPT0
                                    296 	.globl _PORTR
                                    297 	.globl _PORTC
                                    298 	.globl _PORTB
                                    299 	.globl _PORTA
                                    300 	.globl _PINR
                                    301 	.globl _PINC
                                    302 	.globl _PINB
                                    303 	.globl _PINA
                                    304 	.globl _DIRR
                                    305 	.globl _DIRC
                                    306 	.globl _DIRB
                                    307 	.globl _DIRA
                                    308 	.globl _DBGLNKSTAT
                                    309 	.globl _DBGLNKBUF
                                    310 	.globl _CODECONFIG
                                    311 	.globl _CLKSTAT
                                    312 	.globl _CLKCON
                                    313 	.globl _ANALOGCOMP
                                    314 	.globl _ADCCONV
                                    315 	.globl _ADCCLKSRC
                                    316 	.globl _ADCCH3CONFIG
                                    317 	.globl _ADCCH2CONFIG
                                    318 	.globl _ADCCH1CONFIG
                                    319 	.globl _ADCCH0CONFIG
                                    320 	.globl __XPAGE
                                    321 	.globl _XPAGE
                                    322 	.globl _SP
                                    323 	.globl _PSW
                                    324 	.globl _PCON
                                    325 	.globl _IP
                                    326 	.globl _IE
                                    327 	.globl _EIP
                                    328 	.globl _EIE
                                    329 	.globl _E2IP
                                    330 	.globl _E2IE
                                    331 	.globl _DPS
                                    332 	.globl _DPTR1
                                    333 	.globl _DPTR0
                                    334 	.globl _DPL1
                                    335 	.globl _DPL
                                    336 	.globl _DPH1
                                    337 	.globl _DPH
                                    338 	.globl _B
                                    339 	.globl _ACC
                                    340 	.globl _axradio_phy_chanvcoi
                                    341 	.globl _axradio_phy_chanpllrng
                                    342 	.globl _AX5043_TIMEGAIN3NB
                                    343 	.globl _AX5043_TIMEGAIN2NB
                                    344 	.globl _AX5043_TIMEGAIN1NB
                                    345 	.globl _AX5043_TIMEGAIN0NB
                                    346 	.globl _AX5043_RXPARAMSETSNB
                                    347 	.globl _AX5043_RXPARAMCURSETNB
                                    348 	.globl _AX5043_PKTMAXLENNB
                                    349 	.globl _AX5043_PKTLENOFFSETNB
                                    350 	.globl _AX5043_PKTLENCFGNB
                                    351 	.globl _AX5043_PKTADDRMASK3NB
                                    352 	.globl _AX5043_PKTADDRMASK2NB
                                    353 	.globl _AX5043_PKTADDRMASK1NB
                                    354 	.globl _AX5043_PKTADDRMASK0NB
                                    355 	.globl _AX5043_PKTADDRCFGNB
                                    356 	.globl _AX5043_PKTADDR3NB
                                    357 	.globl _AX5043_PKTADDR2NB
                                    358 	.globl _AX5043_PKTADDR1NB
                                    359 	.globl _AX5043_PKTADDR0NB
                                    360 	.globl _AX5043_PHASEGAIN3NB
                                    361 	.globl _AX5043_PHASEGAIN2NB
                                    362 	.globl _AX5043_PHASEGAIN1NB
                                    363 	.globl _AX5043_PHASEGAIN0NB
                                    364 	.globl _AX5043_FREQUENCYLEAKNB
                                    365 	.globl _AX5043_FREQUENCYGAIND3NB
                                    366 	.globl _AX5043_FREQUENCYGAIND2NB
                                    367 	.globl _AX5043_FREQUENCYGAIND1NB
                                    368 	.globl _AX5043_FREQUENCYGAIND0NB
                                    369 	.globl _AX5043_FREQUENCYGAINC3NB
                                    370 	.globl _AX5043_FREQUENCYGAINC2NB
                                    371 	.globl _AX5043_FREQUENCYGAINC1NB
                                    372 	.globl _AX5043_FREQUENCYGAINC0NB
                                    373 	.globl _AX5043_FREQUENCYGAINB3NB
                                    374 	.globl _AX5043_FREQUENCYGAINB2NB
                                    375 	.globl _AX5043_FREQUENCYGAINB1NB
                                    376 	.globl _AX5043_FREQUENCYGAINB0NB
                                    377 	.globl _AX5043_FREQUENCYGAINA3NB
                                    378 	.globl _AX5043_FREQUENCYGAINA2NB
                                    379 	.globl _AX5043_FREQUENCYGAINA1NB
                                    380 	.globl _AX5043_FREQUENCYGAINA0NB
                                    381 	.globl _AX5043_FREQDEV13NB
                                    382 	.globl _AX5043_FREQDEV12NB
                                    383 	.globl _AX5043_FREQDEV11NB
                                    384 	.globl _AX5043_FREQDEV10NB
                                    385 	.globl _AX5043_FREQDEV03NB
                                    386 	.globl _AX5043_FREQDEV02NB
                                    387 	.globl _AX5043_FREQDEV01NB
                                    388 	.globl _AX5043_FREQDEV00NB
                                    389 	.globl _AX5043_FOURFSK3NB
                                    390 	.globl _AX5043_FOURFSK2NB
                                    391 	.globl _AX5043_FOURFSK1NB
                                    392 	.globl _AX5043_FOURFSK0NB
                                    393 	.globl _AX5043_DRGAIN3NB
                                    394 	.globl _AX5043_DRGAIN2NB
                                    395 	.globl _AX5043_DRGAIN1NB
                                    396 	.globl _AX5043_DRGAIN0NB
                                    397 	.globl _AX5043_BBOFFSRES3NB
                                    398 	.globl _AX5043_BBOFFSRES2NB
                                    399 	.globl _AX5043_BBOFFSRES1NB
                                    400 	.globl _AX5043_BBOFFSRES0NB
                                    401 	.globl _AX5043_AMPLITUDEGAIN3NB
                                    402 	.globl _AX5043_AMPLITUDEGAIN2NB
                                    403 	.globl _AX5043_AMPLITUDEGAIN1NB
                                    404 	.globl _AX5043_AMPLITUDEGAIN0NB
                                    405 	.globl _AX5043_AGCTARGET3NB
                                    406 	.globl _AX5043_AGCTARGET2NB
                                    407 	.globl _AX5043_AGCTARGET1NB
                                    408 	.globl _AX5043_AGCTARGET0NB
                                    409 	.globl _AX5043_AGCMINMAX3NB
                                    410 	.globl _AX5043_AGCMINMAX2NB
                                    411 	.globl _AX5043_AGCMINMAX1NB
                                    412 	.globl _AX5043_AGCMINMAX0NB
                                    413 	.globl _AX5043_AGCGAIN3NB
                                    414 	.globl _AX5043_AGCGAIN2NB
                                    415 	.globl _AX5043_AGCGAIN1NB
                                    416 	.globl _AX5043_AGCGAIN0NB
                                    417 	.globl _AX5043_AGCAHYST3NB
                                    418 	.globl _AX5043_AGCAHYST2NB
                                    419 	.globl _AX5043_AGCAHYST1NB
                                    420 	.globl _AX5043_AGCAHYST0NB
                                    421 	.globl _AX5043_0xF44NB
                                    422 	.globl _AX5043_0xF35NB
                                    423 	.globl _AX5043_0xF34NB
                                    424 	.globl _AX5043_0xF33NB
                                    425 	.globl _AX5043_0xF32NB
                                    426 	.globl _AX5043_0xF31NB
                                    427 	.globl _AX5043_0xF30NB
                                    428 	.globl _AX5043_0xF26NB
                                    429 	.globl _AX5043_0xF23NB
                                    430 	.globl _AX5043_0xF22NB
                                    431 	.globl _AX5043_0xF21NB
                                    432 	.globl _AX5043_0xF1CNB
                                    433 	.globl _AX5043_0xF18NB
                                    434 	.globl _AX5043_0xF0CNB
                                    435 	.globl _AX5043_0xF00NB
                                    436 	.globl _AX5043_XTALSTATUSNB
                                    437 	.globl _AX5043_XTALOSCNB
                                    438 	.globl _AX5043_XTALCAPNB
                                    439 	.globl _AX5043_XTALAMPLNB
                                    440 	.globl _AX5043_WAKEUPXOEARLYNB
                                    441 	.globl _AX5043_WAKEUPTIMER1NB
                                    442 	.globl _AX5043_WAKEUPTIMER0NB
                                    443 	.globl _AX5043_WAKEUPFREQ1NB
                                    444 	.globl _AX5043_WAKEUPFREQ0NB
                                    445 	.globl _AX5043_WAKEUP1NB
                                    446 	.globl _AX5043_WAKEUP0NB
                                    447 	.globl _AX5043_TXRATE2NB
                                    448 	.globl _AX5043_TXRATE1NB
                                    449 	.globl _AX5043_TXRATE0NB
                                    450 	.globl _AX5043_TXPWRCOEFFE1NB
                                    451 	.globl _AX5043_TXPWRCOEFFE0NB
                                    452 	.globl _AX5043_TXPWRCOEFFD1NB
                                    453 	.globl _AX5043_TXPWRCOEFFD0NB
                                    454 	.globl _AX5043_TXPWRCOEFFC1NB
                                    455 	.globl _AX5043_TXPWRCOEFFC0NB
                                    456 	.globl _AX5043_TXPWRCOEFFB1NB
                                    457 	.globl _AX5043_TXPWRCOEFFB0NB
                                    458 	.globl _AX5043_TXPWRCOEFFA1NB
                                    459 	.globl _AX5043_TXPWRCOEFFA0NB
                                    460 	.globl _AX5043_TRKRFFREQ2NB
                                    461 	.globl _AX5043_TRKRFFREQ1NB
                                    462 	.globl _AX5043_TRKRFFREQ0NB
                                    463 	.globl _AX5043_TRKPHASE1NB
                                    464 	.globl _AX5043_TRKPHASE0NB
                                    465 	.globl _AX5043_TRKFSKDEMOD1NB
                                    466 	.globl _AX5043_TRKFSKDEMOD0NB
                                    467 	.globl _AX5043_TRKFREQ1NB
                                    468 	.globl _AX5043_TRKFREQ0NB
                                    469 	.globl _AX5043_TRKDATARATE2NB
                                    470 	.globl _AX5043_TRKDATARATE1NB
                                    471 	.globl _AX5043_TRKDATARATE0NB
                                    472 	.globl _AX5043_TRKAMPLITUDE1NB
                                    473 	.globl _AX5043_TRKAMPLITUDE0NB
                                    474 	.globl _AX5043_TRKAFSKDEMOD1NB
                                    475 	.globl _AX5043_TRKAFSKDEMOD0NB
                                    476 	.globl _AX5043_TMGTXSETTLENB
                                    477 	.globl _AX5043_TMGTXBOOSTNB
                                    478 	.globl _AX5043_TMGRXSETTLENB
                                    479 	.globl _AX5043_TMGRXRSSINB
                                    480 	.globl _AX5043_TMGRXPREAMBLE3NB
                                    481 	.globl _AX5043_TMGRXPREAMBLE2NB
                                    482 	.globl _AX5043_TMGRXPREAMBLE1NB
                                    483 	.globl _AX5043_TMGRXOFFSACQNB
                                    484 	.globl _AX5043_TMGRXCOARSEAGCNB
                                    485 	.globl _AX5043_TMGRXBOOSTNB
                                    486 	.globl _AX5043_TMGRXAGCNB
                                    487 	.globl _AX5043_TIMER2NB
                                    488 	.globl _AX5043_TIMER1NB
                                    489 	.globl _AX5043_TIMER0NB
                                    490 	.globl _AX5043_SILICONREVISIONNB
                                    491 	.globl _AX5043_SCRATCHNB
                                    492 	.globl _AX5043_RXDATARATE2NB
                                    493 	.globl _AX5043_RXDATARATE1NB
                                    494 	.globl _AX5043_RXDATARATE0NB
                                    495 	.globl _AX5043_RSSIREFERENCENB
                                    496 	.globl _AX5043_RSSIABSTHRNB
                                    497 	.globl _AX5043_RSSINB
                                    498 	.globl _AX5043_REFNB
                                    499 	.globl _AX5043_RADIOSTATENB
                                    500 	.globl _AX5043_RADIOEVENTREQ1NB
                                    501 	.globl _AX5043_RADIOEVENTREQ0NB
                                    502 	.globl _AX5043_RADIOEVENTMASK1NB
                                    503 	.globl _AX5043_RADIOEVENTMASK0NB
                                    504 	.globl _AX5043_PWRMODENB
                                    505 	.globl _AX5043_PWRAMPNB
                                    506 	.globl _AX5043_POWSTICKYSTATNB
                                    507 	.globl _AX5043_POWSTATNB
                                    508 	.globl _AX5043_POWIRQMASKNB
                                    509 	.globl _AX5043_POWCTRL1NB
                                    510 	.globl _AX5043_PLLVCOIRNB
                                    511 	.globl _AX5043_PLLVCOINB
                                    512 	.globl _AX5043_PLLVCODIVNB
                                    513 	.globl _AX5043_PLLRNGCLKNB
                                    514 	.globl _AX5043_PLLRANGINGBNB
                                    515 	.globl _AX5043_PLLRANGINGANB
                                    516 	.globl _AX5043_PLLLOOPBOOSTNB
                                    517 	.globl _AX5043_PLLLOOPNB
                                    518 	.globl _AX5043_PLLLOCKDETNB
                                    519 	.globl _AX5043_PLLCPIBOOSTNB
                                    520 	.globl _AX5043_PLLCPINB
                                    521 	.globl _AX5043_PKTSTOREFLAGSNB
                                    522 	.globl _AX5043_PKTMISCFLAGSNB
                                    523 	.globl _AX5043_PKTCHUNKSIZENB
                                    524 	.globl _AX5043_PKTACCEPTFLAGSNB
                                    525 	.globl _AX5043_PINSTATENB
                                    526 	.globl _AX5043_PINFUNCSYSCLKNB
                                    527 	.globl _AX5043_PINFUNCPWRAMPNB
                                    528 	.globl _AX5043_PINFUNCIRQNB
                                    529 	.globl _AX5043_PINFUNCDCLKNB
                                    530 	.globl _AX5043_PINFUNCDATANB
                                    531 	.globl _AX5043_PINFUNCANTSELNB
                                    532 	.globl _AX5043_MODULATIONNB
                                    533 	.globl _AX5043_MODCFGPNB
                                    534 	.globl _AX5043_MODCFGFNB
                                    535 	.globl _AX5043_MODCFGANB
                                    536 	.globl _AX5043_MAXRFOFFSET2NB
                                    537 	.globl _AX5043_MAXRFOFFSET1NB
                                    538 	.globl _AX5043_MAXRFOFFSET0NB
                                    539 	.globl _AX5043_MAXDROFFSET2NB
                                    540 	.globl _AX5043_MAXDROFFSET1NB
                                    541 	.globl _AX5043_MAXDROFFSET0NB
                                    542 	.globl _AX5043_MATCH1PAT1NB
                                    543 	.globl _AX5043_MATCH1PAT0NB
                                    544 	.globl _AX5043_MATCH1MINNB
                                    545 	.globl _AX5043_MATCH1MAXNB
                                    546 	.globl _AX5043_MATCH1LENNB
                                    547 	.globl _AX5043_MATCH0PAT3NB
                                    548 	.globl _AX5043_MATCH0PAT2NB
                                    549 	.globl _AX5043_MATCH0PAT1NB
                                    550 	.globl _AX5043_MATCH0PAT0NB
                                    551 	.globl _AX5043_MATCH0MINNB
                                    552 	.globl _AX5043_MATCH0MAXNB
                                    553 	.globl _AX5043_MATCH0LENNB
                                    554 	.globl _AX5043_LPOSCSTATUSNB
                                    555 	.globl _AX5043_LPOSCREF1NB
                                    556 	.globl _AX5043_LPOSCREF0NB
                                    557 	.globl _AX5043_LPOSCPER1NB
                                    558 	.globl _AX5043_LPOSCPER0NB
                                    559 	.globl _AX5043_LPOSCKFILT1NB
                                    560 	.globl _AX5043_LPOSCKFILT0NB
                                    561 	.globl _AX5043_LPOSCFREQ1NB
                                    562 	.globl _AX5043_LPOSCFREQ0NB
                                    563 	.globl _AX5043_LPOSCCONFIGNB
                                    564 	.globl _AX5043_IRQREQUEST1NB
                                    565 	.globl _AX5043_IRQREQUEST0NB
                                    566 	.globl _AX5043_IRQMASK1NB
                                    567 	.globl _AX5043_IRQMASK0NB
                                    568 	.globl _AX5043_IRQINVERSION1NB
                                    569 	.globl _AX5043_IRQINVERSION0NB
                                    570 	.globl _AX5043_IFFREQ1NB
                                    571 	.globl _AX5043_IFFREQ0NB
                                    572 	.globl _AX5043_GPADCPERIODNB
                                    573 	.globl _AX5043_GPADCCTRLNB
                                    574 	.globl _AX5043_GPADC13VALUE1NB
                                    575 	.globl _AX5043_GPADC13VALUE0NB
                                    576 	.globl _AX5043_FSKDMIN1NB
                                    577 	.globl _AX5043_FSKDMIN0NB
                                    578 	.globl _AX5043_FSKDMAX1NB
                                    579 	.globl _AX5043_FSKDMAX0NB
                                    580 	.globl _AX5043_FSKDEV2NB
                                    581 	.globl _AX5043_FSKDEV1NB
                                    582 	.globl _AX5043_FSKDEV0NB
                                    583 	.globl _AX5043_FREQB3NB
                                    584 	.globl _AX5043_FREQB2NB
                                    585 	.globl _AX5043_FREQB1NB
                                    586 	.globl _AX5043_FREQB0NB
                                    587 	.globl _AX5043_FREQA3NB
                                    588 	.globl _AX5043_FREQA2NB
                                    589 	.globl _AX5043_FREQA1NB
                                    590 	.globl _AX5043_FREQA0NB
                                    591 	.globl _AX5043_FRAMINGNB
                                    592 	.globl _AX5043_FIFOTHRESH1NB
                                    593 	.globl _AX5043_FIFOTHRESH0NB
                                    594 	.globl _AX5043_FIFOSTATNB
                                    595 	.globl _AX5043_FIFOFREE1NB
                                    596 	.globl _AX5043_FIFOFREE0NB
                                    597 	.globl _AX5043_FIFODATANB
                                    598 	.globl _AX5043_FIFOCOUNT1NB
                                    599 	.globl _AX5043_FIFOCOUNT0NB
                                    600 	.globl _AX5043_FECSYNCNB
                                    601 	.globl _AX5043_FECSTATUSNB
                                    602 	.globl _AX5043_FECNB
                                    603 	.globl _AX5043_ENCODINGNB
                                    604 	.globl _AX5043_DIVERSITYNB
                                    605 	.globl _AX5043_DECIMATIONNB
                                    606 	.globl _AX5043_DACVALUE1NB
                                    607 	.globl _AX5043_DACVALUE0NB
                                    608 	.globl _AX5043_DACCONFIGNB
                                    609 	.globl _AX5043_CRCINIT3NB
                                    610 	.globl _AX5043_CRCINIT2NB
                                    611 	.globl _AX5043_CRCINIT1NB
                                    612 	.globl _AX5043_CRCINIT0NB
                                    613 	.globl _AX5043_BGNDRSSITHRNB
                                    614 	.globl _AX5043_BGNDRSSIGAINNB
                                    615 	.globl _AX5043_BGNDRSSINB
                                    616 	.globl _AX5043_BBTUNENB
                                    617 	.globl _AX5043_BBOFFSCAPNB
                                    618 	.globl _AX5043_AMPLFILTERNB
                                    619 	.globl _AX5043_AGCCOUNTERNB
                                    620 	.globl _AX5043_AFSKSPACE1NB
                                    621 	.globl _AX5043_AFSKSPACE0NB
                                    622 	.globl _AX5043_AFSKMARK1NB
                                    623 	.globl _AX5043_AFSKMARK0NB
                                    624 	.globl _AX5043_AFSKCTRLNB
                                    625 	.globl _AX5043_TIMEGAIN3
                                    626 	.globl _AX5043_TIMEGAIN2
                                    627 	.globl _AX5043_TIMEGAIN1
                                    628 	.globl _AX5043_TIMEGAIN0
                                    629 	.globl _AX5043_RXPARAMSETS
                                    630 	.globl _AX5043_RXPARAMCURSET
                                    631 	.globl _AX5043_PKTMAXLEN
                                    632 	.globl _AX5043_PKTLENOFFSET
                                    633 	.globl _AX5043_PKTLENCFG
                                    634 	.globl _AX5043_PKTADDRMASK3
                                    635 	.globl _AX5043_PKTADDRMASK2
                                    636 	.globl _AX5043_PKTADDRMASK1
                                    637 	.globl _AX5043_PKTADDRMASK0
                                    638 	.globl _AX5043_PKTADDRCFG
                                    639 	.globl _AX5043_PKTADDR3
                                    640 	.globl _AX5043_PKTADDR2
                                    641 	.globl _AX5043_PKTADDR1
                                    642 	.globl _AX5043_PKTADDR0
                                    643 	.globl _AX5043_PHASEGAIN3
                                    644 	.globl _AX5043_PHASEGAIN2
                                    645 	.globl _AX5043_PHASEGAIN1
                                    646 	.globl _AX5043_PHASEGAIN0
                                    647 	.globl _AX5043_FREQUENCYLEAK
                                    648 	.globl _AX5043_FREQUENCYGAIND3
                                    649 	.globl _AX5043_FREQUENCYGAIND2
                                    650 	.globl _AX5043_FREQUENCYGAIND1
                                    651 	.globl _AX5043_FREQUENCYGAIND0
                                    652 	.globl _AX5043_FREQUENCYGAINC3
                                    653 	.globl _AX5043_FREQUENCYGAINC2
                                    654 	.globl _AX5043_FREQUENCYGAINC1
                                    655 	.globl _AX5043_FREQUENCYGAINC0
                                    656 	.globl _AX5043_FREQUENCYGAINB3
                                    657 	.globl _AX5043_FREQUENCYGAINB2
                                    658 	.globl _AX5043_FREQUENCYGAINB1
                                    659 	.globl _AX5043_FREQUENCYGAINB0
                                    660 	.globl _AX5043_FREQUENCYGAINA3
                                    661 	.globl _AX5043_FREQUENCYGAINA2
                                    662 	.globl _AX5043_FREQUENCYGAINA1
                                    663 	.globl _AX5043_FREQUENCYGAINA0
                                    664 	.globl _AX5043_FREQDEV13
                                    665 	.globl _AX5043_FREQDEV12
                                    666 	.globl _AX5043_FREQDEV11
                                    667 	.globl _AX5043_FREQDEV10
                                    668 	.globl _AX5043_FREQDEV03
                                    669 	.globl _AX5043_FREQDEV02
                                    670 	.globl _AX5043_FREQDEV01
                                    671 	.globl _AX5043_FREQDEV00
                                    672 	.globl _AX5043_FOURFSK3
                                    673 	.globl _AX5043_FOURFSK2
                                    674 	.globl _AX5043_FOURFSK1
                                    675 	.globl _AX5043_FOURFSK0
                                    676 	.globl _AX5043_DRGAIN3
                                    677 	.globl _AX5043_DRGAIN2
                                    678 	.globl _AX5043_DRGAIN1
                                    679 	.globl _AX5043_DRGAIN0
                                    680 	.globl _AX5043_BBOFFSRES3
                                    681 	.globl _AX5043_BBOFFSRES2
                                    682 	.globl _AX5043_BBOFFSRES1
                                    683 	.globl _AX5043_BBOFFSRES0
                                    684 	.globl _AX5043_AMPLITUDEGAIN3
                                    685 	.globl _AX5043_AMPLITUDEGAIN2
                                    686 	.globl _AX5043_AMPLITUDEGAIN1
                                    687 	.globl _AX5043_AMPLITUDEGAIN0
                                    688 	.globl _AX5043_AGCTARGET3
                                    689 	.globl _AX5043_AGCTARGET2
                                    690 	.globl _AX5043_AGCTARGET1
                                    691 	.globl _AX5043_AGCTARGET0
                                    692 	.globl _AX5043_AGCMINMAX3
                                    693 	.globl _AX5043_AGCMINMAX2
                                    694 	.globl _AX5043_AGCMINMAX1
                                    695 	.globl _AX5043_AGCMINMAX0
                                    696 	.globl _AX5043_AGCGAIN3
                                    697 	.globl _AX5043_AGCGAIN2
                                    698 	.globl _AX5043_AGCGAIN1
                                    699 	.globl _AX5043_AGCGAIN0
                                    700 	.globl _AX5043_AGCAHYST3
                                    701 	.globl _AX5043_AGCAHYST2
                                    702 	.globl _AX5043_AGCAHYST1
                                    703 	.globl _AX5043_AGCAHYST0
                                    704 	.globl _AX5043_0xF44
                                    705 	.globl _AX5043_0xF35
                                    706 	.globl _AX5043_0xF34
                                    707 	.globl _AX5043_0xF33
                                    708 	.globl _AX5043_0xF32
                                    709 	.globl _AX5043_0xF31
                                    710 	.globl _AX5043_0xF30
                                    711 	.globl _AX5043_0xF26
                                    712 	.globl _AX5043_0xF23
                                    713 	.globl _AX5043_0xF22
                                    714 	.globl _AX5043_0xF21
                                    715 	.globl _AX5043_0xF1C
                                    716 	.globl _AX5043_0xF18
                                    717 	.globl _AX5043_0xF0C
                                    718 	.globl _AX5043_0xF00
                                    719 	.globl _AX5043_XTALSTATUS
                                    720 	.globl _AX5043_XTALOSC
                                    721 	.globl _AX5043_XTALCAP
                                    722 	.globl _AX5043_XTALAMPL
                                    723 	.globl _AX5043_WAKEUPXOEARLY
                                    724 	.globl _AX5043_WAKEUPTIMER1
                                    725 	.globl _AX5043_WAKEUPTIMER0
                                    726 	.globl _AX5043_WAKEUPFREQ1
                                    727 	.globl _AX5043_WAKEUPFREQ0
                                    728 	.globl _AX5043_WAKEUP1
                                    729 	.globl _AX5043_WAKEUP0
                                    730 	.globl _AX5043_TXRATE2
                                    731 	.globl _AX5043_TXRATE1
                                    732 	.globl _AX5043_TXRATE0
                                    733 	.globl _AX5043_TXPWRCOEFFE1
                                    734 	.globl _AX5043_TXPWRCOEFFE0
                                    735 	.globl _AX5043_TXPWRCOEFFD1
                                    736 	.globl _AX5043_TXPWRCOEFFD0
                                    737 	.globl _AX5043_TXPWRCOEFFC1
                                    738 	.globl _AX5043_TXPWRCOEFFC0
                                    739 	.globl _AX5043_TXPWRCOEFFB1
                                    740 	.globl _AX5043_TXPWRCOEFFB0
                                    741 	.globl _AX5043_TXPWRCOEFFA1
                                    742 	.globl _AX5043_TXPWRCOEFFA0
                                    743 	.globl _AX5043_TRKRFFREQ2
                                    744 	.globl _AX5043_TRKRFFREQ1
                                    745 	.globl _AX5043_TRKRFFREQ0
                                    746 	.globl _AX5043_TRKPHASE1
                                    747 	.globl _AX5043_TRKPHASE0
                                    748 	.globl _AX5043_TRKFSKDEMOD1
                                    749 	.globl _AX5043_TRKFSKDEMOD0
                                    750 	.globl _AX5043_TRKFREQ1
                                    751 	.globl _AX5043_TRKFREQ0
                                    752 	.globl _AX5043_TRKDATARATE2
                                    753 	.globl _AX5043_TRKDATARATE1
                                    754 	.globl _AX5043_TRKDATARATE0
                                    755 	.globl _AX5043_TRKAMPLITUDE1
                                    756 	.globl _AX5043_TRKAMPLITUDE0
                                    757 	.globl _AX5043_TRKAFSKDEMOD1
                                    758 	.globl _AX5043_TRKAFSKDEMOD0
                                    759 	.globl _AX5043_TMGTXSETTLE
                                    760 	.globl _AX5043_TMGTXBOOST
                                    761 	.globl _AX5043_TMGRXSETTLE
                                    762 	.globl _AX5043_TMGRXRSSI
                                    763 	.globl _AX5043_TMGRXPREAMBLE3
                                    764 	.globl _AX5043_TMGRXPREAMBLE2
                                    765 	.globl _AX5043_TMGRXPREAMBLE1
                                    766 	.globl _AX5043_TMGRXOFFSACQ
                                    767 	.globl _AX5043_TMGRXCOARSEAGC
                                    768 	.globl _AX5043_TMGRXBOOST
                                    769 	.globl _AX5043_TMGRXAGC
                                    770 	.globl _AX5043_TIMER2
                                    771 	.globl _AX5043_TIMER1
                                    772 	.globl _AX5043_TIMER0
                                    773 	.globl _AX5043_SILICONREVISION
                                    774 	.globl _AX5043_SCRATCH
                                    775 	.globl _AX5043_RXDATARATE2
                                    776 	.globl _AX5043_RXDATARATE1
                                    777 	.globl _AX5043_RXDATARATE0
                                    778 	.globl _AX5043_RSSIREFERENCE
                                    779 	.globl _AX5043_RSSIABSTHR
                                    780 	.globl _AX5043_RSSI
                                    781 	.globl _AX5043_REF
                                    782 	.globl _AX5043_RADIOSTATE
                                    783 	.globl _AX5043_RADIOEVENTREQ1
                                    784 	.globl _AX5043_RADIOEVENTREQ0
                                    785 	.globl _AX5043_RADIOEVENTMASK1
                                    786 	.globl _AX5043_RADIOEVENTMASK0
                                    787 	.globl _AX5043_PWRMODE
                                    788 	.globl _AX5043_PWRAMP
                                    789 	.globl _AX5043_POWSTICKYSTAT
                                    790 	.globl _AX5043_POWSTAT
                                    791 	.globl _AX5043_POWIRQMASK
                                    792 	.globl _AX5043_POWCTRL1
                                    793 	.globl _AX5043_PLLVCOIR
                                    794 	.globl _AX5043_PLLVCOI
                                    795 	.globl _AX5043_PLLVCODIV
                                    796 	.globl _AX5043_PLLRNGCLK
                                    797 	.globl _AX5043_PLLRANGINGB
                                    798 	.globl _AX5043_PLLRANGINGA
                                    799 	.globl _AX5043_PLLLOOPBOOST
                                    800 	.globl _AX5043_PLLLOOP
                                    801 	.globl _AX5043_PLLLOCKDET
                                    802 	.globl _AX5043_PLLCPIBOOST
                                    803 	.globl _AX5043_PLLCPI
                                    804 	.globl _AX5043_PKTSTOREFLAGS
                                    805 	.globl _AX5043_PKTMISCFLAGS
                                    806 	.globl _AX5043_PKTCHUNKSIZE
                                    807 	.globl _AX5043_PKTACCEPTFLAGS
                                    808 	.globl _AX5043_PINSTATE
                                    809 	.globl _AX5043_PINFUNCSYSCLK
                                    810 	.globl _AX5043_PINFUNCPWRAMP
                                    811 	.globl _AX5043_PINFUNCIRQ
                                    812 	.globl _AX5043_PINFUNCDCLK
                                    813 	.globl _AX5043_PINFUNCDATA
                                    814 	.globl _AX5043_PINFUNCANTSEL
                                    815 	.globl _AX5043_MODULATION
                                    816 	.globl _AX5043_MODCFGP
                                    817 	.globl _AX5043_MODCFGF
                                    818 	.globl _AX5043_MODCFGA
                                    819 	.globl _AX5043_MAXRFOFFSET2
                                    820 	.globl _AX5043_MAXRFOFFSET1
                                    821 	.globl _AX5043_MAXRFOFFSET0
                                    822 	.globl _AX5043_MAXDROFFSET2
                                    823 	.globl _AX5043_MAXDROFFSET1
                                    824 	.globl _AX5043_MAXDROFFSET0
                                    825 	.globl _AX5043_MATCH1PAT1
                                    826 	.globl _AX5043_MATCH1PAT0
                                    827 	.globl _AX5043_MATCH1MIN
                                    828 	.globl _AX5043_MATCH1MAX
                                    829 	.globl _AX5043_MATCH1LEN
                                    830 	.globl _AX5043_MATCH0PAT3
                                    831 	.globl _AX5043_MATCH0PAT2
                                    832 	.globl _AX5043_MATCH0PAT1
                                    833 	.globl _AX5043_MATCH0PAT0
                                    834 	.globl _AX5043_MATCH0MIN
                                    835 	.globl _AX5043_MATCH0MAX
                                    836 	.globl _AX5043_MATCH0LEN
                                    837 	.globl _AX5043_LPOSCSTATUS
                                    838 	.globl _AX5043_LPOSCREF1
                                    839 	.globl _AX5043_LPOSCREF0
                                    840 	.globl _AX5043_LPOSCPER1
                                    841 	.globl _AX5043_LPOSCPER0
                                    842 	.globl _AX5043_LPOSCKFILT1
                                    843 	.globl _AX5043_LPOSCKFILT0
                                    844 	.globl _AX5043_LPOSCFREQ1
                                    845 	.globl _AX5043_LPOSCFREQ0
                                    846 	.globl _AX5043_LPOSCCONFIG
                                    847 	.globl _AX5043_IRQREQUEST1
                                    848 	.globl _AX5043_IRQREQUEST0
                                    849 	.globl _AX5043_IRQMASK1
                                    850 	.globl _AX5043_IRQMASK0
                                    851 	.globl _AX5043_IRQINVERSION1
                                    852 	.globl _AX5043_IRQINVERSION0
                                    853 	.globl _AX5043_IFFREQ1
                                    854 	.globl _AX5043_IFFREQ0
                                    855 	.globl _AX5043_GPADCPERIOD
                                    856 	.globl _AX5043_GPADCCTRL
                                    857 	.globl _AX5043_GPADC13VALUE1
                                    858 	.globl _AX5043_GPADC13VALUE0
                                    859 	.globl _AX5043_FSKDMIN1
                                    860 	.globl _AX5043_FSKDMIN0
                                    861 	.globl _AX5043_FSKDMAX1
                                    862 	.globl _AX5043_FSKDMAX0
                                    863 	.globl _AX5043_FSKDEV2
                                    864 	.globl _AX5043_FSKDEV1
                                    865 	.globl _AX5043_FSKDEV0
                                    866 	.globl _AX5043_FREQB3
                                    867 	.globl _AX5043_FREQB2
                                    868 	.globl _AX5043_FREQB1
                                    869 	.globl _AX5043_FREQB0
                                    870 	.globl _AX5043_FREQA3
                                    871 	.globl _AX5043_FREQA2
                                    872 	.globl _AX5043_FREQA1
                                    873 	.globl _AX5043_FREQA0
                                    874 	.globl _AX5043_FRAMING
                                    875 	.globl _AX5043_FIFOTHRESH1
                                    876 	.globl _AX5043_FIFOTHRESH0
                                    877 	.globl _AX5043_FIFOSTAT
                                    878 	.globl _AX5043_FIFOFREE1
                                    879 	.globl _AX5043_FIFOFREE0
                                    880 	.globl _AX5043_FIFODATA
                                    881 	.globl _AX5043_FIFOCOUNT1
                                    882 	.globl _AX5043_FIFOCOUNT0
                                    883 	.globl _AX5043_FECSYNC
                                    884 	.globl _AX5043_FECSTATUS
                                    885 	.globl _AX5043_FEC
                                    886 	.globl _AX5043_ENCODING
                                    887 	.globl _AX5043_DIVERSITY
                                    888 	.globl _AX5043_DECIMATION
                                    889 	.globl _AX5043_DACVALUE1
                                    890 	.globl _AX5043_DACVALUE0
                                    891 	.globl _AX5043_DACCONFIG
                                    892 	.globl _AX5043_CRCINIT3
                                    893 	.globl _AX5043_CRCINIT2
                                    894 	.globl _AX5043_CRCINIT1
                                    895 	.globl _AX5043_CRCINIT0
                                    896 	.globl _AX5043_BGNDRSSITHR
                                    897 	.globl _AX5043_BGNDRSSIGAIN
                                    898 	.globl _AX5043_BGNDRSSI
                                    899 	.globl _AX5043_BBTUNE
                                    900 	.globl _AX5043_BBOFFSCAP
                                    901 	.globl _AX5043_AMPLFILTER
                                    902 	.globl _AX5043_AGCCOUNTER
                                    903 	.globl _AX5043_AFSKSPACE1
                                    904 	.globl _AX5043_AFSKSPACE0
                                    905 	.globl _AX5043_AFSKMARK1
                                    906 	.globl _AX5043_AFSKMARK0
                                    907 	.globl _AX5043_AFSKCTRL
                                    908 	.globl _XTALREADY
                                    909 	.globl _XTALOSC
                                    910 	.globl _XTALAMPL
                                    911 	.globl _SILICONREV
                                    912 	.globl _SCRATCH3
                                    913 	.globl _SCRATCH2
                                    914 	.globl _SCRATCH1
                                    915 	.globl _SCRATCH0
                                    916 	.globl _RADIOMUX
                                    917 	.globl _RADIOFSTATADDR
                                    918 	.globl _RADIOFSTATADDR1
                                    919 	.globl _RADIOFSTATADDR0
                                    920 	.globl _RADIOFDATAADDR
                                    921 	.globl _RADIOFDATAADDR1
                                    922 	.globl _RADIOFDATAADDR0
                                    923 	.globl _OSCRUN
                                    924 	.globl _OSCREADY
                                    925 	.globl _OSCFORCERUN
                                    926 	.globl _OSCCALIB
                                    927 	.globl _MISCCTRL
                                    928 	.globl _LPXOSCGM
                                    929 	.globl _LPOSCREF
                                    930 	.globl _LPOSCREF1
                                    931 	.globl _LPOSCREF0
                                    932 	.globl _LPOSCPER
                                    933 	.globl _LPOSCPER1
                                    934 	.globl _LPOSCPER0
                                    935 	.globl _LPOSCKFILT
                                    936 	.globl _LPOSCKFILT1
                                    937 	.globl _LPOSCKFILT0
                                    938 	.globl _LPOSCFREQ
                                    939 	.globl _LPOSCFREQ1
                                    940 	.globl _LPOSCFREQ0
                                    941 	.globl _LPOSCCONFIG
                                    942 	.globl _PINSEL
                                    943 	.globl _PINCHGC
                                    944 	.globl _PINCHGB
                                    945 	.globl _PINCHGA
                                    946 	.globl _PALTRADIO
                                    947 	.globl _PALTC
                                    948 	.globl _PALTB
                                    949 	.globl _PALTA
                                    950 	.globl _INTCHGC
                                    951 	.globl _INTCHGB
                                    952 	.globl _INTCHGA
                                    953 	.globl _EXTIRQ
                                    954 	.globl _GPIOENABLE
                                    955 	.globl _ANALOGA
                                    956 	.globl _FRCOSCREF
                                    957 	.globl _FRCOSCREF1
                                    958 	.globl _FRCOSCREF0
                                    959 	.globl _FRCOSCPER
                                    960 	.globl _FRCOSCPER1
                                    961 	.globl _FRCOSCPER0
                                    962 	.globl _FRCOSCKFILT
                                    963 	.globl _FRCOSCKFILT1
                                    964 	.globl _FRCOSCKFILT0
                                    965 	.globl _FRCOSCFREQ
                                    966 	.globl _FRCOSCFREQ1
                                    967 	.globl _FRCOSCFREQ0
                                    968 	.globl _FRCOSCCTRL
                                    969 	.globl _FRCOSCCONFIG
                                    970 	.globl _DMA1CONFIG
                                    971 	.globl _DMA1ADDR
                                    972 	.globl _DMA1ADDR1
                                    973 	.globl _DMA1ADDR0
                                    974 	.globl _DMA0CONFIG
                                    975 	.globl _DMA0ADDR
                                    976 	.globl _DMA0ADDR1
                                    977 	.globl _DMA0ADDR0
                                    978 	.globl _ADCTUNE2
                                    979 	.globl _ADCTUNE1
                                    980 	.globl _ADCTUNE0
                                    981 	.globl _ADCCH3VAL
                                    982 	.globl _ADCCH3VAL1
                                    983 	.globl _ADCCH3VAL0
                                    984 	.globl _ADCCH2VAL
                                    985 	.globl _ADCCH2VAL1
                                    986 	.globl _ADCCH2VAL0
                                    987 	.globl _ADCCH1VAL
                                    988 	.globl _ADCCH1VAL1
                                    989 	.globl _ADCCH1VAL0
                                    990 	.globl _ADCCH0VAL
                                    991 	.globl _ADCCH0VAL1
                                    992 	.globl _ADCCH0VAL0
                                    993 	.globl _ax5043_set_registers
                                    994 	.globl _ax5043_set_registers_tx
                                    995 	.globl _ax5043_set_registers_rx
                                    996 	.globl _ax5043_set_registers_rxwor
                                    997 	.globl _ax5043_set_registers_rxcont
                                    998 	.globl _ax5043_set_registers_rxcont_singleparamset
                                    999 	.globl _axradio_setup_pincfg1
                                   1000 	.globl _axradio_setup_pincfg2
                                   1001 	.globl _axradio_conv_freq_fromhz
                                   1002 	.globl _axradio_conv_freq_tohz
                                   1003 	.globl _axradio_conv_freq_fromreg
                                   1004 	.globl _axradio_conv_timeinterval_totimer0
                                   1005 	.globl _axradio_framing_check_crc
                                   1006 	.globl _axradio_framing_append_crc
                                   1007 ;--------------------------------------------------------
                                   1008 ; special function registers
                                   1009 ;--------------------------------------------------------
                                   1010 	.area RSEG    (ABS,DATA)
      000000                       1011 	.org 0x0000
                           0000E0  1012 _ACC	=	0x00e0
                           0000F0  1013 _B	=	0x00f0
                           000083  1014 _DPH	=	0x0083
                           000085  1015 _DPH1	=	0x0085
                           000082  1016 _DPL	=	0x0082
                           000084  1017 _DPL1	=	0x0084
                           008382  1018 _DPTR0	=	0x8382
                           008584  1019 _DPTR1	=	0x8584
                           000086  1020 _DPS	=	0x0086
                           0000A0  1021 _E2IE	=	0x00a0
                           0000C0  1022 _E2IP	=	0x00c0
                           000098  1023 _EIE	=	0x0098
                           0000B0  1024 _EIP	=	0x00b0
                           0000A8  1025 _IE	=	0x00a8
                           0000B8  1026 _IP	=	0x00b8
                           000087  1027 _PCON	=	0x0087
                           0000D0  1028 _PSW	=	0x00d0
                           000081  1029 _SP	=	0x0081
                           0000D9  1030 _XPAGE	=	0x00d9
                           0000D9  1031 __XPAGE	=	0x00d9
                           0000CA  1032 _ADCCH0CONFIG	=	0x00ca
                           0000CB  1033 _ADCCH1CONFIG	=	0x00cb
                           0000D2  1034 _ADCCH2CONFIG	=	0x00d2
                           0000D3  1035 _ADCCH3CONFIG	=	0x00d3
                           0000D1  1036 _ADCCLKSRC	=	0x00d1
                           0000C9  1037 _ADCCONV	=	0x00c9
                           0000E1  1038 _ANALOGCOMP	=	0x00e1
                           0000C6  1039 _CLKCON	=	0x00c6
                           0000C7  1040 _CLKSTAT	=	0x00c7
                           000097  1041 _CODECONFIG	=	0x0097
                           0000E3  1042 _DBGLNKBUF	=	0x00e3
                           0000E2  1043 _DBGLNKSTAT	=	0x00e2
                           000089  1044 _DIRA	=	0x0089
                           00008A  1045 _DIRB	=	0x008a
                           00008B  1046 _DIRC	=	0x008b
                           00008E  1047 _DIRR	=	0x008e
                           0000C8  1048 _PINA	=	0x00c8
                           0000E8  1049 _PINB	=	0x00e8
                           0000F8  1050 _PINC	=	0x00f8
                           00008D  1051 _PINR	=	0x008d
                           000080  1052 _PORTA	=	0x0080
                           000088  1053 _PORTB	=	0x0088
                           000090  1054 _PORTC	=	0x0090
                           00008C  1055 _PORTR	=	0x008c
                           0000CE  1056 _IC0CAPT0	=	0x00ce
                           0000CF  1057 _IC0CAPT1	=	0x00cf
                           00CFCE  1058 _IC0CAPT	=	0xcfce
                           0000CC  1059 _IC0MODE	=	0x00cc
                           0000CD  1060 _IC0STATUS	=	0x00cd
                           0000D6  1061 _IC1CAPT0	=	0x00d6
                           0000D7  1062 _IC1CAPT1	=	0x00d7
                           00D7D6  1063 _IC1CAPT	=	0xd7d6
                           0000D4  1064 _IC1MODE	=	0x00d4
                           0000D5  1065 _IC1STATUS	=	0x00d5
                           000092  1066 _NVADDR0	=	0x0092
                           000093  1067 _NVADDR1	=	0x0093
                           009392  1068 _NVADDR	=	0x9392
                           000094  1069 _NVDATA0	=	0x0094
                           000095  1070 _NVDATA1	=	0x0095
                           009594  1071 _NVDATA	=	0x9594
                           000096  1072 _NVKEY	=	0x0096
                           000091  1073 _NVSTATUS	=	0x0091
                           0000BC  1074 _OC0COMP0	=	0x00bc
                           0000BD  1075 _OC0COMP1	=	0x00bd
                           00BDBC  1076 _OC0COMP	=	0xbdbc
                           0000B9  1077 _OC0MODE	=	0x00b9
                           0000BA  1078 _OC0PIN	=	0x00ba
                           0000BB  1079 _OC0STATUS	=	0x00bb
                           0000C4  1080 _OC1COMP0	=	0x00c4
                           0000C5  1081 _OC1COMP1	=	0x00c5
                           00C5C4  1082 _OC1COMP	=	0xc5c4
                           0000C1  1083 _OC1MODE	=	0x00c1
                           0000C2  1084 _OC1PIN	=	0x00c2
                           0000C3  1085 _OC1STATUS	=	0x00c3
                           0000B1  1086 _RADIOACC	=	0x00b1
                           0000B3  1087 _RADIOADDR0	=	0x00b3
                           0000B2  1088 _RADIOADDR1	=	0x00b2
                           00B2B3  1089 _RADIOADDR	=	0xb2b3
                           0000B7  1090 _RADIODATA0	=	0x00b7
                           0000B6  1091 _RADIODATA1	=	0x00b6
                           0000B5  1092 _RADIODATA2	=	0x00b5
                           0000B4  1093 _RADIODATA3	=	0x00b4
                           B4B5B6B7  1094 _RADIODATA	=	0xb4b5b6b7
                           0000BE  1095 _RADIOSTAT0	=	0x00be
                           0000BF  1096 _RADIOSTAT1	=	0x00bf
                           00BFBE  1097 _RADIOSTAT	=	0xbfbe
                           0000DF  1098 _SPCLKSRC	=	0x00df
                           0000DC  1099 _SPMODE	=	0x00dc
                           0000DE  1100 _SPSHREG	=	0x00de
                           0000DD  1101 _SPSTATUS	=	0x00dd
                           00009A  1102 _T0CLKSRC	=	0x009a
                           00009C  1103 _T0CNT0	=	0x009c
                           00009D  1104 _T0CNT1	=	0x009d
                           009D9C  1105 _T0CNT	=	0x9d9c
                           000099  1106 _T0MODE	=	0x0099
                           00009E  1107 _T0PERIOD0	=	0x009e
                           00009F  1108 _T0PERIOD1	=	0x009f
                           009F9E  1109 _T0PERIOD	=	0x9f9e
                           00009B  1110 _T0STATUS	=	0x009b
                           0000A2  1111 _T1CLKSRC	=	0x00a2
                           0000A4  1112 _T1CNT0	=	0x00a4
                           0000A5  1113 _T1CNT1	=	0x00a5
                           00A5A4  1114 _T1CNT	=	0xa5a4
                           0000A1  1115 _T1MODE	=	0x00a1
                           0000A6  1116 _T1PERIOD0	=	0x00a6
                           0000A7  1117 _T1PERIOD1	=	0x00a7
                           00A7A6  1118 _T1PERIOD	=	0xa7a6
                           0000A3  1119 _T1STATUS	=	0x00a3
                           0000AA  1120 _T2CLKSRC	=	0x00aa
                           0000AC  1121 _T2CNT0	=	0x00ac
                           0000AD  1122 _T2CNT1	=	0x00ad
                           00ADAC  1123 _T2CNT	=	0xadac
                           0000A9  1124 _T2MODE	=	0x00a9
                           0000AE  1125 _T2PERIOD0	=	0x00ae
                           0000AF  1126 _T2PERIOD1	=	0x00af
                           00AFAE  1127 _T2PERIOD	=	0xafae
                           0000AB  1128 _T2STATUS	=	0x00ab
                           0000E4  1129 _U0CTRL	=	0x00e4
                           0000E7  1130 _U0MODE	=	0x00e7
                           0000E6  1131 _U0SHREG	=	0x00e6
                           0000E5  1132 _U0STATUS	=	0x00e5
                           0000EC  1133 _U1CTRL	=	0x00ec
                           0000EF  1134 _U1MODE	=	0x00ef
                           0000EE  1135 _U1SHREG	=	0x00ee
                           0000ED  1136 _U1STATUS	=	0x00ed
                           0000DA  1137 _WDTCFG	=	0x00da
                           0000DB  1138 _WDTRESET	=	0x00db
                           0000F1  1139 _WTCFGA	=	0x00f1
                           0000F9  1140 _WTCFGB	=	0x00f9
                           0000F2  1141 _WTCNTA0	=	0x00f2
                           0000F3  1142 _WTCNTA1	=	0x00f3
                           00F3F2  1143 _WTCNTA	=	0xf3f2
                           0000FA  1144 _WTCNTB0	=	0x00fa
                           0000FB  1145 _WTCNTB1	=	0x00fb
                           00FBFA  1146 _WTCNTB	=	0xfbfa
                           0000EB  1147 _WTCNTR1	=	0x00eb
                           0000F4  1148 _WTEVTA0	=	0x00f4
                           0000F5  1149 _WTEVTA1	=	0x00f5
                           00F5F4  1150 _WTEVTA	=	0xf5f4
                           0000F6  1151 _WTEVTB0	=	0x00f6
                           0000F7  1152 _WTEVTB1	=	0x00f7
                           00F7F6  1153 _WTEVTB	=	0xf7f6
                           0000FC  1154 _WTEVTC0	=	0x00fc
                           0000FD  1155 _WTEVTC1	=	0x00fd
                           00FDFC  1156 _WTEVTC	=	0xfdfc
                           0000FE  1157 _WTEVTD0	=	0x00fe
                           0000FF  1158 _WTEVTD1	=	0x00ff
                           00FFFE  1159 _WTEVTD	=	0xfffe
                           0000E9  1160 _WTIRQEN	=	0x00e9
                           0000EA  1161 _WTSTAT	=	0x00ea
                                   1162 ;--------------------------------------------------------
                                   1163 ; special function bits
                                   1164 ;--------------------------------------------------------
                                   1165 	.area RSEG    (ABS,DATA)
      000000                       1166 	.org 0x0000
                           0000E0  1167 _ACC_0	=	0x00e0
                           0000E1  1168 _ACC_1	=	0x00e1
                           0000E2  1169 _ACC_2	=	0x00e2
                           0000E3  1170 _ACC_3	=	0x00e3
                           0000E4  1171 _ACC_4	=	0x00e4
                           0000E5  1172 _ACC_5	=	0x00e5
                           0000E6  1173 _ACC_6	=	0x00e6
                           0000E7  1174 _ACC_7	=	0x00e7
                           0000F0  1175 _B_0	=	0x00f0
                           0000F1  1176 _B_1	=	0x00f1
                           0000F2  1177 _B_2	=	0x00f2
                           0000F3  1178 _B_3	=	0x00f3
                           0000F4  1179 _B_4	=	0x00f4
                           0000F5  1180 _B_5	=	0x00f5
                           0000F6  1181 _B_6	=	0x00f6
                           0000F7  1182 _B_7	=	0x00f7
                           0000A0  1183 _E2IE_0	=	0x00a0
                           0000A1  1184 _E2IE_1	=	0x00a1
                           0000A2  1185 _E2IE_2	=	0x00a2
                           0000A3  1186 _E2IE_3	=	0x00a3
                           0000A4  1187 _E2IE_4	=	0x00a4
                           0000A5  1188 _E2IE_5	=	0x00a5
                           0000A6  1189 _E2IE_6	=	0x00a6
                           0000A7  1190 _E2IE_7	=	0x00a7
                           0000C0  1191 _E2IP_0	=	0x00c0
                           0000C1  1192 _E2IP_1	=	0x00c1
                           0000C2  1193 _E2IP_2	=	0x00c2
                           0000C3  1194 _E2IP_3	=	0x00c3
                           0000C4  1195 _E2IP_4	=	0x00c4
                           0000C5  1196 _E2IP_5	=	0x00c5
                           0000C6  1197 _E2IP_6	=	0x00c6
                           0000C7  1198 _E2IP_7	=	0x00c7
                           000098  1199 _EIE_0	=	0x0098
                           000099  1200 _EIE_1	=	0x0099
                           00009A  1201 _EIE_2	=	0x009a
                           00009B  1202 _EIE_3	=	0x009b
                           00009C  1203 _EIE_4	=	0x009c
                           00009D  1204 _EIE_5	=	0x009d
                           00009E  1205 _EIE_6	=	0x009e
                           00009F  1206 _EIE_7	=	0x009f
                           0000B0  1207 _EIP_0	=	0x00b0
                           0000B1  1208 _EIP_1	=	0x00b1
                           0000B2  1209 _EIP_2	=	0x00b2
                           0000B3  1210 _EIP_3	=	0x00b3
                           0000B4  1211 _EIP_4	=	0x00b4
                           0000B5  1212 _EIP_5	=	0x00b5
                           0000B6  1213 _EIP_6	=	0x00b6
                           0000B7  1214 _EIP_7	=	0x00b7
                           0000A8  1215 _IE_0	=	0x00a8
                           0000A9  1216 _IE_1	=	0x00a9
                           0000AA  1217 _IE_2	=	0x00aa
                           0000AB  1218 _IE_3	=	0x00ab
                           0000AC  1219 _IE_4	=	0x00ac
                           0000AD  1220 _IE_5	=	0x00ad
                           0000AE  1221 _IE_6	=	0x00ae
                           0000AF  1222 _IE_7	=	0x00af
                           0000AF  1223 _EA	=	0x00af
                           0000B8  1224 _IP_0	=	0x00b8
                           0000B9  1225 _IP_1	=	0x00b9
                           0000BA  1226 _IP_2	=	0x00ba
                           0000BB  1227 _IP_3	=	0x00bb
                           0000BC  1228 _IP_4	=	0x00bc
                           0000BD  1229 _IP_5	=	0x00bd
                           0000BE  1230 _IP_6	=	0x00be
                           0000BF  1231 _IP_7	=	0x00bf
                           0000D0  1232 _P	=	0x00d0
                           0000D1  1233 _F1	=	0x00d1
                           0000D2  1234 _OV	=	0x00d2
                           0000D3  1235 _RS0	=	0x00d3
                           0000D4  1236 _RS1	=	0x00d4
                           0000D5  1237 _F0	=	0x00d5
                           0000D6  1238 _AC	=	0x00d6
                           0000D7  1239 _CY	=	0x00d7
                           0000C8  1240 _PINA_0	=	0x00c8
                           0000C9  1241 _PINA_1	=	0x00c9
                           0000CA  1242 _PINA_2	=	0x00ca
                           0000CB  1243 _PINA_3	=	0x00cb
                           0000CC  1244 _PINA_4	=	0x00cc
                           0000CD  1245 _PINA_5	=	0x00cd
                           0000CE  1246 _PINA_6	=	0x00ce
                           0000CF  1247 _PINA_7	=	0x00cf
                           0000E8  1248 _PINB_0	=	0x00e8
                           0000E9  1249 _PINB_1	=	0x00e9
                           0000EA  1250 _PINB_2	=	0x00ea
                           0000EB  1251 _PINB_3	=	0x00eb
                           0000EC  1252 _PINB_4	=	0x00ec
                           0000ED  1253 _PINB_5	=	0x00ed
                           0000EE  1254 _PINB_6	=	0x00ee
                           0000EF  1255 _PINB_7	=	0x00ef
                           0000F8  1256 _PINC_0	=	0x00f8
                           0000F9  1257 _PINC_1	=	0x00f9
                           0000FA  1258 _PINC_2	=	0x00fa
                           0000FB  1259 _PINC_3	=	0x00fb
                           0000FC  1260 _PINC_4	=	0x00fc
                           0000FD  1261 _PINC_5	=	0x00fd
                           0000FE  1262 _PINC_6	=	0x00fe
                           0000FF  1263 _PINC_7	=	0x00ff
                           000080  1264 _PORTA_0	=	0x0080
                           000081  1265 _PORTA_1	=	0x0081
                           000082  1266 _PORTA_2	=	0x0082
                           000083  1267 _PORTA_3	=	0x0083
                           000084  1268 _PORTA_4	=	0x0084
                           000085  1269 _PORTA_5	=	0x0085
                           000086  1270 _PORTA_6	=	0x0086
                           000087  1271 _PORTA_7	=	0x0087
                           000088  1272 _PORTB_0	=	0x0088
                           000089  1273 _PORTB_1	=	0x0089
                           00008A  1274 _PORTB_2	=	0x008a
                           00008B  1275 _PORTB_3	=	0x008b
                           00008C  1276 _PORTB_4	=	0x008c
                           00008D  1277 _PORTB_5	=	0x008d
                           00008E  1278 _PORTB_6	=	0x008e
                           00008F  1279 _PORTB_7	=	0x008f
                           000090  1280 _PORTC_0	=	0x0090
                           000091  1281 _PORTC_1	=	0x0091
                           000092  1282 _PORTC_2	=	0x0092
                           000093  1283 _PORTC_3	=	0x0093
                           000094  1284 _PORTC_4	=	0x0094
                           000095  1285 _PORTC_5	=	0x0095
                           000096  1286 _PORTC_6	=	0x0096
                           000097  1287 _PORTC_7	=	0x0097
                                   1288 ;--------------------------------------------------------
                                   1289 ; overlayable register banks
                                   1290 ;--------------------------------------------------------
                                   1291 	.area REG_BANK_0	(REL,OVR,DATA)
      000000                       1292 	.ds 8
                                   1293 ;--------------------------------------------------------
                                   1294 ; internal ram data
                                   1295 ;--------------------------------------------------------
                                   1296 	.area DSEG    (DATA)
                                   1297 ;--------------------------------------------------------
                                   1298 ; overlayable items in internal ram 
                                   1299 ;--------------------------------------------------------
                                   1300 ;--------------------------------------------------------
                                   1301 ; indirectly addressable internal ram data
                                   1302 ;--------------------------------------------------------
                                   1303 	.area ISEG    (DATA)
                                   1304 ;--------------------------------------------------------
                                   1305 ; absolute internal ram data
                                   1306 ;--------------------------------------------------------
                                   1307 	.area IABS    (ABS,DATA)
                                   1308 	.area IABS    (ABS,DATA)
                                   1309 ;--------------------------------------------------------
                                   1310 ; bit data
                                   1311 ;--------------------------------------------------------
                                   1312 	.area BSEG    (BIT)
                                   1313 ;--------------------------------------------------------
                                   1314 ; paged external ram data
                                   1315 ;--------------------------------------------------------
                                   1316 	.area PSEG    (PAG,XDATA)
                                   1317 ;--------------------------------------------------------
                                   1318 ; external ram data
                                   1319 ;--------------------------------------------------------
                                   1320 	.area XSEG    (XDATA)
                           007020  1321 _ADCCH0VAL0	=	0x7020
                           007021  1322 _ADCCH0VAL1	=	0x7021
                           007020  1323 _ADCCH0VAL	=	0x7020
                           007022  1324 _ADCCH1VAL0	=	0x7022
                           007023  1325 _ADCCH1VAL1	=	0x7023
                           007022  1326 _ADCCH1VAL	=	0x7022
                           007024  1327 _ADCCH2VAL0	=	0x7024
                           007025  1328 _ADCCH2VAL1	=	0x7025
                           007024  1329 _ADCCH2VAL	=	0x7024
                           007026  1330 _ADCCH3VAL0	=	0x7026
                           007027  1331 _ADCCH3VAL1	=	0x7027
                           007026  1332 _ADCCH3VAL	=	0x7026
                           007028  1333 _ADCTUNE0	=	0x7028
                           007029  1334 _ADCTUNE1	=	0x7029
                           00702A  1335 _ADCTUNE2	=	0x702a
                           007010  1336 _DMA0ADDR0	=	0x7010
                           007011  1337 _DMA0ADDR1	=	0x7011
                           007010  1338 _DMA0ADDR	=	0x7010
                           007014  1339 _DMA0CONFIG	=	0x7014
                           007012  1340 _DMA1ADDR0	=	0x7012
                           007013  1341 _DMA1ADDR1	=	0x7013
                           007012  1342 _DMA1ADDR	=	0x7012
                           007015  1343 _DMA1CONFIG	=	0x7015
                           007070  1344 _FRCOSCCONFIG	=	0x7070
                           007071  1345 _FRCOSCCTRL	=	0x7071
                           007076  1346 _FRCOSCFREQ0	=	0x7076
                           007077  1347 _FRCOSCFREQ1	=	0x7077
                           007076  1348 _FRCOSCFREQ	=	0x7076
                           007072  1349 _FRCOSCKFILT0	=	0x7072
                           007073  1350 _FRCOSCKFILT1	=	0x7073
                           007072  1351 _FRCOSCKFILT	=	0x7072
                           007078  1352 _FRCOSCPER0	=	0x7078
                           007079  1353 _FRCOSCPER1	=	0x7079
                           007078  1354 _FRCOSCPER	=	0x7078
                           007074  1355 _FRCOSCREF0	=	0x7074
                           007075  1356 _FRCOSCREF1	=	0x7075
                           007074  1357 _FRCOSCREF	=	0x7074
                           007007  1358 _ANALOGA	=	0x7007
                           00700C  1359 _GPIOENABLE	=	0x700c
                           007003  1360 _EXTIRQ	=	0x7003
                           007000  1361 _INTCHGA	=	0x7000
                           007001  1362 _INTCHGB	=	0x7001
                           007002  1363 _INTCHGC	=	0x7002
                           007008  1364 _PALTA	=	0x7008
                           007009  1365 _PALTB	=	0x7009
                           00700A  1366 _PALTC	=	0x700a
                           007046  1367 _PALTRADIO	=	0x7046
                           007004  1368 _PINCHGA	=	0x7004
                           007005  1369 _PINCHGB	=	0x7005
                           007006  1370 _PINCHGC	=	0x7006
                           00700B  1371 _PINSEL	=	0x700b
                           007060  1372 _LPOSCCONFIG	=	0x7060
                           007066  1373 _LPOSCFREQ0	=	0x7066
                           007067  1374 _LPOSCFREQ1	=	0x7067
                           007066  1375 _LPOSCFREQ	=	0x7066
                           007062  1376 _LPOSCKFILT0	=	0x7062
                           007063  1377 _LPOSCKFILT1	=	0x7063
                           007062  1378 _LPOSCKFILT	=	0x7062
                           007068  1379 _LPOSCPER0	=	0x7068
                           007069  1380 _LPOSCPER1	=	0x7069
                           007068  1381 _LPOSCPER	=	0x7068
                           007064  1382 _LPOSCREF0	=	0x7064
                           007065  1383 _LPOSCREF1	=	0x7065
                           007064  1384 _LPOSCREF	=	0x7064
                           007054  1385 _LPXOSCGM	=	0x7054
                           007F01  1386 _MISCCTRL	=	0x7f01
                           007053  1387 _OSCCALIB	=	0x7053
                           007050  1388 _OSCFORCERUN	=	0x7050
                           007052  1389 _OSCREADY	=	0x7052
                           007051  1390 _OSCRUN	=	0x7051
                           007040  1391 _RADIOFDATAADDR0	=	0x7040
                           007041  1392 _RADIOFDATAADDR1	=	0x7041
                           007040  1393 _RADIOFDATAADDR	=	0x7040
                           007042  1394 _RADIOFSTATADDR0	=	0x7042
                           007043  1395 _RADIOFSTATADDR1	=	0x7043
                           007042  1396 _RADIOFSTATADDR	=	0x7042
                           007044  1397 _RADIOMUX	=	0x7044
                           007084  1398 _SCRATCH0	=	0x7084
                           007085  1399 _SCRATCH1	=	0x7085
                           007086  1400 _SCRATCH2	=	0x7086
                           007087  1401 _SCRATCH3	=	0x7087
                           007F00  1402 _SILICONREV	=	0x7f00
                           007F19  1403 _XTALAMPL	=	0x7f19
                           007F18  1404 _XTALOSC	=	0x7f18
                           007F1A  1405 _XTALREADY	=	0x7f1a
                           004114  1406 _AX5043_AFSKCTRL	=	0x4114
                           004113  1407 _AX5043_AFSKMARK0	=	0x4113
                           004112  1408 _AX5043_AFSKMARK1	=	0x4112
                           004111  1409 _AX5043_AFSKSPACE0	=	0x4111
                           004110  1410 _AX5043_AFSKSPACE1	=	0x4110
                           004043  1411 _AX5043_AGCCOUNTER	=	0x4043
                           004115  1412 _AX5043_AMPLFILTER	=	0x4115
                           004189  1413 _AX5043_BBOFFSCAP	=	0x4189
                           004188  1414 _AX5043_BBTUNE	=	0x4188
                           004041  1415 _AX5043_BGNDRSSI	=	0x4041
                           00422E  1416 _AX5043_BGNDRSSIGAIN	=	0x422e
                           00422F  1417 _AX5043_BGNDRSSITHR	=	0x422f
                           004017  1418 _AX5043_CRCINIT0	=	0x4017
                           004016  1419 _AX5043_CRCINIT1	=	0x4016
                           004015  1420 _AX5043_CRCINIT2	=	0x4015
                           004014  1421 _AX5043_CRCINIT3	=	0x4014
                           004332  1422 _AX5043_DACCONFIG	=	0x4332
                           004331  1423 _AX5043_DACVALUE0	=	0x4331
                           004330  1424 _AX5043_DACVALUE1	=	0x4330
                           004102  1425 _AX5043_DECIMATION	=	0x4102
                           004042  1426 _AX5043_DIVERSITY	=	0x4042
                           004011  1427 _AX5043_ENCODING	=	0x4011
                           004018  1428 _AX5043_FEC	=	0x4018
                           00401A  1429 _AX5043_FECSTATUS	=	0x401a
                           004019  1430 _AX5043_FECSYNC	=	0x4019
                           00402B  1431 _AX5043_FIFOCOUNT0	=	0x402b
                           00402A  1432 _AX5043_FIFOCOUNT1	=	0x402a
                           004029  1433 _AX5043_FIFODATA	=	0x4029
                           00402D  1434 _AX5043_FIFOFREE0	=	0x402d
                           00402C  1435 _AX5043_FIFOFREE1	=	0x402c
                           004028  1436 _AX5043_FIFOSTAT	=	0x4028
                           00402F  1437 _AX5043_FIFOTHRESH0	=	0x402f
                           00402E  1438 _AX5043_FIFOTHRESH1	=	0x402e
                           004012  1439 _AX5043_FRAMING	=	0x4012
                           004037  1440 _AX5043_FREQA0	=	0x4037
                           004036  1441 _AX5043_FREQA1	=	0x4036
                           004035  1442 _AX5043_FREQA2	=	0x4035
                           004034  1443 _AX5043_FREQA3	=	0x4034
                           00403F  1444 _AX5043_FREQB0	=	0x403f
                           00403E  1445 _AX5043_FREQB1	=	0x403e
                           00403D  1446 _AX5043_FREQB2	=	0x403d
                           00403C  1447 _AX5043_FREQB3	=	0x403c
                           004163  1448 _AX5043_FSKDEV0	=	0x4163
                           004162  1449 _AX5043_FSKDEV1	=	0x4162
                           004161  1450 _AX5043_FSKDEV2	=	0x4161
                           00410D  1451 _AX5043_FSKDMAX0	=	0x410d
                           00410C  1452 _AX5043_FSKDMAX1	=	0x410c
                           00410F  1453 _AX5043_FSKDMIN0	=	0x410f
                           00410E  1454 _AX5043_FSKDMIN1	=	0x410e
                           004309  1455 _AX5043_GPADC13VALUE0	=	0x4309
                           004308  1456 _AX5043_GPADC13VALUE1	=	0x4308
                           004300  1457 _AX5043_GPADCCTRL	=	0x4300
                           004301  1458 _AX5043_GPADCPERIOD	=	0x4301
                           004101  1459 _AX5043_IFFREQ0	=	0x4101
                           004100  1460 _AX5043_IFFREQ1	=	0x4100
                           00400B  1461 _AX5043_IRQINVERSION0	=	0x400b
                           00400A  1462 _AX5043_IRQINVERSION1	=	0x400a
                           004007  1463 _AX5043_IRQMASK0	=	0x4007
                           004006  1464 _AX5043_IRQMASK1	=	0x4006
                           00400D  1465 _AX5043_IRQREQUEST0	=	0x400d
                           00400C  1466 _AX5043_IRQREQUEST1	=	0x400c
                           004310  1467 _AX5043_LPOSCCONFIG	=	0x4310
                           004317  1468 _AX5043_LPOSCFREQ0	=	0x4317
                           004316  1469 _AX5043_LPOSCFREQ1	=	0x4316
                           004313  1470 _AX5043_LPOSCKFILT0	=	0x4313
                           004312  1471 _AX5043_LPOSCKFILT1	=	0x4312
                           004319  1472 _AX5043_LPOSCPER0	=	0x4319
                           004318  1473 _AX5043_LPOSCPER1	=	0x4318
                           004315  1474 _AX5043_LPOSCREF0	=	0x4315
                           004314  1475 _AX5043_LPOSCREF1	=	0x4314
                           004311  1476 _AX5043_LPOSCSTATUS	=	0x4311
                           004214  1477 _AX5043_MATCH0LEN	=	0x4214
                           004216  1478 _AX5043_MATCH0MAX	=	0x4216
                           004215  1479 _AX5043_MATCH0MIN	=	0x4215
                           004213  1480 _AX5043_MATCH0PAT0	=	0x4213
                           004212  1481 _AX5043_MATCH0PAT1	=	0x4212
                           004211  1482 _AX5043_MATCH0PAT2	=	0x4211
                           004210  1483 _AX5043_MATCH0PAT3	=	0x4210
                           00421C  1484 _AX5043_MATCH1LEN	=	0x421c
                           00421E  1485 _AX5043_MATCH1MAX	=	0x421e
                           00421D  1486 _AX5043_MATCH1MIN	=	0x421d
                           004219  1487 _AX5043_MATCH1PAT0	=	0x4219
                           004218  1488 _AX5043_MATCH1PAT1	=	0x4218
                           004108  1489 _AX5043_MAXDROFFSET0	=	0x4108
                           004107  1490 _AX5043_MAXDROFFSET1	=	0x4107
                           004106  1491 _AX5043_MAXDROFFSET2	=	0x4106
                           00410B  1492 _AX5043_MAXRFOFFSET0	=	0x410b
                           00410A  1493 _AX5043_MAXRFOFFSET1	=	0x410a
                           004109  1494 _AX5043_MAXRFOFFSET2	=	0x4109
                           004164  1495 _AX5043_MODCFGA	=	0x4164
                           004160  1496 _AX5043_MODCFGF	=	0x4160
                           004F5F  1497 _AX5043_MODCFGP	=	0x4f5f
                           004010  1498 _AX5043_MODULATION	=	0x4010
                           004025  1499 _AX5043_PINFUNCANTSEL	=	0x4025
                           004023  1500 _AX5043_PINFUNCDATA	=	0x4023
                           004022  1501 _AX5043_PINFUNCDCLK	=	0x4022
                           004024  1502 _AX5043_PINFUNCIRQ	=	0x4024
                           004026  1503 _AX5043_PINFUNCPWRAMP	=	0x4026
                           004021  1504 _AX5043_PINFUNCSYSCLK	=	0x4021
                           004020  1505 _AX5043_PINSTATE	=	0x4020
                           004233  1506 _AX5043_PKTACCEPTFLAGS	=	0x4233
                           004230  1507 _AX5043_PKTCHUNKSIZE	=	0x4230
                           004231  1508 _AX5043_PKTMISCFLAGS	=	0x4231
                           004232  1509 _AX5043_PKTSTOREFLAGS	=	0x4232
                           004031  1510 _AX5043_PLLCPI	=	0x4031
                           004039  1511 _AX5043_PLLCPIBOOST	=	0x4039
                           004182  1512 _AX5043_PLLLOCKDET	=	0x4182
                           004030  1513 _AX5043_PLLLOOP	=	0x4030
                           004038  1514 _AX5043_PLLLOOPBOOST	=	0x4038
                           004033  1515 _AX5043_PLLRANGINGA	=	0x4033
                           00403B  1516 _AX5043_PLLRANGINGB	=	0x403b
                           004183  1517 _AX5043_PLLRNGCLK	=	0x4183
                           004032  1518 _AX5043_PLLVCODIV	=	0x4032
                           004180  1519 _AX5043_PLLVCOI	=	0x4180
                           004181  1520 _AX5043_PLLVCOIR	=	0x4181
                           004F08  1521 _AX5043_POWCTRL1	=	0x4f08
                           004005  1522 _AX5043_POWIRQMASK	=	0x4005
                           004003  1523 _AX5043_POWSTAT	=	0x4003
                           004004  1524 _AX5043_POWSTICKYSTAT	=	0x4004
                           004027  1525 _AX5043_PWRAMP	=	0x4027
                           004002  1526 _AX5043_PWRMODE	=	0x4002
                           004009  1527 _AX5043_RADIOEVENTMASK0	=	0x4009
                           004008  1528 _AX5043_RADIOEVENTMASK1	=	0x4008
                           00400F  1529 _AX5043_RADIOEVENTREQ0	=	0x400f
                           00400E  1530 _AX5043_RADIOEVENTREQ1	=	0x400e
                           00401C  1531 _AX5043_RADIOSTATE	=	0x401c
                           004F0D  1532 _AX5043_REF	=	0x4f0d
                           004040  1533 _AX5043_RSSI	=	0x4040
                           00422D  1534 _AX5043_RSSIABSTHR	=	0x422d
                           00422C  1535 _AX5043_RSSIREFERENCE	=	0x422c
                           004105  1536 _AX5043_RXDATARATE0	=	0x4105
                           004104  1537 _AX5043_RXDATARATE1	=	0x4104
                           004103  1538 _AX5043_RXDATARATE2	=	0x4103
                           004001  1539 _AX5043_SCRATCH	=	0x4001
                           004000  1540 _AX5043_SILICONREVISION	=	0x4000
                           00405B  1541 _AX5043_TIMER0	=	0x405b
                           00405A  1542 _AX5043_TIMER1	=	0x405a
                           004059  1543 _AX5043_TIMER2	=	0x4059
                           004227  1544 _AX5043_TMGRXAGC	=	0x4227
                           004223  1545 _AX5043_TMGRXBOOST	=	0x4223
                           004226  1546 _AX5043_TMGRXCOARSEAGC	=	0x4226
                           004225  1547 _AX5043_TMGRXOFFSACQ	=	0x4225
                           004229  1548 _AX5043_TMGRXPREAMBLE1	=	0x4229
                           00422A  1549 _AX5043_TMGRXPREAMBLE2	=	0x422a
                           00422B  1550 _AX5043_TMGRXPREAMBLE3	=	0x422b
                           004228  1551 _AX5043_TMGRXRSSI	=	0x4228
                           004224  1552 _AX5043_TMGRXSETTLE	=	0x4224
                           004220  1553 _AX5043_TMGTXBOOST	=	0x4220
                           004221  1554 _AX5043_TMGTXSETTLE	=	0x4221
                           004055  1555 _AX5043_TRKAFSKDEMOD0	=	0x4055
                           004054  1556 _AX5043_TRKAFSKDEMOD1	=	0x4054
                           004049  1557 _AX5043_TRKAMPLITUDE0	=	0x4049
                           004048  1558 _AX5043_TRKAMPLITUDE1	=	0x4048
                           004047  1559 _AX5043_TRKDATARATE0	=	0x4047
                           004046  1560 _AX5043_TRKDATARATE1	=	0x4046
                           004045  1561 _AX5043_TRKDATARATE2	=	0x4045
                           004051  1562 _AX5043_TRKFREQ0	=	0x4051
                           004050  1563 _AX5043_TRKFREQ1	=	0x4050
                           004053  1564 _AX5043_TRKFSKDEMOD0	=	0x4053
                           004052  1565 _AX5043_TRKFSKDEMOD1	=	0x4052
                           00404B  1566 _AX5043_TRKPHASE0	=	0x404b
                           00404A  1567 _AX5043_TRKPHASE1	=	0x404a
                           00404F  1568 _AX5043_TRKRFFREQ0	=	0x404f
                           00404E  1569 _AX5043_TRKRFFREQ1	=	0x404e
                           00404D  1570 _AX5043_TRKRFFREQ2	=	0x404d
                           004169  1571 _AX5043_TXPWRCOEFFA0	=	0x4169
                           004168  1572 _AX5043_TXPWRCOEFFA1	=	0x4168
                           00416B  1573 _AX5043_TXPWRCOEFFB0	=	0x416b
                           00416A  1574 _AX5043_TXPWRCOEFFB1	=	0x416a
                           00416D  1575 _AX5043_TXPWRCOEFFC0	=	0x416d
                           00416C  1576 _AX5043_TXPWRCOEFFC1	=	0x416c
                           00416F  1577 _AX5043_TXPWRCOEFFD0	=	0x416f
                           00416E  1578 _AX5043_TXPWRCOEFFD1	=	0x416e
                           004171  1579 _AX5043_TXPWRCOEFFE0	=	0x4171
                           004170  1580 _AX5043_TXPWRCOEFFE1	=	0x4170
                           004167  1581 _AX5043_TXRATE0	=	0x4167
                           004166  1582 _AX5043_TXRATE1	=	0x4166
                           004165  1583 _AX5043_TXRATE2	=	0x4165
                           00406B  1584 _AX5043_WAKEUP0	=	0x406b
                           00406A  1585 _AX5043_WAKEUP1	=	0x406a
                           00406D  1586 _AX5043_WAKEUPFREQ0	=	0x406d
                           00406C  1587 _AX5043_WAKEUPFREQ1	=	0x406c
                           004069  1588 _AX5043_WAKEUPTIMER0	=	0x4069
                           004068  1589 _AX5043_WAKEUPTIMER1	=	0x4068
                           00406E  1590 _AX5043_WAKEUPXOEARLY	=	0x406e
                           004F11  1591 _AX5043_XTALAMPL	=	0x4f11
                           004184  1592 _AX5043_XTALCAP	=	0x4184
                           004F10  1593 _AX5043_XTALOSC	=	0x4f10
                           00401D  1594 _AX5043_XTALSTATUS	=	0x401d
                           004F00  1595 _AX5043_0xF00	=	0x4f00
                           004F0C  1596 _AX5043_0xF0C	=	0x4f0c
                           004F18  1597 _AX5043_0xF18	=	0x4f18
                           004F1C  1598 _AX5043_0xF1C	=	0x4f1c
                           004F21  1599 _AX5043_0xF21	=	0x4f21
                           004F22  1600 _AX5043_0xF22	=	0x4f22
                           004F23  1601 _AX5043_0xF23	=	0x4f23
                           004F26  1602 _AX5043_0xF26	=	0x4f26
                           004F30  1603 _AX5043_0xF30	=	0x4f30
                           004F31  1604 _AX5043_0xF31	=	0x4f31
                           004F32  1605 _AX5043_0xF32	=	0x4f32
                           004F33  1606 _AX5043_0xF33	=	0x4f33
                           004F34  1607 _AX5043_0xF34	=	0x4f34
                           004F35  1608 _AX5043_0xF35	=	0x4f35
                           004F44  1609 _AX5043_0xF44	=	0x4f44
                           004122  1610 _AX5043_AGCAHYST0	=	0x4122
                           004132  1611 _AX5043_AGCAHYST1	=	0x4132
                           004142  1612 _AX5043_AGCAHYST2	=	0x4142
                           004152  1613 _AX5043_AGCAHYST3	=	0x4152
                           004120  1614 _AX5043_AGCGAIN0	=	0x4120
                           004130  1615 _AX5043_AGCGAIN1	=	0x4130
                           004140  1616 _AX5043_AGCGAIN2	=	0x4140
                           004150  1617 _AX5043_AGCGAIN3	=	0x4150
                           004123  1618 _AX5043_AGCMINMAX0	=	0x4123
                           004133  1619 _AX5043_AGCMINMAX1	=	0x4133
                           004143  1620 _AX5043_AGCMINMAX2	=	0x4143
                           004153  1621 _AX5043_AGCMINMAX3	=	0x4153
                           004121  1622 _AX5043_AGCTARGET0	=	0x4121
                           004131  1623 _AX5043_AGCTARGET1	=	0x4131
                           004141  1624 _AX5043_AGCTARGET2	=	0x4141
                           004151  1625 _AX5043_AGCTARGET3	=	0x4151
                           00412B  1626 _AX5043_AMPLITUDEGAIN0	=	0x412b
                           00413B  1627 _AX5043_AMPLITUDEGAIN1	=	0x413b
                           00414B  1628 _AX5043_AMPLITUDEGAIN2	=	0x414b
                           00415B  1629 _AX5043_AMPLITUDEGAIN3	=	0x415b
                           00412F  1630 _AX5043_BBOFFSRES0	=	0x412f
                           00413F  1631 _AX5043_BBOFFSRES1	=	0x413f
                           00414F  1632 _AX5043_BBOFFSRES2	=	0x414f
                           00415F  1633 _AX5043_BBOFFSRES3	=	0x415f
                           004125  1634 _AX5043_DRGAIN0	=	0x4125
                           004135  1635 _AX5043_DRGAIN1	=	0x4135
                           004145  1636 _AX5043_DRGAIN2	=	0x4145
                           004155  1637 _AX5043_DRGAIN3	=	0x4155
                           00412E  1638 _AX5043_FOURFSK0	=	0x412e
                           00413E  1639 _AX5043_FOURFSK1	=	0x413e
                           00414E  1640 _AX5043_FOURFSK2	=	0x414e
                           00415E  1641 _AX5043_FOURFSK3	=	0x415e
                           00412D  1642 _AX5043_FREQDEV00	=	0x412d
                           00413D  1643 _AX5043_FREQDEV01	=	0x413d
                           00414D  1644 _AX5043_FREQDEV02	=	0x414d
                           00415D  1645 _AX5043_FREQDEV03	=	0x415d
                           00412C  1646 _AX5043_FREQDEV10	=	0x412c
                           00413C  1647 _AX5043_FREQDEV11	=	0x413c
                           00414C  1648 _AX5043_FREQDEV12	=	0x414c
                           00415C  1649 _AX5043_FREQDEV13	=	0x415c
                           004127  1650 _AX5043_FREQUENCYGAINA0	=	0x4127
                           004137  1651 _AX5043_FREQUENCYGAINA1	=	0x4137
                           004147  1652 _AX5043_FREQUENCYGAINA2	=	0x4147
                           004157  1653 _AX5043_FREQUENCYGAINA3	=	0x4157
                           004128  1654 _AX5043_FREQUENCYGAINB0	=	0x4128
                           004138  1655 _AX5043_FREQUENCYGAINB1	=	0x4138
                           004148  1656 _AX5043_FREQUENCYGAINB2	=	0x4148
                           004158  1657 _AX5043_FREQUENCYGAINB3	=	0x4158
                           004129  1658 _AX5043_FREQUENCYGAINC0	=	0x4129
                           004139  1659 _AX5043_FREQUENCYGAINC1	=	0x4139
                           004149  1660 _AX5043_FREQUENCYGAINC2	=	0x4149
                           004159  1661 _AX5043_FREQUENCYGAINC3	=	0x4159
                           00412A  1662 _AX5043_FREQUENCYGAIND0	=	0x412a
                           00413A  1663 _AX5043_FREQUENCYGAIND1	=	0x413a
                           00414A  1664 _AX5043_FREQUENCYGAIND2	=	0x414a
                           00415A  1665 _AX5043_FREQUENCYGAIND3	=	0x415a
                           004116  1666 _AX5043_FREQUENCYLEAK	=	0x4116
                           004126  1667 _AX5043_PHASEGAIN0	=	0x4126
                           004136  1668 _AX5043_PHASEGAIN1	=	0x4136
                           004146  1669 _AX5043_PHASEGAIN2	=	0x4146
                           004156  1670 _AX5043_PHASEGAIN3	=	0x4156
                           004207  1671 _AX5043_PKTADDR0	=	0x4207
                           004206  1672 _AX5043_PKTADDR1	=	0x4206
                           004205  1673 _AX5043_PKTADDR2	=	0x4205
                           004204  1674 _AX5043_PKTADDR3	=	0x4204
                           004200  1675 _AX5043_PKTADDRCFG	=	0x4200
                           00420B  1676 _AX5043_PKTADDRMASK0	=	0x420b
                           00420A  1677 _AX5043_PKTADDRMASK1	=	0x420a
                           004209  1678 _AX5043_PKTADDRMASK2	=	0x4209
                           004208  1679 _AX5043_PKTADDRMASK3	=	0x4208
                           004201  1680 _AX5043_PKTLENCFG	=	0x4201
                           004202  1681 _AX5043_PKTLENOFFSET	=	0x4202
                           004203  1682 _AX5043_PKTMAXLEN	=	0x4203
                           004118  1683 _AX5043_RXPARAMCURSET	=	0x4118
                           004117  1684 _AX5043_RXPARAMSETS	=	0x4117
                           004124  1685 _AX5043_TIMEGAIN0	=	0x4124
                           004134  1686 _AX5043_TIMEGAIN1	=	0x4134
                           004144  1687 _AX5043_TIMEGAIN2	=	0x4144
                           004154  1688 _AX5043_TIMEGAIN3	=	0x4154
                           005114  1689 _AX5043_AFSKCTRLNB	=	0x5114
                           005113  1690 _AX5043_AFSKMARK0NB	=	0x5113
                           005112  1691 _AX5043_AFSKMARK1NB	=	0x5112
                           005111  1692 _AX5043_AFSKSPACE0NB	=	0x5111
                           005110  1693 _AX5043_AFSKSPACE1NB	=	0x5110
                           005043  1694 _AX5043_AGCCOUNTERNB	=	0x5043
                           005115  1695 _AX5043_AMPLFILTERNB	=	0x5115
                           005189  1696 _AX5043_BBOFFSCAPNB	=	0x5189
                           005188  1697 _AX5043_BBTUNENB	=	0x5188
                           005041  1698 _AX5043_BGNDRSSINB	=	0x5041
                           00522E  1699 _AX5043_BGNDRSSIGAINNB	=	0x522e
                           00522F  1700 _AX5043_BGNDRSSITHRNB	=	0x522f
                           005017  1701 _AX5043_CRCINIT0NB	=	0x5017
                           005016  1702 _AX5043_CRCINIT1NB	=	0x5016
                           005015  1703 _AX5043_CRCINIT2NB	=	0x5015
                           005014  1704 _AX5043_CRCINIT3NB	=	0x5014
                           005332  1705 _AX5043_DACCONFIGNB	=	0x5332
                           005331  1706 _AX5043_DACVALUE0NB	=	0x5331
                           005330  1707 _AX5043_DACVALUE1NB	=	0x5330
                           005102  1708 _AX5043_DECIMATIONNB	=	0x5102
                           005042  1709 _AX5043_DIVERSITYNB	=	0x5042
                           005011  1710 _AX5043_ENCODINGNB	=	0x5011
                           005018  1711 _AX5043_FECNB	=	0x5018
                           00501A  1712 _AX5043_FECSTATUSNB	=	0x501a
                           005019  1713 _AX5043_FECSYNCNB	=	0x5019
                           00502B  1714 _AX5043_FIFOCOUNT0NB	=	0x502b
                           00502A  1715 _AX5043_FIFOCOUNT1NB	=	0x502a
                           005029  1716 _AX5043_FIFODATANB	=	0x5029
                           00502D  1717 _AX5043_FIFOFREE0NB	=	0x502d
                           00502C  1718 _AX5043_FIFOFREE1NB	=	0x502c
                           005028  1719 _AX5043_FIFOSTATNB	=	0x5028
                           00502F  1720 _AX5043_FIFOTHRESH0NB	=	0x502f
                           00502E  1721 _AX5043_FIFOTHRESH1NB	=	0x502e
                           005012  1722 _AX5043_FRAMINGNB	=	0x5012
                           005037  1723 _AX5043_FREQA0NB	=	0x5037
                           005036  1724 _AX5043_FREQA1NB	=	0x5036
                           005035  1725 _AX5043_FREQA2NB	=	0x5035
                           005034  1726 _AX5043_FREQA3NB	=	0x5034
                           00503F  1727 _AX5043_FREQB0NB	=	0x503f
                           00503E  1728 _AX5043_FREQB1NB	=	0x503e
                           00503D  1729 _AX5043_FREQB2NB	=	0x503d
                           00503C  1730 _AX5043_FREQB3NB	=	0x503c
                           005163  1731 _AX5043_FSKDEV0NB	=	0x5163
                           005162  1732 _AX5043_FSKDEV1NB	=	0x5162
                           005161  1733 _AX5043_FSKDEV2NB	=	0x5161
                           00510D  1734 _AX5043_FSKDMAX0NB	=	0x510d
                           00510C  1735 _AX5043_FSKDMAX1NB	=	0x510c
                           00510F  1736 _AX5043_FSKDMIN0NB	=	0x510f
                           00510E  1737 _AX5043_FSKDMIN1NB	=	0x510e
                           005309  1738 _AX5043_GPADC13VALUE0NB	=	0x5309
                           005308  1739 _AX5043_GPADC13VALUE1NB	=	0x5308
                           005300  1740 _AX5043_GPADCCTRLNB	=	0x5300
                           005301  1741 _AX5043_GPADCPERIODNB	=	0x5301
                           005101  1742 _AX5043_IFFREQ0NB	=	0x5101
                           005100  1743 _AX5043_IFFREQ1NB	=	0x5100
                           00500B  1744 _AX5043_IRQINVERSION0NB	=	0x500b
                           00500A  1745 _AX5043_IRQINVERSION1NB	=	0x500a
                           005007  1746 _AX5043_IRQMASK0NB	=	0x5007
                           005006  1747 _AX5043_IRQMASK1NB	=	0x5006
                           00500D  1748 _AX5043_IRQREQUEST0NB	=	0x500d
                           00500C  1749 _AX5043_IRQREQUEST1NB	=	0x500c
                           005310  1750 _AX5043_LPOSCCONFIGNB	=	0x5310
                           005317  1751 _AX5043_LPOSCFREQ0NB	=	0x5317
                           005316  1752 _AX5043_LPOSCFREQ1NB	=	0x5316
                           005313  1753 _AX5043_LPOSCKFILT0NB	=	0x5313
                           005312  1754 _AX5043_LPOSCKFILT1NB	=	0x5312
                           005319  1755 _AX5043_LPOSCPER0NB	=	0x5319
                           005318  1756 _AX5043_LPOSCPER1NB	=	0x5318
                           005315  1757 _AX5043_LPOSCREF0NB	=	0x5315
                           005314  1758 _AX5043_LPOSCREF1NB	=	0x5314
                           005311  1759 _AX5043_LPOSCSTATUSNB	=	0x5311
                           005214  1760 _AX5043_MATCH0LENNB	=	0x5214
                           005216  1761 _AX5043_MATCH0MAXNB	=	0x5216
                           005215  1762 _AX5043_MATCH0MINNB	=	0x5215
                           005213  1763 _AX5043_MATCH0PAT0NB	=	0x5213
                           005212  1764 _AX5043_MATCH0PAT1NB	=	0x5212
                           005211  1765 _AX5043_MATCH0PAT2NB	=	0x5211
                           005210  1766 _AX5043_MATCH0PAT3NB	=	0x5210
                           00521C  1767 _AX5043_MATCH1LENNB	=	0x521c
                           00521E  1768 _AX5043_MATCH1MAXNB	=	0x521e
                           00521D  1769 _AX5043_MATCH1MINNB	=	0x521d
                           005219  1770 _AX5043_MATCH1PAT0NB	=	0x5219
                           005218  1771 _AX5043_MATCH1PAT1NB	=	0x5218
                           005108  1772 _AX5043_MAXDROFFSET0NB	=	0x5108
                           005107  1773 _AX5043_MAXDROFFSET1NB	=	0x5107
                           005106  1774 _AX5043_MAXDROFFSET2NB	=	0x5106
                           00510B  1775 _AX5043_MAXRFOFFSET0NB	=	0x510b
                           00510A  1776 _AX5043_MAXRFOFFSET1NB	=	0x510a
                           005109  1777 _AX5043_MAXRFOFFSET2NB	=	0x5109
                           005164  1778 _AX5043_MODCFGANB	=	0x5164
                           005160  1779 _AX5043_MODCFGFNB	=	0x5160
                           005F5F  1780 _AX5043_MODCFGPNB	=	0x5f5f
                           005010  1781 _AX5043_MODULATIONNB	=	0x5010
                           005025  1782 _AX5043_PINFUNCANTSELNB	=	0x5025
                           005023  1783 _AX5043_PINFUNCDATANB	=	0x5023
                           005022  1784 _AX5043_PINFUNCDCLKNB	=	0x5022
                           005024  1785 _AX5043_PINFUNCIRQNB	=	0x5024
                           005026  1786 _AX5043_PINFUNCPWRAMPNB	=	0x5026
                           005021  1787 _AX5043_PINFUNCSYSCLKNB	=	0x5021
                           005020  1788 _AX5043_PINSTATENB	=	0x5020
                           005233  1789 _AX5043_PKTACCEPTFLAGSNB	=	0x5233
                           005230  1790 _AX5043_PKTCHUNKSIZENB	=	0x5230
                           005231  1791 _AX5043_PKTMISCFLAGSNB	=	0x5231
                           005232  1792 _AX5043_PKTSTOREFLAGSNB	=	0x5232
                           005031  1793 _AX5043_PLLCPINB	=	0x5031
                           005039  1794 _AX5043_PLLCPIBOOSTNB	=	0x5039
                           005182  1795 _AX5043_PLLLOCKDETNB	=	0x5182
                           005030  1796 _AX5043_PLLLOOPNB	=	0x5030
                           005038  1797 _AX5043_PLLLOOPBOOSTNB	=	0x5038
                           005033  1798 _AX5043_PLLRANGINGANB	=	0x5033
                           00503B  1799 _AX5043_PLLRANGINGBNB	=	0x503b
                           005183  1800 _AX5043_PLLRNGCLKNB	=	0x5183
                           005032  1801 _AX5043_PLLVCODIVNB	=	0x5032
                           005180  1802 _AX5043_PLLVCOINB	=	0x5180
                           005181  1803 _AX5043_PLLVCOIRNB	=	0x5181
                           005F08  1804 _AX5043_POWCTRL1NB	=	0x5f08
                           005005  1805 _AX5043_POWIRQMASKNB	=	0x5005
                           005003  1806 _AX5043_POWSTATNB	=	0x5003
                           005004  1807 _AX5043_POWSTICKYSTATNB	=	0x5004
                           005027  1808 _AX5043_PWRAMPNB	=	0x5027
                           005002  1809 _AX5043_PWRMODENB	=	0x5002
                           005009  1810 _AX5043_RADIOEVENTMASK0NB	=	0x5009
                           005008  1811 _AX5043_RADIOEVENTMASK1NB	=	0x5008
                           00500F  1812 _AX5043_RADIOEVENTREQ0NB	=	0x500f
                           00500E  1813 _AX5043_RADIOEVENTREQ1NB	=	0x500e
                           00501C  1814 _AX5043_RADIOSTATENB	=	0x501c
                           005F0D  1815 _AX5043_REFNB	=	0x5f0d
                           005040  1816 _AX5043_RSSINB	=	0x5040
                           00522D  1817 _AX5043_RSSIABSTHRNB	=	0x522d
                           00522C  1818 _AX5043_RSSIREFERENCENB	=	0x522c
                           005105  1819 _AX5043_RXDATARATE0NB	=	0x5105
                           005104  1820 _AX5043_RXDATARATE1NB	=	0x5104
                           005103  1821 _AX5043_RXDATARATE2NB	=	0x5103
                           005001  1822 _AX5043_SCRATCHNB	=	0x5001
                           005000  1823 _AX5043_SILICONREVISIONNB	=	0x5000
                           00505B  1824 _AX5043_TIMER0NB	=	0x505b
                           00505A  1825 _AX5043_TIMER1NB	=	0x505a
                           005059  1826 _AX5043_TIMER2NB	=	0x5059
                           005227  1827 _AX5043_TMGRXAGCNB	=	0x5227
                           005223  1828 _AX5043_TMGRXBOOSTNB	=	0x5223
                           005226  1829 _AX5043_TMGRXCOARSEAGCNB	=	0x5226
                           005225  1830 _AX5043_TMGRXOFFSACQNB	=	0x5225
                           005229  1831 _AX5043_TMGRXPREAMBLE1NB	=	0x5229
                           00522A  1832 _AX5043_TMGRXPREAMBLE2NB	=	0x522a
                           00522B  1833 _AX5043_TMGRXPREAMBLE3NB	=	0x522b
                           005228  1834 _AX5043_TMGRXRSSINB	=	0x5228
                           005224  1835 _AX5043_TMGRXSETTLENB	=	0x5224
                           005220  1836 _AX5043_TMGTXBOOSTNB	=	0x5220
                           005221  1837 _AX5043_TMGTXSETTLENB	=	0x5221
                           005055  1838 _AX5043_TRKAFSKDEMOD0NB	=	0x5055
                           005054  1839 _AX5043_TRKAFSKDEMOD1NB	=	0x5054
                           005049  1840 _AX5043_TRKAMPLITUDE0NB	=	0x5049
                           005048  1841 _AX5043_TRKAMPLITUDE1NB	=	0x5048
                           005047  1842 _AX5043_TRKDATARATE0NB	=	0x5047
                           005046  1843 _AX5043_TRKDATARATE1NB	=	0x5046
                           005045  1844 _AX5043_TRKDATARATE2NB	=	0x5045
                           005051  1845 _AX5043_TRKFREQ0NB	=	0x5051
                           005050  1846 _AX5043_TRKFREQ1NB	=	0x5050
                           005053  1847 _AX5043_TRKFSKDEMOD0NB	=	0x5053
                           005052  1848 _AX5043_TRKFSKDEMOD1NB	=	0x5052
                           00504B  1849 _AX5043_TRKPHASE0NB	=	0x504b
                           00504A  1850 _AX5043_TRKPHASE1NB	=	0x504a
                           00504F  1851 _AX5043_TRKRFFREQ0NB	=	0x504f
                           00504E  1852 _AX5043_TRKRFFREQ1NB	=	0x504e
                           00504D  1853 _AX5043_TRKRFFREQ2NB	=	0x504d
                           005169  1854 _AX5043_TXPWRCOEFFA0NB	=	0x5169
                           005168  1855 _AX5043_TXPWRCOEFFA1NB	=	0x5168
                           00516B  1856 _AX5043_TXPWRCOEFFB0NB	=	0x516b
                           00516A  1857 _AX5043_TXPWRCOEFFB1NB	=	0x516a
                           00516D  1858 _AX5043_TXPWRCOEFFC0NB	=	0x516d
                           00516C  1859 _AX5043_TXPWRCOEFFC1NB	=	0x516c
                           00516F  1860 _AX5043_TXPWRCOEFFD0NB	=	0x516f
                           00516E  1861 _AX5043_TXPWRCOEFFD1NB	=	0x516e
                           005171  1862 _AX5043_TXPWRCOEFFE0NB	=	0x5171
                           005170  1863 _AX5043_TXPWRCOEFFE1NB	=	0x5170
                           005167  1864 _AX5043_TXRATE0NB	=	0x5167
                           005166  1865 _AX5043_TXRATE1NB	=	0x5166
                           005165  1866 _AX5043_TXRATE2NB	=	0x5165
                           00506B  1867 _AX5043_WAKEUP0NB	=	0x506b
                           00506A  1868 _AX5043_WAKEUP1NB	=	0x506a
                           00506D  1869 _AX5043_WAKEUPFREQ0NB	=	0x506d
                           00506C  1870 _AX5043_WAKEUPFREQ1NB	=	0x506c
                           005069  1871 _AX5043_WAKEUPTIMER0NB	=	0x5069
                           005068  1872 _AX5043_WAKEUPTIMER1NB	=	0x5068
                           00506E  1873 _AX5043_WAKEUPXOEARLYNB	=	0x506e
                           005F11  1874 _AX5043_XTALAMPLNB	=	0x5f11
                           005184  1875 _AX5043_XTALCAPNB	=	0x5184
                           005F10  1876 _AX5043_XTALOSCNB	=	0x5f10
                           00501D  1877 _AX5043_XTALSTATUSNB	=	0x501d
                           005F00  1878 _AX5043_0xF00NB	=	0x5f00
                           005F0C  1879 _AX5043_0xF0CNB	=	0x5f0c
                           005F18  1880 _AX5043_0xF18NB	=	0x5f18
                           005F1C  1881 _AX5043_0xF1CNB	=	0x5f1c
                           005F21  1882 _AX5043_0xF21NB	=	0x5f21
                           005F22  1883 _AX5043_0xF22NB	=	0x5f22
                           005F23  1884 _AX5043_0xF23NB	=	0x5f23
                           005F26  1885 _AX5043_0xF26NB	=	0x5f26
                           005F30  1886 _AX5043_0xF30NB	=	0x5f30
                           005F31  1887 _AX5043_0xF31NB	=	0x5f31
                           005F32  1888 _AX5043_0xF32NB	=	0x5f32
                           005F33  1889 _AX5043_0xF33NB	=	0x5f33
                           005F34  1890 _AX5043_0xF34NB	=	0x5f34
                           005F35  1891 _AX5043_0xF35NB	=	0x5f35
                           005F44  1892 _AX5043_0xF44NB	=	0x5f44
                           005122  1893 _AX5043_AGCAHYST0NB	=	0x5122
                           005132  1894 _AX5043_AGCAHYST1NB	=	0x5132
                           005142  1895 _AX5043_AGCAHYST2NB	=	0x5142
                           005152  1896 _AX5043_AGCAHYST3NB	=	0x5152
                           005120  1897 _AX5043_AGCGAIN0NB	=	0x5120
                           005130  1898 _AX5043_AGCGAIN1NB	=	0x5130
                           005140  1899 _AX5043_AGCGAIN2NB	=	0x5140
                           005150  1900 _AX5043_AGCGAIN3NB	=	0x5150
                           005123  1901 _AX5043_AGCMINMAX0NB	=	0x5123
                           005133  1902 _AX5043_AGCMINMAX1NB	=	0x5133
                           005143  1903 _AX5043_AGCMINMAX2NB	=	0x5143
                           005153  1904 _AX5043_AGCMINMAX3NB	=	0x5153
                           005121  1905 _AX5043_AGCTARGET0NB	=	0x5121
                           005131  1906 _AX5043_AGCTARGET1NB	=	0x5131
                           005141  1907 _AX5043_AGCTARGET2NB	=	0x5141
                           005151  1908 _AX5043_AGCTARGET3NB	=	0x5151
                           00512B  1909 _AX5043_AMPLITUDEGAIN0NB	=	0x512b
                           00513B  1910 _AX5043_AMPLITUDEGAIN1NB	=	0x513b
                           00514B  1911 _AX5043_AMPLITUDEGAIN2NB	=	0x514b
                           00515B  1912 _AX5043_AMPLITUDEGAIN3NB	=	0x515b
                           00512F  1913 _AX5043_BBOFFSRES0NB	=	0x512f
                           00513F  1914 _AX5043_BBOFFSRES1NB	=	0x513f
                           00514F  1915 _AX5043_BBOFFSRES2NB	=	0x514f
                           00515F  1916 _AX5043_BBOFFSRES3NB	=	0x515f
                           005125  1917 _AX5043_DRGAIN0NB	=	0x5125
                           005135  1918 _AX5043_DRGAIN1NB	=	0x5135
                           005145  1919 _AX5043_DRGAIN2NB	=	0x5145
                           005155  1920 _AX5043_DRGAIN3NB	=	0x5155
                           00512E  1921 _AX5043_FOURFSK0NB	=	0x512e
                           00513E  1922 _AX5043_FOURFSK1NB	=	0x513e
                           00514E  1923 _AX5043_FOURFSK2NB	=	0x514e
                           00515E  1924 _AX5043_FOURFSK3NB	=	0x515e
                           00512D  1925 _AX5043_FREQDEV00NB	=	0x512d
                           00513D  1926 _AX5043_FREQDEV01NB	=	0x513d
                           00514D  1927 _AX5043_FREQDEV02NB	=	0x514d
                           00515D  1928 _AX5043_FREQDEV03NB	=	0x515d
                           00512C  1929 _AX5043_FREQDEV10NB	=	0x512c
                           00513C  1930 _AX5043_FREQDEV11NB	=	0x513c
                           00514C  1931 _AX5043_FREQDEV12NB	=	0x514c
                           00515C  1932 _AX5043_FREQDEV13NB	=	0x515c
                           005127  1933 _AX5043_FREQUENCYGAINA0NB	=	0x5127
                           005137  1934 _AX5043_FREQUENCYGAINA1NB	=	0x5137
                           005147  1935 _AX5043_FREQUENCYGAINA2NB	=	0x5147
                           005157  1936 _AX5043_FREQUENCYGAINA3NB	=	0x5157
                           005128  1937 _AX5043_FREQUENCYGAINB0NB	=	0x5128
                           005138  1938 _AX5043_FREQUENCYGAINB1NB	=	0x5138
                           005148  1939 _AX5043_FREQUENCYGAINB2NB	=	0x5148
                           005158  1940 _AX5043_FREQUENCYGAINB3NB	=	0x5158
                           005129  1941 _AX5043_FREQUENCYGAINC0NB	=	0x5129
                           005139  1942 _AX5043_FREQUENCYGAINC1NB	=	0x5139
                           005149  1943 _AX5043_FREQUENCYGAINC2NB	=	0x5149
                           005159  1944 _AX5043_FREQUENCYGAINC3NB	=	0x5159
                           00512A  1945 _AX5043_FREQUENCYGAIND0NB	=	0x512a
                           00513A  1946 _AX5043_FREQUENCYGAIND1NB	=	0x513a
                           00514A  1947 _AX5043_FREQUENCYGAIND2NB	=	0x514a
                           00515A  1948 _AX5043_FREQUENCYGAIND3NB	=	0x515a
                           005116  1949 _AX5043_FREQUENCYLEAKNB	=	0x5116
                           005126  1950 _AX5043_PHASEGAIN0NB	=	0x5126
                           005136  1951 _AX5043_PHASEGAIN1NB	=	0x5136
                           005146  1952 _AX5043_PHASEGAIN2NB	=	0x5146
                           005156  1953 _AX5043_PHASEGAIN3NB	=	0x5156
                           005207  1954 _AX5043_PKTADDR0NB	=	0x5207
                           005206  1955 _AX5043_PKTADDR1NB	=	0x5206
                           005205  1956 _AX5043_PKTADDR2NB	=	0x5205
                           005204  1957 _AX5043_PKTADDR3NB	=	0x5204
                           005200  1958 _AX5043_PKTADDRCFGNB	=	0x5200
                           00520B  1959 _AX5043_PKTADDRMASK0NB	=	0x520b
                           00520A  1960 _AX5043_PKTADDRMASK1NB	=	0x520a
                           005209  1961 _AX5043_PKTADDRMASK2NB	=	0x5209
                           005208  1962 _AX5043_PKTADDRMASK3NB	=	0x5208
                           005201  1963 _AX5043_PKTLENCFGNB	=	0x5201
                           005202  1964 _AX5043_PKTLENOFFSETNB	=	0x5202
                           005203  1965 _AX5043_PKTMAXLENNB	=	0x5203
                           005118  1966 _AX5043_RXPARAMCURSETNB	=	0x5118
                           005117  1967 _AX5043_RXPARAMSETSNB	=	0x5117
                           005124  1968 _AX5043_TIMEGAIN0NB	=	0x5124
                           005134  1969 _AX5043_TIMEGAIN1NB	=	0x5134
                           005144  1970 _AX5043_TIMEGAIN2NB	=	0x5144
                           005154  1971 _AX5043_TIMEGAIN3NB	=	0x5154
      000000                       1972 _axradio_phy_chanpllrng::
      000000                       1973 	.ds 12
      00000C                       1974 _axradio_phy_chanvcoi::
      00000C                       1975 	.ds 6
                                   1976 ;--------------------------------------------------------
                                   1977 ; absolute external ram data
                                   1978 ;--------------------------------------------------------
                                   1979 	.area XABS    (ABS,XDATA)
                                   1980 ;--------------------------------------------------------
                                   1981 ; external initialized ram data
                                   1982 ;--------------------------------------------------------
                                   1983 	.area XISEG   (XDATA)
                                   1984 	.area HOME    (CODE)
                                   1985 	.area GSINIT0 (CODE)
                                   1986 	.area GSINIT1 (CODE)
                                   1987 	.area GSINIT2 (CODE)
                                   1988 	.area GSINIT3 (CODE)
                                   1989 	.area GSINIT4 (CODE)
                                   1990 	.area GSINIT5 (CODE)
                                   1991 	.area GSINIT  (CODE)
                                   1992 	.area GSFINAL (CODE)
                                   1993 	.area CSEG    (CODE)
                                   1994 ;--------------------------------------------------------
                                   1995 ; global & static initialisations
                                   1996 ;--------------------------------------------------------
                                   1997 	.area HOME    (CODE)
                                   1998 	.area GSINIT  (CODE)
                                   1999 	.area GSFINAL (CODE)
                                   2000 	.area GSINIT  (CODE)
                                   2001 ;--------------------------------------------------------
                                   2002 ; Home
                                   2003 ;--------------------------------------------------------
                                   2004 	.area HOME    (CODE)
                                   2005 	.area HOME    (CODE)
                                   2006 ;--------------------------------------------------------
                                   2007 ; code
                                   2008 ;--------------------------------------------------------
                                   2009 	.area CSEG    (CODE)
                                   2010 ;------------------------------------------------------------
                                   2011 ;Allocation info for local variables in function 'ax5043_set_registers'
                                   2012 ;------------------------------------------------------------
                                   2013 ;	..\AX_Radio_Lab_output\config.c:12: __reentrantb void ax5043_set_registers(void) __reentrant
                                   2014 ;	-----------------------------------------
                                   2015 ;	 function ax5043_set_registers
                                   2016 ;	-----------------------------------------
      000000                       2017 _ax5043_set_registers:
                           000007  2018 	ar7 = 0x07
                           000006  2019 	ar6 = 0x06
                           000005  2020 	ar5 = 0x05
                           000004  2021 	ar4 = 0x04
                           000003  2022 	ar3 = 0x03
                           000002  2023 	ar2 = 0x02
                           000001  2024 	ar1 = 0x01
                           000000  2025 	ar0 = 0x00
                                   2026 ;	..\AX_Radio_Lab_output\config.c:14: radio_write8(AX5043_REG_MODULATION     ,                              			0x08);
      000000 90 40 10         [24] 2027 	mov	dptr,#0x4010
      000003 74 08            [12] 2028 	mov	a,#0x08
      000005 F0               [24] 2029 	movx	@dptr,a
                                   2030 ;	..\AX_Radio_Lab_output\config.c:15: radio_write8(AX5043_REG_ENCODING       ,                              			0x00);
      000006 90 40 11         [24] 2031 	mov	dptr,#0x4011
      000009 E4               [12] 2032 	clr	a
      00000A F0               [24] 2033 	movx	@dptr,a
                                   2034 ;	..\AX_Radio_Lab_output\config.c:16: radio_write8(AX5043_REG_FRAMING        ,                              			0x06);
      00000B 90 40 12         [24] 2035 	mov	dptr,#0x4012
      00000E 74 06            [12] 2036 	mov	a,#0x06
      000010 F0               [24] 2037 	movx	@dptr,a
                                   2038 ;	..\AX_Radio_Lab_output\config.c:17: radio_write8(AX5043_REG_PINFUNCSYSCLK  ,                              			0x01);
      000011 90 40 21         [24] 2039 	mov	dptr,#0x4021
      000014 74 01            [12] 2040 	mov	a,#0x01
      000016 F0               [24] 2041 	movx	@dptr,a
                                   2042 ;	..\AX_Radio_Lab_output\config.c:18: radio_write8(AX5043_REG_PINFUNCDCLK    ,                              			0x01);
      000017 90 40 22         [24] 2043 	mov	dptr,#0x4022
      00001A F0               [24] 2044 	movx	@dptr,a
                                   2045 ;	..\AX_Radio_Lab_output\config.c:19: radio_write8(AX5043_REG_PINFUNCDATA    ,                              			0x01);
      00001B 90 40 23         [24] 2046 	mov	dptr,#0x4023
      00001E F0               [24] 2047 	movx	@dptr,a
                                   2048 ;	..\AX_Radio_Lab_output\config.c:20: radio_write8(AX5043_REG_PINFUNCANTSEL  ,                              			0x82);
      00001F 90 40 25         [24] 2049 	mov	dptr,#0x4025
      000022 74 82            [12] 2050 	mov	a,#0x82
      000024 F0               [24] 2051 	movx	@dptr,a
                                   2052 ;	..\AX_Radio_Lab_output\config.c:21: radio_write8(AX5043_REG_PINFUNCPWRAMP  ,                              			0x82);
      000025 90 40 26         [24] 2053 	mov	dptr,#0x4026
      000028 F0               [24] 2054 	movx	@dptr,a
                                   2055 ;	..\AX_Radio_Lab_output\config.c:22: radio_write8(AX5043_REG_WAKEUPXOEARLY  ,                              			0x01);
      000029 90 40 6E         [24] 2056 	mov	dptr,#0x406e
      00002C 74 01            [12] 2057 	mov	a,#0x01
      00002E F0               [24] 2058 	movx	@dptr,a
                                   2059 ;	..\AX_Radio_Lab_output\config.c:23: radio_write8(AX5043_REG_IFFREQ1        ,                              			0x01);
      00002F 90 41 00         [24] 2060 	mov	dptr,#0x4100
      000032 F0               [24] 2061 	movx	@dptr,a
                                   2062 ;	..\AX_Radio_Lab_output\config.c:24: radio_write8(AX5043_REG_IFFREQ0        ,                              			0xE4);
      000033 90 41 01         [24] 2063 	mov	dptr,#0x4101
      000036 74 E4            [12] 2064 	mov	a,#0xe4
      000038 F0               [24] 2065 	movx	@dptr,a
                                   2066 ;	..\AX_Radio_Lab_output\config.c:25: radio_write8(AX5043_REG_DECIMATION     ,                              			0x16);
      000039 90 41 02         [24] 2067 	mov	dptr,#0x4102
      00003C 74 16            [12] 2068 	mov	a,#0x16
      00003E F0               [24] 2069 	movx	@dptr,a
                                   2070 ;	..\AX_Radio_Lab_output\config.c:26: radio_write8(AX5043_REG_RXDATARATE2    ,                              			0x00);
      00003F 90 41 03         [24] 2071 	mov	dptr,#0x4103
      000042 E4               [12] 2072 	clr	a
      000043 F0               [24] 2073 	movx	@dptr,a
                                   2074 ;	..\AX_Radio_Lab_output\config.c:27: radio_write8(AX5043_REG_RXDATARATE1    ,                              			0x3D);
      000044 90 41 04         [24] 2075 	mov	dptr,#0x4104
      000047 74 3D            [12] 2076 	mov	a,#0x3d
      000049 F0               [24] 2077 	movx	@dptr,a
                                   2078 ;	..\AX_Radio_Lab_output\config.c:28: radio_write8(AX5043_REG_RXDATARATE0    ,                              			0x8D);
      00004A 90 41 05         [24] 2079 	mov	dptr,#0x4105
      00004D 74 8D            [12] 2080 	mov	a,#0x8d
      00004F F0               [24] 2081 	movx	@dptr,a
                                   2082 ;	..\AX_Radio_Lab_output\config.c:29: radio_write8(AX5043_REG_MAXDROFFSET2   ,                              			0x00);
      000050 90 41 06         [24] 2083 	mov	dptr,#0x4106
      000053 E4               [12] 2084 	clr	a
      000054 F0               [24] 2085 	movx	@dptr,a
                                   2086 ;	..\AX_Radio_Lab_output\config.c:30: radio_write8(AX5043_REG_MAXDROFFSET1   ,                              			0x00);
      000055 90 41 07         [24] 2087 	mov	dptr,#0x4107
      000058 F0               [24] 2088 	movx	@dptr,a
                                   2089 ;	..\AX_Radio_Lab_output\config.c:31: radio_write8(AX5043_REG_MAXDROFFSET0   ,                              			0x00);
      000059 90 41 08         [24] 2090 	mov	dptr,#0x4108
      00005C F0               [24] 2091 	movx	@dptr,a
                                   2092 ;	..\AX_Radio_Lab_output\config.c:32: radio_write8(AX5043_REG_MAXRFOFFSET2   ,                              			0x80);
      00005D 90 41 09         [24] 2093 	mov	dptr,#0x4109
      000060 74 80            [12] 2094 	mov	a,#0x80
      000062 F0               [24] 2095 	movx	@dptr,a
                                   2096 ;	..\AX_Radio_Lab_output\config.c:33: radio_write8(AX5043_REG_MAXRFOFFSET1   ,                              			0x04);
      000063 90 41 0A         [24] 2097 	mov	dptr,#0x410a
      000066 74 04            [12] 2098 	mov	a,#0x04
      000068 F0               [24] 2099 	movx	@dptr,a
                                   2100 ;	..\AX_Radio_Lab_output\config.c:34: radio_write8(AX5043_REG_MAXRFOFFSET0   ,                              			0x61);
      000069 90 41 0B         [24] 2101 	mov	dptr,#0x410b
      00006C 74 61            [12] 2102 	mov	a,#0x61
      00006E F0               [24] 2103 	movx	@dptr,a
                                   2104 ;	..\AX_Radio_Lab_output\config.c:35: radio_write8(AX5043_REG_FSKDMAX1       ,                              			0x00);
      00006F 90 41 0C         [24] 2105 	mov	dptr,#0x410c
      000072 E4               [12] 2106 	clr	a
      000073 F0               [24] 2107 	movx	@dptr,a
                                   2108 ;	..\AX_Radio_Lab_output\config.c:36: radio_write8(AX5043_REG_FSKDMAX0       ,                              			0xA6);
      000074 90 41 0D         [24] 2109 	mov	dptr,#0x410d
      000077 74 A6            [12] 2110 	mov	a,#0xa6
      000079 F0               [24] 2111 	movx	@dptr,a
                                   2112 ;	..\AX_Radio_Lab_output\config.c:37: radio_write8(AX5043_REG_FSKDMIN1       ,                              			0xFF);
      00007A 90 41 0E         [24] 2113 	mov	dptr,#0x410e
      00007D 74 FF            [12] 2114 	mov	a,#0xff
      00007F F0               [24] 2115 	movx	@dptr,a
                                   2116 ;	..\AX_Radio_Lab_output\config.c:38: radio_write8(AX5043_REG_FSKDMIN0       ,                              			0x5A);
      000080 90 41 0F         [24] 2117 	mov	dptr,#0x410f
      000083 74 5A            [12] 2118 	mov	a,#0x5a
      000085 F0               [24] 2119 	movx	@dptr,a
                                   2120 ;	..\AX_Radio_Lab_output\config.c:39: radio_write8(AX5043_REG_AMPLFILTER     ,                              			0x00);
      000086 90 41 15         [24] 2121 	mov	dptr,#0x4115
      000089 E4               [12] 2122 	clr	a
      00008A F0               [24] 2123 	movx	@dptr,a
                                   2124 ;	..\AX_Radio_Lab_output\config.c:40: radio_write8(AX5043_REG_RXPARAMSETS    ,                              			0xF4);
      00008B 90 41 17         [24] 2125 	mov	dptr,#0x4117
      00008E 74 F4            [12] 2126 	mov	a,#0xf4
      000090 F0               [24] 2127 	movx	@dptr,a
                                   2128 ;	..\AX_Radio_Lab_output\config.c:41: radio_write8(AX5043_REG_AGCGAIN0       ,                              			0xC5);
      000091 90 41 20         [24] 2129 	mov	dptr,#0x4120
      000094 74 C5            [12] 2130 	mov	a,#0xc5
      000096 F0               [24] 2131 	movx	@dptr,a
                                   2132 ;	..\AX_Radio_Lab_output\config.c:42: radio_write8(AX5043_REG_AGCTARGET0     ,                              			0x84);
      000097 90 41 21         [24] 2133 	mov	dptr,#0x4121
      00009A 74 84            [12] 2134 	mov	a,#0x84
      00009C F0               [24] 2135 	movx	@dptr,a
                                   2136 ;	..\AX_Radio_Lab_output\config.c:43: radio_write8(AX5043_REG_TIMEGAIN0      ,                              			0xF8);
      00009D 90 41 24         [24] 2137 	mov	dptr,#0x4124
      0000A0 74 F8            [12] 2138 	mov	a,#0xf8
      0000A2 F0               [24] 2139 	movx	@dptr,a
                                   2140 ;	..\AX_Radio_Lab_output\config.c:44: radio_write8(AX5043_REG_DRGAIN0        ,                              			0xF2);
      0000A3 90 41 25         [24] 2141 	mov	dptr,#0x4125
      0000A6 74 F2            [12] 2142 	mov	a,#0xf2
      0000A8 F0               [24] 2143 	movx	@dptr,a
                                   2144 ;	..\AX_Radio_Lab_output\config.c:45: radio_write8(AX5043_REG_PHASEGAIN0     ,                              			0xC3);
      0000A9 90 41 26         [24] 2145 	mov	dptr,#0x4126
      0000AC 74 C3            [12] 2146 	mov	a,#0xc3
      0000AE F0               [24] 2147 	movx	@dptr,a
                                   2148 ;	..\AX_Radio_Lab_output\config.c:46: radio_write8(AX5043_REG_FREQUENCYGAINA0,                              			0x0F);
      0000AF 90 41 27         [24] 2149 	mov	dptr,#0x4127
      0000B2 74 0F            [12] 2150 	mov	a,#0x0f
      0000B4 F0               [24] 2151 	movx	@dptr,a
                                   2152 ;	..\AX_Radio_Lab_output\config.c:47: radio_write8(AX5043_REG_FREQUENCYGAINB0,                              			0x1F);
      0000B5 90 41 28         [24] 2153 	mov	dptr,#0x4128
      0000B8 74 1F            [12] 2154 	mov	a,#0x1f
      0000BA F0               [24] 2155 	movx	@dptr,a
                                   2156 ;	..\AX_Radio_Lab_output\config.c:48: radio_write8(AX5043_REG_FREQUENCYGAINC0,                              			0x08);
      0000BB 90 41 29         [24] 2157 	mov	dptr,#0x4129
      0000BE 74 08            [12] 2158 	mov	a,#0x08
      0000C0 F0               [24] 2159 	movx	@dptr,a
                                   2160 ;	..\AX_Radio_Lab_output\config.c:49: radio_write8(AX5043_REG_FREQUENCYGAIND0,                              			0x08);
      0000C1 90 41 2A         [24] 2161 	mov	dptr,#0x412a
      0000C4 F0               [24] 2162 	movx	@dptr,a
                                   2163 ;	..\AX_Radio_Lab_output\config.c:50: radio_write8(AX5043_REG_AMPLITUDEGAIN0 ,                              			0x06);
      0000C5 90 41 2B         [24] 2164 	mov	dptr,#0x412b
      0000C8 74 06            [12] 2165 	mov	a,#0x06
      0000CA F0               [24] 2166 	movx	@dptr,a
                                   2167 ;	..\AX_Radio_Lab_output\config.c:51: radio_write8(AX5043_REG_FREQDEV10      ,                              			0x00);
      0000CB 90 41 2C         [24] 2168 	mov	dptr,#0x412c
      0000CE E4               [12] 2169 	clr	a
      0000CF F0               [24] 2170 	movx	@dptr,a
                                   2171 ;	..\AX_Radio_Lab_output\config.c:52: radio_write8(AX5043_REG_FREQDEV00      ,                              			0x00);
      0000D0 90 41 2D         [24] 2172 	mov	dptr,#0x412d
      0000D3 F0               [24] 2173 	movx	@dptr,a
                                   2174 ;	..\AX_Radio_Lab_output\config.c:53: radio_write8(AX5043_REG_BBOFFSRES0     ,                              			0x00);
      0000D4 90 41 2F         [24] 2175 	mov	dptr,#0x412f
      0000D7 F0               [24] 2176 	movx	@dptr,a
                                   2177 ;	..\AX_Radio_Lab_output\config.c:54: radio_write8(AX5043_REG_AGCGAIN1       ,                              			0xC5);
      0000D8 90 41 30         [24] 2178 	mov	dptr,#0x4130
      0000DB 74 C5            [12] 2179 	mov	a,#0xc5
      0000DD F0               [24] 2180 	movx	@dptr,a
                                   2181 ;	..\AX_Radio_Lab_output\config.c:55: radio_write8(AX5043_REG_AGCTARGET1     ,                              			0x84);
      0000DE 90 41 31         [24] 2182 	mov	dptr,#0x4131
      0000E1 74 84            [12] 2183 	mov	a,#0x84
      0000E3 F0               [24] 2184 	movx	@dptr,a
                                   2185 ;	..\AX_Radio_Lab_output\config.c:56: radio_write8(AX5043_REG_AGCAHYST1      ,                              			0x00);
      0000E4 90 41 32         [24] 2186 	mov	dptr,#0x4132
      0000E7 E4               [12] 2187 	clr	a
      0000E8 F0               [24] 2188 	movx	@dptr,a
                                   2189 ;	..\AX_Radio_Lab_output\config.c:57: radio_write8(AX5043_REG_AGCMINMAX1     ,                              			0x00);
      0000E9 90 41 33         [24] 2190 	mov	dptr,#0x4133
      0000EC F0               [24] 2191 	movx	@dptr,a
                                   2192 ;	..\AX_Radio_Lab_output\config.c:58: radio_write8(AX5043_REG_TIMEGAIN1      ,                              			0xF6);
      0000ED 90 41 34         [24] 2193 	mov	dptr,#0x4134
      0000F0 74 F6            [12] 2194 	mov	a,#0xf6
      0000F2 F0               [24] 2195 	movx	@dptr,a
                                   2196 ;	..\AX_Radio_Lab_output\config.c:59: radio_write8(AX5043_REG_DRGAIN1        ,                              			0xF1);
      0000F3 90 41 35         [24] 2197 	mov	dptr,#0x4135
      0000F6 74 F1            [12] 2198 	mov	a,#0xf1
      0000F8 F0               [24] 2199 	movx	@dptr,a
                                   2200 ;	..\AX_Radio_Lab_output\config.c:60: radio_write8(AX5043_REG_PHASEGAIN1     ,                              			0xC3);
      0000F9 90 41 36         [24] 2201 	mov	dptr,#0x4136
      0000FC 74 C3            [12] 2202 	mov	a,#0xc3
      0000FE F0               [24] 2203 	movx	@dptr,a
                                   2204 ;	..\AX_Radio_Lab_output\config.c:61: radio_write8(AX5043_REG_FREQUENCYGAINA1,                              			0x0F);
      0000FF 90 41 37         [24] 2205 	mov	dptr,#0x4137
      000102 74 0F            [12] 2206 	mov	a,#0x0f
      000104 F0               [24] 2207 	movx	@dptr,a
                                   2208 ;	..\AX_Radio_Lab_output\config.c:62: radio_write8(AX5043_REG_FREQUENCYGAINB1,                              			0x1F);
      000105 90 41 38         [24] 2209 	mov	dptr,#0x4138
      000108 74 1F            [12] 2210 	mov	a,#0x1f
      00010A F0               [24] 2211 	movx	@dptr,a
                                   2212 ;	..\AX_Radio_Lab_output\config.c:63: radio_write8(AX5043_REG_FREQUENCYGAINC1,                              			0x08);
      00010B 90 41 39         [24] 2213 	mov	dptr,#0x4139
      00010E 74 08            [12] 2214 	mov	a,#0x08
      000110 F0               [24] 2215 	movx	@dptr,a
                                   2216 ;	..\AX_Radio_Lab_output\config.c:64: radio_write8(AX5043_REG_FREQUENCYGAIND1,                              			0x08);
      000111 90 41 3A         [24] 2217 	mov	dptr,#0x413a
      000114 F0               [24] 2218 	movx	@dptr,a
                                   2219 ;	..\AX_Radio_Lab_output\config.c:65: radio_write8(AX5043_REG_AMPLITUDEGAIN1 ,                              			0x06);
      000115 90 41 3B         [24] 2220 	mov	dptr,#0x413b
      000118 74 06            [12] 2221 	mov	a,#0x06
      00011A F0               [24] 2222 	movx	@dptr,a
                                   2223 ;	..\AX_Radio_Lab_output\config.c:66: radio_write8(AX5043_REG_FREQDEV11      ,                              			0x00);
      00011B 90 41 3C         [24] 2224 	mov	dptr,#0x413c
      00011E E4               [12] 2225 	clr	a
      00011F F0               [24] 2226 	movx	@dptr,a
                                   2227 ;	..\AX_Radio_Lab_output\config.c:67: radio_write8(AX5043_REG_FREQDEV01      ,                              			0x43);
      000120 90 41 3D         [24] 2228 	mov	dptr,#0x413d
      000123 74 43            [12] 2229 	mov	a,#0x43
      000125 F0               [24] 2230 	movx	@dptr,a
                                   2231 ;	..\AX_Radio_Lab_output\config.c:68: radio_write8(AX5043_REG_FOURFSK1       ,                              			0x16);
      000126 90 41 3E         [24] 2232 	mov	dptr,#0x413e
      000129 74 16            [12] 2233 	mov	a,#0x16
      00012B F0               [24] 2234 	movx	@dptr,a
                                   2235 ;	..\AX_Radio_Lab_output\config.c:69: radio_write8(AX5043_REG_BBOFFSRES1     ,                              			0x00);
      00012C 90 41 3F         [24] 2236 	mov	dptr,#0x413f
      00012F E4               [12] 2237 	clr	a
      000130 F0               [24] 2238 	movx	@dptr,a
                                   2239 ;	..\AX_Radio_Lab_output\config.c:70: radio_write8(AX5043_REG_AGCGAIN3       ,                              			0xFF);
      000131 90 41 50         [24] 2240 	mov	dptr,#0x4150
      000134 14               [12] 2241 	dec	a
      000135 F0               [24] 2242 	movx	@dptr,a
                                   2243 ;	..\AX_Radio_Lab_output\config.c:71: radio_write8(AX5043_REG_AGCTARGET3     ,                              			0x84);
      000136 90 41 51         [24] 2244 	mov	dptr,#0x4151
      000139 74 84            [12] 2245 	mov	a,#0x84
      00013B F0               [24] 2246 	movx	@dptr,a
                                   2247 ;	..\AX_Radio_Lab_output\config.c:72: radio_write8(AX5043_REG_AGCAHYST3      ,                              			0x00);
      00013C 90 41 52         [24] 2248 	mov	dptr,#0x4152
      00013F E4               [12] 2249 	clr	a
      000140 F0               [24] 2250 	movx	@dptr,a
                                   2251 ;	..\AX_Radio_Lab_output\config.c:73: radio_write8(AX5043_REG_AGCMINMAX3     ,                              			0x00);
      000141 90 41 53         [24] 2252 	mov	dptr,#0x4153
      000144 F0               [24] 2253 	movx	@dptr,a
                                   2254 ;	..\AX_Radio_Lab_output\config.c:74: radio_write8(AX5043_REG_TIMEGAIN3      ,                              			0xF5);
      000145 90 41 54         [24] 2255 	mov	dptr,#0x4154
      000148 74 F5            [12] 2256 	mov	a,#0xf5
      00014A F0               [24] 2257 	movx	@dptr,a
                                   2258 ;	..\AX_Radio_Lab_output\config.c:75: radio_write8(AX5043_REG_DRGAIN3        ,                              			0xF0);
      00014B 90 41 55         [24] 2259 	mov	dptr,#0x4155
      00014E 74 F0            [12] 2260 	mov	a,#0xf0
      000150 F0               [24] 2261 	movx	@dptr,a
                                   2262 ;	..\AX_Radio_Lab_output\config.c:76: radio_write8(AX5043_REG_PHASEGAIN3     ,                              			0xC3);
      000151 90 41 56         [24] 2263 	mov	dptr,#0x4156
      000154 74 C3            [12] 2264 	mov	a,#0xc3
      000156 F0               [24] 2265 	movx	@dptr,a
                                   2266 ;	..\AX_Radio_Lab_output\config.c:77: radio_write8(AX5043_REG_FREQUENCYGAINA3,                              			0x0F);
      000157 90 41 57         [24] 2267 	mov	dptr,#0x4157
      00015A 74 0F            [12] 2268 	mov	a,#0x0f
      00015C F0               [24] 2269 	movx	@dptr,a
                                   2270 ;	..\AX_Radio_Lab_output\config.c:78: radio_write8(AX5043_REG_FREQUENCYGAINB3,                              			0x1F);
      00015D 90 41 58         [24] 2271 	mov	dptr,#0x4158
      000160 74 1F            [12] 2272 	mov	a,#0x1f
      000162 F0               [24] 2273 	movx	@dptr,a
                                   2274 ;	..\AX_Radio_Lab_output\config.c:79: radio_write8(AX5043_REG_FREQUENCYGAINC3,                              			0x0C);
      000163 90 41 59         [24] 2275 	mov	dptr,#0x4159
      000166 74 0C            [12] 2276 	mov	a,#0x0c
      000168 F0               [24] 2277 	movx	@dptr,a
                                   2278 ;	..\AX_Radio_Lab_output\config.c:80: radio_write8(AX5043_REG_FREQUENCYGAIND3,                              			0x0C);
      000169 90 41 5A         [24] 2279 	mov	dptr,#0x415a
      00016C F0               [24] 2280 	movx	@dptr,a
                                   2281 ;	..\AX_Radio_Lab_output\config.c:81: radio_write8(AX5043_REG_AMPLITUDEGAIN3 ,                              			0x06);
      00016D 90 41 5B         [24] 2282 	mov	dptr,#0x415b
      000170 03               [12] 2283 	rr	a
      000171 F0               [24] 2284 	movx	@dptr,a
                                   2285 ;	..\AX_Radio_Lab_output\config.c:82: radio_write8(AX5043_REG_FREQDEV13      ,                              			0x00);
      000172 90 41 5C         [24] 2286 	mov	dptr,#0x415c
      000175 E4               [12] 2287 	clr	a
      000176 F0               [24] 2288 	movx	@dptr,a
                                   2289 ;	..\AX_Radio_Lab_output\config.c:83: radio_write8(AX5043_REG_FREQDEV03      ,                              			0x43);
      000177 90 41 5D         [24] 2290 	mov	dptr,#0x415d
      00017A 74 43            [12] 2291 	mov	a,#0x43
      00017C F0               [24] 2292 	movx	@dptr,a
                                   2293 ;	..\AX_Radio_Lab_output\config.c:84: radio_write8(AX5043_REG_FOURFSK3       ,                              			0x16);
      00017D 90 41 5E         [24] 2294 	mov	dptr,#0x415e
      000180 74 16            [12] 2295 	mov	a,#0x16
      000182 F0               [24] 2296 	movx	@dptr,a
                                   2297 ;	..\AX_Radio_Lab_output\config.c:85: radio_write8(AX5043_REG_BBOFFSRES3     ,                              			0x00);
      000183 90 41 5F         [24] 2298 	mov	dptr,#0x415f
      000186 E4               [12] 2299 	clr	a
      000187 F0               [24] 2300 	movx	@dptr,a
                                   2301 ;	..\AX_Radio_Lab_output\config.c:86: radio_write8(AX5043_REG_MODCFGF        ,                              			0x03);
      000188 90 41 60         [24] 2302 	mov	dptr,#0x4160
      00018B 74 03            [12] 2303 	mov	a,#0x03
      00018D F0               [24] 2304 	movx	@dptr,a
                                   2305 ;	..\AX_Radio_Lab_output\config.c:87: radio_write8(AX5043_REG_FSKDEV2        ,                              			0x00);
      00018E 90 41 61         [24] 2306 	mov	dptr,#0x4161
      000191 E4               [12] 2307 	clr	a
      000192 F0               [24] 2308 	movx	@dptr,a
                                   2309 ;	..\AX_Radio_Lab_output\config.c:88: radio_write8(AX5043_REG_FSKDEV1        ,                              			0x04);
      000193 90 41 62         [24] 2310 	mov	dptr,#0x4162
      000196 74 04            [12] 2311 	mov	a,#0x04
      000198 F0               [24] 2312 	movx	@dptr,a
                                   2313 ;	..\AX_Radio_Lab_output\config.c:89: radio_write8(AX5043_REG_FSKDEV0        ,                              			0x08);
      000199 90 41 63         [24] 2314 	mov	dptr,#0x4163
      00019C 23               [12] 2315 	rl	a
      00019D F0               [24] 2316 	movx	@dptr,a
                                   2317 ;	..\AX_Radio_Lab_output\config.c:90: radio_write8(AX5043_REG_MODCFGA        ,                              			0x05);
      00019E 90 41 64         [24] 2318 	mov	dptr,#0x4164
      0001A1 74 05            [12] 2319 	mov	a,#0x05
      0001A3 F0               [24] 2320 	movx	@dptr,a
                                   2321 ;	..\AX_Radio_Lab_output\config.c:91: radio_write8(AX5043_REG_TXRATE2        ,                              			0x00);
      0001A4 90 41 65         [24] 2322 	mov	dptr,#0x4165
      0001A7 E4               [12] 2323 	clr	a
      0001A8 F0               [24] 2324 	movx	@dptr,a
                                   2325 ;	..\AX_Radio_Lab_output\config.c:92: radio_write8(AX5043_REG_TXRATE1        ,                              			0x0C);
      0001A9 90 41 66         [24] 2326 	mov	dptr,#0x4166
      0001AC 74 0C            [12] 2327 	mov	a,#0x0c
      0001AE F0               [24] 2328 	movx	@dptr,a
                                   2329 ;	..\AX_Radio_Lab_output\config.c:93: radio_write8(AX5043_REG_TXRATE0        ,                              			0x19);
      0001AF 90 41 67         [24] 2330 	mov	dptr,#0x4167
      0001B2 74 19            [12] 2331 	mov	a,#0x19
      0001B4 F0               [24] 2332 	movx	@dptr,a
                                   2333 ;	..\AX_Radio_Lab_output\config.c:94: radio_write8(AX5043_REG_TXPWRCOEFFB1   ,                              			0x0F);
      0001B5 90 41 6A         [24] 2334 	mov	dptr,#0x416a
      0001B8 74 0F            [12] 2335 	mov	a,#0x0f
      0001BA F0               [24] 2336 	movx	@dptr,a
                                   2337 ;	..\AX_Radio_Lab_output\config.c:95: radio_write8(AX5043_REG_TXPWRCOEFFB0   ,                              			0xFF);
      0001BB 90 41 6B         [24] 2338 	mov	dptr,#0x416b
      0001BE 74 FF            [12] 2339 	mov	a,#0xff
      0001C0 F0               [24] 2340 	movx	@dptr,a
                                   2341 ;	..\AX_Radio_Lab_output\config.c:96: radio_write8(AX5043_REG_PLLVCOI        ,                              			0x99);
      0001C1 90 41 80         [24] 2342 	mov	dptr,#0x4180
      0001C4 74 99            [12] 2343 	mov	a,#0x99
      0001C6 F0               [24] 2344 	movx	@dptr,a
                                   2345 ;	..\AX_Radio_Lab_output\config.c:97: radio_write8(AX5043_REG_PLLRNGCLK      ,                              			0x04);
      0001C7 90 41 83         [24] 2346 	mov	dptr,#0x4183
      0001CA 74 04            [12] 2347 	mov	a,#0x04
      0001CC F0               [24] 2348 	movx	@dptr,a
                                   2349 ;	..\AX_Radio_Lab_output\config.c:98: radio_write8(AX5043_REG_BBTUNE         ,                              			0x0F);
      0001CD 90 41 88         [24] 2350 	mov	dptr,#0x4188
      0001D0 74 0F            [12] 2351 	mov	a,#0x0f
      0001D2 F0               [24] 2352 	movx	@dptr,a
                                   2353 ;	..\AX_Radio_Lab_output\config.c:99: radio_write8(AX5043_REG_BBOFFSCAP      ,                              			0x77);
      0001D3 90 41 89         [24] 2354 	mov	dptr,#0x4189
      0001D6 74 77            [12] 2355 	mov	a,#0x77
      0001D8 F0               [24] 2356 	movx	@dptr,a
                                   2357 ;	..\AX_Radio_Lab_output\config.c:100: radio_write8(AX5043_REG_PKTADDRCFG     ,                              			0x81);
      0001D9 90 42 00         [24] 2358 	mov	dptr,#0x4200
      0001DC 74 81            [12] 2359 	mov	a,#0x81
      0001DE F0               [24] 2360 	movx	@dptr,a
                                   2361 ;	..\AX_Radio_Lab_output\config.c:101: radio_write8(AX5043_REG_PKTLENCFG      ,                              			0x80);
      0001DF 90 42 01         [24] 2362 	mov	dptr,#0x4201
      0001E2 14               [12] 2363 	dec	a
      0001E3 F0               [24] 2364 	movx	@dptr,a
                                   2365 ;	..\AX_Radio_Lab_output\config.c:102: radio_write8(AX5043_REG_PKTLENOFFSET   ,                              			0x01);
      0001E4 90 42 02         [24] 2366 	mov	dptr,#0x4202
      0001E7 23               [12] 2367 	rl	a
      0001E8 F0               [24] 2368 	movx	@dptr,a
                                   2369 ;	..\AX_Radio_Lab_output\config.c:103: radio_write8(AX5043_REG_PKTMAXLEN      ,                              			0xC8);
      0001E9 90 42 03         [24] 2370 	mov	dptr,#0x4203
      0001EC 74 C8            [12] 2371 	mov	a,#0xc8
      0001EE F0               [24] 2372 	movx	@dptr,a
                                   2373 ;	..\AX_Radio_Lab_output\config.c:104: radio_write8(AX5043_REG_MATCH0PAT3     ,                              			0x7B);
      0001EF 90 42 10         [24] 2374 	mov	dptr,#0x4210
      0001F2 74 7B            [12] 2375 	mov	a,#0x7b
      0001F4 F0               [24] 2376 	movx	@dptr,a
                                   2377 ;	..\AX_Radio_Lab_output\config.c:105: radio_write8(AX5043_REG_MATCH0PAT2     ,                              			0x8A);
      0001F5 90 42 11         [24] 2378 	mov	dptr,#0x4211
      0001F8 74 8A            [12] 2379 	mov	a,#0x8a
      0001FA F0               [24] 2380 	movx	@dptr,a
                                   2381 ;	..\AX_Radio_Lab_output\config.c:106: radio_write8(AX5043_REG_MATCH0PAT1     ,                              			0xD0);
      0001FB 90 42 12         [24] 2382 	mov	dptr,#0x4212
      0001FE 74 D0            [12] 2383 	mov	a,#0xd0
      000200 F0               [24] 2384 	movx	@dptr,a
                                   2385 ;	..\AX_Radio_Lab_output\config.c:107: radio_write8(AX5043_REG_MATCH0PAT0     ,                              			0xC9);
      000201 90 42 13         [24] 2386 	mov	dptr,#0x4213
      000204 74 C9            [12] 2387 	mov	a,#0xc9
      000206 F0               [24] 2388 	movx	@dptr,a
                                   2389 ;	..\AX_Radio_Lab_output\config.c:108: radio_write8(AX5043_REG_MATCH0LEN      ,                              			0x9F);
      000207 90 42 14         [24] 2390 	mov	dptr,#0x4214
      00020A 74 9F            [12] 2391 	mov	a,#0x9f
      00020C F0               [24] 2392 	movx	@dptr,a
                                   2393 ;	..\AX_Radio_Lab_output\config.c:109: radio_write8(AX5043_REG_MATCH0MAX      ,                              			0x1F);
      00020D 90 42 16         [24] 2394 	mov	dptr,#0x4216
      000210 74 1F            [12] 2395 	mov	a,#0x1f
      000212 F0               [24] 2396 	movx	@dptr,a
                                   2397 ;	..\AX_Radio_Lab_output\config.c:110: radio_write8(AX5043_REG_MATCH1PAT1     ,                              			0x55);
      000213 90 42 18         [24] 2398 	mov	dptr,#0x4218
      000216 74 55            [12] 2399 	mov	a,#0x55
      000218 F0               [24] 2400 	movx	@dptr,a
                                   2401 ;	..\AX_Radio_Lab_output\config.c:111: radio_write8(AX5043_REG_MATCH1PAT0     ,                              			0x55);
      000219 90 42 19         [24] 2402 	mov	dptr,#0x4219
      00021C F0               [24] 2403 	movx	@dptr,a
                                   2404 ;	..\AX_Radio_Lab_output\config.c:112: radio_write8(AX5043_REG_MATCH1LEN      ,                              			0x8A);
      00021D 90 42 1C         [24] 2405 	mov	dptr,#0x421c
      000220 74 8A            [12] 2406 	mov	a,#0x8a
      000222 F0               [24] 2407 	movx	@dptr,a
                                   2408 ;	..\AX_Radio_Lab_output\config.c:113: radio_write8(AX5043_REG_MATCH1MAX      ,                              			0x0A);
      000223 90 42 1E         [24] 2409 	mov	dptr,#0x421e
      000226 74 0A            [12] 2410 	mov	a,#0x0a
      000228 F0               [24] 2411 	movx	@dptr,a
                                   2412 ;	..\AX_Radio_Lab_output\config.c:114: radio_write8(AX5043_REG_TMGTXBOOST     ,                              			0x3E);
      000229 90 42 20         [24] 2413 	mov	dptr,#0x4220
      00022C 74 3E            [12] 2414 	mov	a,#0x3e
      00022E F0               [24] 2415 	movx	@dptr,a
                                   2416 ;	..\AX_Radio_Lab_output\config.c:115: radio_write8(AX5043_REG_TMGTXSETTLE    ,                              			0x31);
      00022F 90 42 21         [24] 2417 	mov	dptr,#0x4221
      000232 74 31            [12] 2418 	mov	a,#0x31
      000234 F0               [24] 2419 	movx	@dptr,a
                                   2420 ;	..\AX_Radio_Lab_output\config.c:116: radio_write8(AX5043_REG_TMGRXBOOST     ,                              			0x3E);
      000235 90 42 23         [24] 2421 	mov	dptr,#0x4223
      000238 74 3E            [12] 2422 	mov	a,#0x3e
      00023A F0               [24] 2423 	movx	@dptr,a
                                   2424 ;	..\AX_Radio_Lab_output\config.c:117: radio_write8(AX5043_REG_TMGRXSETTLE    ,                              			0x31);
      00023B 90 42 24         [24] 2425 	mov	dptr,#0x4224
      00023E 74 31            [12] 2426 	mov	a,#0x31
      000240 F0               [24] 2427 	movx	@dptr,a
                                   2428 ;	..\AX_Radio_Lab_output\config.c:118: radio_write8(AX5043_REG_TMGRXOFFSACQ   ,                              			0x00);
      000241 90 42 25         [24] 2429 	mov	dptr,#0x4225
      000244 E4               [12] 2430 	clr	a
      000245 F0               [24] 2431 	movx	@dptr,a
                                   2432 ;	..\AX_Radio_Lab_output\config.c:119: radio_write8(AX5043_REG_TMGRXCOARSEAGC ,                              			0x7F);
      000246 90 42 26         [24] 2433 	mov	dptr,#0x4226
      000249 74 7F            [12] 2434 	mov	a,#0x7f
      00024B F0               [24] 2435 	movx	@dptr,a
                                   2436 ;	..\AX_Radio_Lab_output\config.c:120: radio_write8(AX5043_REG_TMGRXRSSI      ,                              			0x03);
      00024C 90 42 28         [24] 2437 	mov	dptr,#0x4228
      00024F 74 03            [12] 2438 	mov	a,#0x03
      000251 F0               [24] 2439 	movx	@dptr,a
                                   2440 ;	..\AX_Radio_Lab_output\config.c:121: radio_write8(AX5043_REG_TMGRXPREAMBLE2 ,                              			0x35);
      000252 90 42 2A         [24] 2441 	mov	dptr,#0x422a
      000255 74 35            [12] 2442 	mov	a,#0x35
      000257 F0               [24] 2443 	movx	@dptr,a
                                   2444 ;	..\AX_Radio_Lab_output\config.c:122: radio_write8(AX5043_REG_RSSIABSTHR     ,                              			0xE0);
      000258 90 42 2D         [24] 2445 	mov	dptr,#0x422d
      00025B 74 E0            [12] 2446 	mov	a,#0xe0
      00025D F0               [24] 2447 	movx	@dptr,a
                                   2448 ;	..\AX_Radio_Lab_output\config.c:123: radio_write8(AX5043_REG_BGNDRSSITHR    ,                              			0x00);
      00025E 90 42 2F         [24] 2449 	mov	dptr,#0x422f
      000261 E4               [12] 2450 	clr	a
      000262 F0               [24] 2451 	movx	@dptr,a
                                   2452 ;	..\AX_Radio_Lab_output\config.c:124: radio_write8(AX5043_REG_PKTCHUNKSIZE   ,                              			0x0D);
      000263 90 42 30         [24] 2453 	mov	dptr,#0x4230
      000266 74 0D            [12] 2454 	mov	a,#0x0d
      000268 F0               [24] 2455 	movx	@dptr,a
                                   2456 ;	..\AX_Radio_Lab_output\config.c:125: radio_write8(AX5043_REG_PKTACCEPTFLAGS ,                              			0x20);
      000269 90 42 33         [24] 2457 	mov	dptr,#0x4233
      00026C 74 20            [12] 2458 	mov	a,#0x20
      00026E F0               [24] 2459 	movx	@dptr,a
                                   2460 ;	..\AX_Radio_Lab_output\config.c:126: radio_write8(AX5043_REG_DACVALUE1      ,                              			0x00);
      00026F 90 43 30         [24] 2461 	mov	dptr,#0x4330
      000272 E4               [12] 2462 	clr	a
      000273 F0               [24] 2463 	movx	@dptr,a
                                   2464 ;	..\AX_Radio_Lab_output\config.c:127: radio_write8(AX5043_REG_DACVALUE0      ,                              			0x00);
      000274 90 43 31         [24] 2465 	mov	dptr,#0x4331
      000277 F0               [24] 2466 	movx	@dptr,a
                                   2467 ;	..\AX_Radio_Lab_output\config.c:128: radio_write8(AX5043_REG_DACCONFIG      ,                              			0x00);
      000278 90 43 32         [24] 2468 	mov	dptr,#0x4332
      00027B F0               [24] 2469 	movx	@dptr,a
                                   2470 ;	..\AX_Radio_Lab_output\config.c:129: radio_write8(AX5043_REG_REF            ,                              			0x03);
      00027C 90 4F 0D         [24] 2471 	mov	dptr,#0x4f0d
      00027F 74 03            [12] 2472 	mov	a,#0x03
      000281 F0               [24] 2473 	movx	@dptr,a
                                   2474 ;	..\AX_Radio_Lab_output\config.c:130: radio_write8(AX5043_REG_XTALOSC        ,                              			0x04);
      000282 90 4F 10         [24] 2475 	mov	dptr,#0x4f10
      000285 04               [12] 2476 	inc	a
      000286 F0               [24] 2477 	movx	@dptr,a
                                   2478 ;	..\AX_Radio_Lab_output\config.c:131: radio_write8(AX5043_REG_XTALAMPL       ,                              			0x00);
      000287 90 4F 11         [24] 2479 	mov	dptr,#0x4f11
      00028A E4               [12] 2480 	clr	a
      00028B F0               [24] 2481 	movx	@dptr,a
                                   2482 ;	..\AX_Radio_Lab_output\config.c:132: radio_write8(AX5043_REG_0xF1C          ,                              			0x07);
      00028C 90 4F 1C         [24] 2483 	mov	dptr,#0x4f1c
      00028F 74 07            [12] 2484 	mov	a,#0x07
      000291 F0               [24] 2485 	movx	@dptr,a
                                   2486 ;	..\AX_Radio_Lab_output\config.c:133: radio_write8(AX5043_REG_0xF21          ,                              			0x68);
      000292 90 4F 21         [24] 2487 	mov	dptr,#0x4f21
      000295 74 68            [12] 2488 	mov	a,#0x68
      000297 F0               [24] 2489 	movx	@dptr,a
                                   2490 ;	..\AX_Radio_Lab_output\config.c:134: radio_write8(AX5043_REG_0xF22          ,                              			0xFF);
      000298 90 4F 22         [24] 2491 	mov	dptr,#0x4f22
      00029B 74 FF            [12] 2492 	mov	a,#0xff
      00029D F0               [24] 2493 	movx	@dptr,a
                                   2494 ;	..\AX_Radio_Lab_output\config.c:135: radio_write8(AX5043_REG_0xF23          ,                              			0x84);
      00029E 90 4F 23         [24] 2495 	mov	dptr,#0x4f23
      0002A1 74 84            [12] 2496 	mov	a,#0x84
      0002A3 F0               [24] 2497 	movx	@dptr,a
                                   2498 ;	..\AX_Radio_Lab_output\config.c:136: radio_write8(AX5043_REG_0xF26          ,                              			0x98);
      0002A4 90 4F 26         [24] 2499 	mov	dptr,#0x4f26
      0002A7 74 98            [12] 2500 	mov	a,#0x98
      0002A9 F0               [24] 2501 	movx	@dptr,a
                                   2502 ;	..\AX_Radio_Lab_output\config.c:137: radio_write8(AX5043_REG_0xF34          ,                              			0x08);
      0002AA 90 4F 34         [24] 2503 	mov	dptr,#0x4f34
      0002AD 74 08            [12] 2504 	mov	a,#0x08
      0002AF F0               [24] 2505 	movx	@dptr,a
                                   2506 ;	..\AX_Radio_Lab_output\config.c:138: radio_write8(AX5043_REG_0xF35          ,                              			0x11);
      0002B0 90 4F 35         [24] 2507 	mov	dptr,#0x4f35
      0002B3 74 11            [12] 2508 	mov	a,#0x11
      0002B5 F0               [24] 2509 	movx	@dptr,a
                                   2510 ;	..\AX_Radio_Lab_output\config.c:139: radio_write8(AX5043_REG_0xF44          ,                              			0x25);
      0002B6 90 4F 44         [24] 2511 	mov	dptr,#0x4f44
      0002B9 74 25            [12] 2512 	mov	a,#0x25
      0002BB F0               [24] 2513 	movx	@dptr,a
      0002BC 22               [24] 2514 	ret
                                   2515 ;------------------------------------------------------------
                                   2516 ;Allocation info for local variables in function 'ax5043_set_registers_tx'
                                   2517 ;------------------------------------------------------------
                                   2518 ;	..\AX_Radio_Lab_output\config.c:143: __reentrantb void ax5043_set_registers_tx(void) __reentrant
                                   2519 ;	-----------------------------------------
                                   2520 ;	 function ax5043_set_registers_tx
                                   2521 ;	-----------------------------------------
      0002BD                       2522 _ax5043_set_registers_tx:
                                   2523 ;	..\AX_Radio_Lab_output\config.c:145: radio_write8(AX5043_REG_PLLLOOP        ,                              			0x07);
      0002BD 90 40 30         [24] 2524 	mov	dptr,#0x4030
      0002C0 74 07            [12] 2525 	mov	a,#0x07
      0002C2 F0               [24] 2526 	movx	@dptr,a
                                   2527 ;	..\AX_Radio_Lab_output\config.c:146: radio_write8(AX5043_REG_PLLCPI         ,                              			0x12);
      0002C3 90 40 31         [24] 2528 	mov	dptr,#0x4031
      0002C6 74 12            [12] 2529 	mov	a,#0x12
      0002C8 F0               [24] 2530 	movx	@dptr,a
                                   2531 ;	..\AX_Radio_Lab_output\config.c:147: radio_write8(AX5043_REG_PLLVCODIV      ,                              			0x20);
      0002C9 90 40 32         [24] 2532 	mov	dptr,#0x4032
      0002CC 74 20            [12] 2533 	mov	a,#0x20
      0002CE F0               [24] 2534 	movx	@dptr,a
                                   2535 ;	..\AX_Radio_Lab_output\config.c:148: radio_write8(AX5043_REG_XTALCAP        ,                              			0x00);
      0002CF 90 41 84         [24] 2536 	mov	dptr,#0x4184
      0002D2 E4               [12] 2537 	clr	a
      0002D3 F0               [24] 2538 	movx	@dptr,a
                                   2539 ;	..\AX_Radio_Lab_output\config.c:149: radio_write8(AX5043_REG_0xF00          ,                              			0x0F);
      0002D4 90 4F 00         [24] 2540 	mov	dptr,#0x4f00
      0002D7 74 0F            [12] 2541 	mov	a,#0x0f
      0002D9 F0               [24] 2542 	movx	@dptr,a
                                   2543 ;	..\AX_Radio_Lab_output\config.c:150: radio_write8(AX5043_REG_0xF18          ,                              			0x06);
      0002DA 90 4F 18         [24] 2544 	mov	dptr,#0x4f18
      0002DD 74 06            [12] 2545 	mov	a,#0x06
      0002DF F0               [24] 2546 	movx	@dptr,a
      0002E0 22               [24] 2547 	ret
                                   2548 ;------------------------------------------------------------
                                   2549 ;Allocation info for local variables in function 'ax5043_set_registers_rx'
                                   2550 ;------------------------------------------------------------
                                   2551 ;	..\AX_Radio_Lab_output\config.c:154: __reentrantb void ax5043_set_registers_rx(void) __reentrant
                                   2552 ;	-----------------------------------------
                                   2553 ;	 function ax5043_set_registers_rx
                                   2554 ;	-----------------------------------------
      0002E1                       2555 _ax5043_set_registers_rx:
                                   2556 ;	..\AX_Radio_Lab_output\config.c:156: radio_write8(AX5043_REG_PLLLOOP        ,                              			0x07);
      0002E1 90 40 30         [24] 2557 	mov	dptr,#0x4030
      0002E4 74 07            [12] 2558 	mov	a,#0x07
      0002E6 F0               [24] 2559 	movx	@dptr,a
                                   2560 ;	..\AX_Radio_Lab_output\config.c:157: radio_write8(AX5043_REG_PLLCPI         ,                              			0x08);
      0002E7 90 40 31         [24] 2561 	mov	dptr,#0x4031
      0002EA 04               [12] 2562 	inc	a
      0002EB F0               [24] 2563 	movx	@dptr,a
                                   2564 ;	..\AX_Radio_Lab_output\config.c:158: radio_write8(AX5043_REG_PLLVCODIV      ,                              			0x20);
      0002EC 90 40 32         [24] 2565 	mov	dptr,#0x4032
      0002EF 74 20            [12] 2566 	mov	a,#0x20
      0002F1 F0               [24] 2567 	movx	@dptr,a
                                   2568 ;	..\AX_Radio_Lab_output\config.c:159: radio_write8(AX5043_REG_XTALCAP        ,                              			0x00);
      0002F2 90 41 84         [24] 2569 	mov	dptr,#0x4184
      0002F5 E4               [12] 2570 	clr	a
      0002F6 F0               [24] 2571 	movx	@dptr,a
                                   2572 ;	..\AX_Radio_Lab_output\config.c:160: radio_write8(AX5043_REG_0xF00          ,                              			0x0F);
      0002F7 90 4F 00         [24] 2573 	mov	dptr,#0x4f00
      0002FA 74 0F            [12] 2574 	mov	a,#0x0f
      0002FC F0               [24] 2575 	movx	@dptr,a
                                   2576 ;	..\AX_Radio_Lab_output\config.c:161: radio_write8(AX5043_REG_0xF18          ,                              			0x06);
      0002FD 90 4F 18         [24] 2577 	mov	dptr,#0x4f18
      000300 74 06            [12] 2578 	mov	a,#0x06
      000302 F0               [24] 2579 	movx	@dptr,a
      000303 22               [24] 2580 	ret
                                   2581 ;------------------------------------------------------------
                                   2582 ;Allocation info for local variables in function 'ax5043_set_registers_rxwor'
                                   2583 ;------------------------------------------------------------
                                   2584 ;	..\AX_Radio_Lab_output\config.c:165: __reentrantb void ax5043_set_registers_rxwor(void) __reentrant
                                   2585 ;	-----------------------------------------
                                   2586 ;	 function ax5043_set_registers_rxwor
                                   2587 ;	-----------------------------------------
      000304                       2588 _ax5043_set_registers_rxwor:
                                   2589 ;	..\AX_Radio_Lab_output\config.c:167: radio_write8(AX5043_REG_TMGRXAGC,                 0x0A);
      000304 90 42 27         [24] 2590 	mov	dptr,#0x4227
      000307 74 0A            [12] 2591 	mov	a,#0x0a
      000309 F0               [24] 2592 	movx	@dptr,a
                                   2593 ;	..\AX_Radio_Lab_output\config.c:168: radio_write8(AX5043_REG_TMGRXPREAMBLE1,           0x19);
      00030A 90 42 29         [24] 2594 	mov	dptr,#0x4229
      00030D 74 19            [12] 2595 	mov	a,#0x19
      00030F F0               [24] 2596 	movx	@dptr,a
                                   2597 ;	..\AX_Radio_Lab_output\config.c:169: radio_write8(AX5043_REG_PKTMISCFLAGS,             0x03);
      000310 90 42 31         [24] 2598 	mov	dptr,#0x4231
      000313 74 03            [12] 2599 	mov	a,#0x03
      000315 F0               [24] 2600 	movx	@dptr,a
      000316 22               [24] 2601 	ret
                                   2602 ;------------------------------------------------------------
                                   2603 ;Allocation info for local variables in function 'ax5043_set_registers_rxcont'
                                   2604 ;------------------------------------------------------------
                                   2605 ;	..\AX_Radio_Lab_output\config.c:173: __reentrantb void ax5043_set_registers_rxcont(void) __reentrant
                                   2606 ;	-----------------------------------------
                                   2607 ;	 function ax5043_set_registers_rxcont
                                   2608 ;	-----------------------------------------
      000317                       2609 _ax5043_set_registers_rxcont:
                                   2610 ;	..\AX_Radio_Lab_output\config.c:175: radio_write8(AX5043_REG_TMGRXAGC,                 0x00);
      000317 90 42 27         [24] 2611 	mov	dptr,#0x4227
      00031A E4               [12] 2612 	clr	a
      00031B F0               [24] 2613 	movx	@dptr,a
                                   2614 ;	..\AX_Radio_Lab_output\config.c:176: radio_write8(AX5043_REG_TMGRXPREAMBLE1,           0x00);
      00031C 90 42 29         [24] 2615 	mov	dptr,#0x4229
      00031F F0               [24] 2616 	movx	@dptr,a
                                   2617 ;	..\AX_Radio_Lab_output\config.c:177: radio_write8(AX5043_REG_PKTMISCFLAGS,             0x00);
      000320 90 42 31         [24] 2618 	mov	dptr,#0x4231
      000323 F0               [24] 2619 	movx	@dptr,a
      000324 22               [24] 2620 	ret
                                   2621 ;------------------------------------------------------------
                                   2622 ;Allocation info for local variables in function 'ax5043_set_registers_rxcont_singleparamset'
                                   2623 ;------------------------------------------------------------
                                   2624 ;	..\AX_Radio_Lab_output\config.c:181: __reentrantb void ax5043_set_registers_rxcont_singleparamset(void) __reentrant
                                   2625 ;	-----------------------------------------
                                   2626 ;	 function ax5043_set_registers_rxcont_singleparamset
                                   2627 ;	-----------------------------------------
      000325                       2628 _ax5043_set_registers_rxcont_singleparamset:
                                   2629 ;	..\AX_Radio_Lab_output\config.c:183: radio_write8(AX5043_REG_RXPARAMSETS,              0xFF);
      000325 90 41 17         [24] 2630 	mov	dptr,#0x4117
      000328 74 FF            [12] 2631 	mov	a,#0xff
      00032A F0               [24] 2632 	movx	@dptr,a
                                   2633 ;	..\AX_Radio_Lab_output\config.c:184: radio_write8(AX5043_REG_FREQDEV13,                0x00);
      00032B 90 41 5C         [24] 2634 	mov	dptr,#0x415c
      00032E E4               [12] 2635 	clr	a
      00032F F0               [24] 2636 	movx	@dptr,a
                                   2637 ;	..\AX_Radio_Lab_output\config.c:185: radio_write8(AX5043_REG_FREQDEV03,                0x00);
      000330 90 41 5D         [24] 2638 	mov	dptr,#0x415d
      000333 F0               [24] 2639 	movx	@dptr,a
                                   2640 ;	..\AX_Radio_Lab_output\config.c:186: radio_write8(AX5043_REG_AGCGAIN3,                 0xE7);
      000334 90 41 50         [24] 2641 	mov	dptr,#0x4150
      000337 74 E7            [12] 2642 	mov	a,#0xe7
      000339 F0               [24] 2643 	movx	@dptr,a
      00033A 22               [24] 2644 	ret
                                   2645 ;------------------------------------------------------------
                                   2646 ;Allocation info for local variables in function 'axradio_setup_pincfg1'
                                   2647 ;------------------------------------------------------------
                                   2648 ;	..\AX_Radio_Lab_output\config.c:191: __reentrantb void axradio_setup_pincfg1(void) __reentrant
                                   2649 ;	-----------------------------------------
                                   2650 ;	 function axradio_setup_pincfg1
                                   2651 ;	-----------------------------------------
      00033B                       2652 _axradio_setup_pincfg1:
                                   2653 ;	..\AX_Radio_Lab_output\config.c:196: PALTRADIO = 0x00; //pass through  
      00033B 90 70 46         [24] 2654 	mov	dptr,#_PALTRADIO
      00033E E4               [12] 2655 	clr	a
      00033F F0               [24] 2656 	movx	@dptr,a
      000340 22               [24] 2657 	ret
                                   2658 ;------------------------------------------------------------
                                   2659 ;Allocation info for local variables in function 'axradio_setup_pincfg2'
                                   2660 ;------------------------------------------------------------
                                   2661 ;	..\AX_Radio_Lab_output\config.c:201: __reentrantb void axradio_setup_pincfg2(void) __reentrant
                                   2662 ;	-----------------------------------------
                                   2663 ;	 function axradio_setup_pincfg2
                                   2664 ;	-----------------------------------------
      000341                       2665 _axradio_setup_pincfg2:
                                   2666 ;	..\AX_Radio_Lab_output\config.c:206: PORTR = (PORTR & 0x3F) | 0x00; //AX8052F143 --> no pull-ups on PR6, PR7
      000341 53 8C 3F         [24] 2667 	anl	_PORTR,#0x3f
      000344 22               [24] 2668 	ret
                                   2669 ;------------------------------------------------------------
                                   2670 ;Allocation info for local variables in function 'axradio_conv_freq_fromhz'
                                   2671 ;------------------------------------------------------------
                                   2672 ;f                         Allocated to registers 
                                   2673 ;------------------------------------------------------------
                                   2674 ;	..\AX_Radio_Lab_output\config.c:614: int32_t axradio_conv_freq_fromhz(int32_t f)
                                   2675 ;	-----------------------------------------
                                   2676 ;	 function axradio_conv_freq_fromhz
                                   2677 ;	-----------------------------------------
      000345                       2678 _axradio_conv_freq_fromhz:
                                   2679 ;	..\AX_Radio_Lab_output\config.c:620: CONSTMULFIX24(0xa530e8);
      000345 A8 82            [24] 2680 	mov r0,dpl 
      000347 A9 83            [24] 2681 	mov r1,dph 
      000349 AA F0            [24] 2682 	mov r2,b 
      00034B FB               [12] 2683 	mov r3,a 
      00034C C0 E0            [24] 2684 	push acc 
      00034E 30 E7 0D         [24] 2685 	jnb acc.7,00000$ 
      000351 C3               [12] 2686 	clr c 
      000352 E4               [12] 2687 	clr a 
      000353 98               [12] 2688 	subb a,r0 
      000354 F8               [12] 2689 	mov r0,a 
      000355 E4               [12] 2690 	clr a 
      000356 99               [12] 2691 	subb a,r1 
      000357 F9               [12] 2692 	mov r1,a 
      000358 E4               [12] 2693 	clr a 
      000359 9A               [12] 2694 	subb a,r2 
      00035A FA               [12] 2695 	mov r2,a 
      00035B E4               [12] 2696 	clr a 
      00035C 9B               [12] 2697 	subb a,r3 
      00035D FB               [12] 2698 	mov r3,a 
      00035E                       2699 	 00000$:
      00035E E4               [12] 2700 	clr a 
      00035F FC               [12] 2701 	mov r4,a 
      000360 FD               [12] 2702 	mov r5,a 
      000361 FE               [12] 2703 	mov r6,a 
      000362 FF               [12] 2704 	mov r7,a 
                                   2705 ;; stage -1 
                           000001  2706 	.if (((0xa530e8)>>16)&0xff) 
      000363 74 A5            [12] 2707 	mov a,# (((0xa530e8)>>16)&0xff) 
      000365 88 F0            [24] 2708 	mov b,r0 
      000367 A4               [48] 2709 	mul ab 
      000368 FF               [12] 2710 	mov r7,a 
      000369 AC F0            [24] 2711 	mov r4,b 
                                   2712 	.endif 
                           000001  2713 	.if (((0xa530e8)>>8)&0xff) 
      00036B 74 30            [12] 2714 	mov a,# (((0xa530e8)>>8)&0xff) 
      00036D 89 F0            [24] 2715 	mov b,r1 
      00036F A4               [48] 2716 	mul ab 
                           000001  2717 	.if (((0xa530e8)>>16)&0xff) 
      000370 2F               [12] 2718 	add a,r7 
      000371 FF               [12] 2719 	mov r7,a 
      000372 E5 F0            [12] 2720 	mov a,b 
      000374 3C               [12] 2721 	addc a,r4 
      000375 FC               [12] 2722 	mov r4,a 
      000376 E4               [12] 2723 	clr a 
      000377 3D               [12] 2724 	addc a,r5 
      000378 FD               [12] 2725 	mov r5,a 
                           000000  2726 	.else 
                                   2727 	mov r7,a 
                                   2728 	mov r4,b 
                                   2729 	.endif 
                                   2730 	.endif 
                           000001  2731 	.if ((0xa530e8)&0xff) 
      000379 74 E8            [12] 2732 	mov a,# ((0xa530e8)&0xff) 
      00037B 8A F0            [24] 2733 	mov b,r2 
      00037D A4               [48] 2734 	mul ab 
                           000001  2735 	.if (((0xa530e8)>>8)&0xffff) 
      00037E 2F               [12] 2736 	add a,r7 
      00037F FF               [12] 2737 	mov r7,a 
      000380 E5 F0            [12] 2738 	mov a,b 
      000382 3C               [12] 2739 	addc a,r4 
      000383 FC               [12] 2740 	mov r4,a 
      000384 E4               [12] 2741 	clr a 
      000385 3D               [12] 2742 	addc a,r5 
      000386 FD               [12] 2743 	mov r5,a 
                           000000  2744 	.else 
                                   2745 	mov r7,a 
                                   2746 	mov r4,b 
                                   2747 	.endif 
                                   2748 	.endif 
                                   2749 ;; clear precision extension 
      000387 E4               [12] 2750 	clr a 
      000388 FF               [12] 2751 	mov r7,a 
                                   2752 ;; stage 0 
                           000000  2753 	.if (((0xa530e8)>>24)&0xff) 
                                   2754 	mov a,# (((0xa530e8)>>24)&0xff) 
                                   2755 	mov b,r0 
                                   2756 	mul ab 
                                   2757 	add a,r4 
                                   2758 	mov r4,a 
                                   2759 	mov a,b 
                                   2760 	addc a,r5 
                                   2761 	mov r5,a 
                                   2762 	clr a 
                                   2763 	addc a,r6 
                                   2764 	mov r6,a 
                                   2765 	.endif 
                           000001  2766 	.if (((0xa530e8)>>16)&0xff) 
      000389 74 A5            [12] 2767 	mov a,# (((0xa530e8)>>16)&0xff) 
      00038B 89 F0            [24] 2768 	mov b,r1 
      00038D A4               [48] 2769 	mul ab 
      00038E 2C               [12] 2770 	add a,r4 
      00038F FC               [12] 2771 	mov r4,a 
      000390 E5 F0            [12] 2772 	mov a,b 
      000392 3D               [12] 2773 	addc a,r5 
      000393 FD               [12] 2774 	mov r5,a 
      000394 E4               [12] 2775 	clr a 
      000395 3E               [12] 2776 	addc a,r6 
      000396 FE               [12] 2777 	mov r6,a 
                                   2778 	.endif 
                           000001  2779 	.if (((0xa530e8)>>8)&0xff) 
      000397 74 30            [12] 2780 	mov a,# (((0xa530e8)>>8)&0xff) 
      000399 8A F0            [24] 2781 	mov b,r2 
      00039B A4               [48] 2782 	mul ab 
      00039C 2C               [12] 2783 	add a,r4 
      00039D FC               [12] 2784 	mov r4,a 
      00039E E5 F0            [12] 2785 	mov a,b 
      0003A0 3D               [12] 2786 	addc a,r5 
      0003A1 FD               [12] 2787 	mov r5,a 
      0003A2 E4               [12] 2788 	clr a 
      0003A3 3E               [12] 2789 	addc a,r6 
      0003A4 FE               [12] 2790 	mov r6,a 
                                   2791 	.endif 
                           000001  2792 	.if ((0xa530e8)&0xff) 
      0003A5 74 E8            [12] 2793 	mov a,# ((0xa530e8)&0xff) 
      0003A7 8B F0            [24] 2794 	mov b,r3 
      0003A9 A4               [48] 2795 	mul ab 
      0003AA 2C               [12] 2796 	add a,r4 
      0003AB FC               [12] 2797 	mov r4,a 
      0003AC E5 F0            [12] 2798 	mov a,b 
      0003AE 3D               [12] 2799 	addc a,r5 
      0003AF FD               [12] 2800 	mov r5,a 
      0003B0 E4               [12] 2801 	clr a 
      0003B1 3E               [12] 2802 	addc a,r6 
      0003B2 FE               [12] 2803 	mov r6,a 
                                   2804 	.endif 
                                   2805 ;; stage 1 
                           000000  2806 	.if (((0xa530e8)>>24)&0xff) 
                                   2807 	mov a,# (((0xa530e8)>>24)&0xff) 
                                   2808 	mov b,r1 
                                   2809 	mul ab 
                                   2810 	add a,r5 
                                   2811 	mov r5,a 
                                   2812 	mov a,b 
                                   2813 	addc a,r6 
                                   2814 	mov r6,a 
                                   2815 	clr a 
                                   2816 	addc a,r7 
                                   2817 	mov r7,a 
                                   2818 	.endif 
                           000001  2819 	.if (((0xa530e8)>>16)&0xff) 
      0003B3 74 A5            [12] 2820 	mov a,# (((0xa530e8)>>16)&0xff) 
      0003B5 8A F0            [24] 2821 	mov b,r2 
      0003B7 A4               [48] 2822 	mul ab 
      0003B8 2D               [12] 2823 	add a,r5 
      0003B9 FD               [12] 2824 	mov r5,a 
      0003BA E5 F0            [12] 2825 	mov a,b 
      0003BC 3E               [12] 2826 	addc a,r6 
      0003BD FE               [12] 2827 	mov r6,a 
      0003BE E4               [12] 2828 	clr a 
      0003BF 3F               [12] 2829 	addc a,r7 
      0003C0 FF               [12] 2830 	mov r7,a 
                                   2831 	.endif 
                           000001  2832 	.if (((0xa530e8)>>8)&0xff) 
      0003C1 74 30            [12] 2833 	mov a,# (((0xa530e8)>>8)&0xff) 
      0003C3 8B F0            [24] 2834 	mov b,r3 
      0003C5 A4               [48] 2835 	mul ab 
      0003C6 2D               [12] 2836 	add a,r5 
      0003C7 FD               [12] 2837 	mov r5,a 
      0003C8 E5 F0            [12] 2838 	mov a,b 
      0003CA 3E               [12] 2839 	addc a,r6 
      0003CB FE               [12] 2840 	mov r6,a 
      0003CC E4               [12] 2841 	clr a 
      0003CD 3F               [12] 2842 	addc a,r7 
      0003CE FF               [12] 2843 	mov r7,a 
                                   2844 	.endif 
                                   2845 ;; stage 2 
                           000000  2846 	.if (((0xa530e8)>>24)&0xff) 
                                   2847 	mov a,# (((0xa530e8)>>24)&0xff) 
                                   2848 	mov b,r2 
                                   2849 	mul ab 
                                   2850 	add a,r6 
                                   2851 	mov r6,a 
                                   2852 	mov a,b 
                                   2853 	addc a,r7 
                                   2854 	mov r7,a 
                                   2855 	.endif 
                           000001  2856 	.if (((0xa530e8)>>16)&0xff) 
      0003CF 74 A5            [12] 2857 	mov a,# (((0xa530e8)>>16)&0xff) 
      0003D1 8B F0            [24] 2858 	mov b,r3 
      0003D3 A4               [48] 2859 	mul ab 
      0003D4 2E               [12] 2860 	add a,r6 
      0003D5 FE               [12] 2861 	mov r6,a 
      0003D6 E5 F0            [12] 2862 	mov a,b 
      0003D8 3F               [12] 2863 	addc a,r7 
      0003D9 FF               [12] 2864 	mov r7,a 
                                   2865 	.endif 
                                   2866 ;; stage 3 
                           000000  2867 	.if (((0xa530e8)>>24)&0xff) 
                                   2868 	mov a,# (((0xa530e8)>>24)&0xff) 
                                   2869 	mov b,r3 
                                   2870 	mul ab 
                                   2871 	add a,r7 
                                   2872 	mov r7,a 
                                   2873 	.endif 
      0003DA D0 E0            [24] 2874 	pop acc 
      0003DC 30 E7 11         [24] 2875 	jnb acc.7,00001$ 
      0003DF C3               [12] 2876 	clr c 
      0003E0 E4               [12] 2877 	clr a 
      0003E1 9C               [12] 2878 	subb a,r4 
      0003E2 F5 82            [12] 2879 	mov dpl,a 
      0003E4 E4               [12] 2880 	clr a 
      0003E5 9D               [12] 2881 	subb a,r5 
      0003E6 F5 83            [12] 2882 	mov dph,a 
      0003E8 E4               [12] 2883 	clr a 
      0003E9 9E               [12] 2884 	subb a,r6 
      0003EA F5 F0            [12] 2885 	mov b,a 
      0003EC E4               [12] 2886 	clr a 
      0003ED 9F               [12] 2887 	subb a,r7 
      0003EE 80 07            [24] 2888 	sjmp 00002$ 
      0003F0                       2889 	 00001$:
      0003F0 8C 82            [24] 2890 	mov dpl,r4 
      0003F2 8D 83            [24] 2891 	mov dph,r5 
      0003F4 8E F0            [24] 2892 	mov b,r6 
      0003F6 EF               [12] 2893 	mov a,r7 
      0003F7                       2894 	 00002$:
      0003F7 22               [24] 2895 	ret
                                   2896 ;------------------------------------------------------------
                                   2897 ;Allocation info for local variables in function 'axradio_conv_freq_tohz'
                                   2898 ;------------------------------------------------------------
                                   2899 ;f                         Allocated to registers 
                                   2900 ;------------------------------------------------------------
                                   2901 ;	..\AX_Radio_Lab_output\config.c:626: int32_t axradio_conv_freq_tohz(int32_t f)
                                   2902 ;	-----------------------------------------
                                   2903 ;	 function axradio_conv_freq_tohz
                                   2904 ;	-----------------------------------------
      0003F8                       2905 _axradio_conv_freq_tohz:
                                   2906 ;	..\AX_Radio_Lab_output\config.c:632: CONSTMULFIX24(0x18cba80);
      0003F8 A8 82            [24] 2907 	mov r0,dpl 
      0003FA A9 83            [24] 2908 	mov r1,dph 
      0003FC AA F0            [24] 2909 	mov r2,b 
      0003FE FB               [12] 2910 	mov r3,a 
      0003FF C0 E0            [24] 2911 	push acc 
      000401 30 E7 0D         [24] 2912 	jnb acc.7,00000$ 
      000404 C3               [12] 2913 	clr c 
      000405 E4               [12] 2914 	clr a 
      000406 98               [12] 2915 	subb a,r0 
      000407 F8               [12] 2916 	mov r0,a 
      000408 E4               [12] 2917 	clr a 
      000409 99               [12] 2918 	subb a,r1 
      00040A F9               [12] 2919 	mov r1,a 
      00040B E4               [12] 2920 	clr a 
      00040C 9A               [12] 2921 	subb a,r2 
      00040D FA               [12] 2922 	mov r2,a 
      00040E E4               [12] 2923 	clr a 
      00040F 9B               [12] 2924 	subb a,r3 
      000410 FB               [12] 2925 	mov r3,a 
      000411                       2926 	 00000$:
      000411 E4               [12] 2927 	clr a 
      000412 FC               [12] 2928 	mov r4,a 
      000413 FD               [12] 2929 	mov r5,a 
      000414 FE               [12] 2930 	mov r6,a 
      000415 FF               [12] 2931 	mov r7,a 
                                   2932 ;; stage -1 
                           000001  2933 	.if (((0x18cba80)>>16)&0xff) 
      000416 74 8C            [12] 2934 	mov a,# (((0x18cba80)>>16)&0xff) 
      000418 88 F0            [24] 2935 	mov b,r0 
      00041A A4               [48] 2936 	mul ab 
      00041B FF               [12] 2937 	mov r7,a 
      00041C AC F0            [24] 2938 	mov r4,b 
                                   2939 	.endif 
                           000001  2940 	.if (((0x18cba80)>>8)&0xff) 
      00041E 74 BA            [12] 2941 	mov a,# (((0x18cba80)>>8)&0xff) 
      000420 89 F0            [24] 2942 	mov b,r1 
      000422 A4               [48] 2943 	mul ab 
                           000001  2944 	.if (((0x18cba80)>>16)&0xff) 
      000423 2F               [12] 2945 	add a,r7 
      000424 FF               [12] 2946 	mov r7,a 
      000425 E5 F0            [12] 2947 	mov a,b 
      000427 3C               [12] 2948 	addc a,r4 
      000428 FC               [12] 2949 	mov r4,a 
      000429 E4               [12] 2950 	clr a 
      00042A 3D               [12] 2951 	addc a,r5 
      00042B FD               [12] 2952 	mov r5,a 
                           000000  2953 	.else 
                                   2954 	mov r7,a 
                                   2955 	mov r4,b 
                                   2956 	.endif 
                                   2957 	.endif 
                           000001  2958 	.if ((0x18cba80)&0xff) 
      00042C 74 80            [12] 2959 	mov a,# ((0x18cba80)&0xff) 
      00042E 8A F0            [24] 2960 	mov b,r2 
      000430 A4               [48] 2961 	mul ab 
                           000001  2962 	.if (((0x18cba80)>>8)&0xffff) 
      000431 2F               [12] 2963 	add a,r7 
      000432 FF               [12] 2964 	mov r7,a 
      000433 E5 F0            [12] 2965 	mov a,b 
      000435 3C               [12] 2966 	addc a,r4 
      000436 FC               [12] 2967 	mov r4,a 
      000437 E4               [12] 2968 	clr a 
      000438 3D               [12] 2969 	addc a,r5 
      000439 FD               [12] 2970 	mov r5,a 
                           000000  2971 	.else 
                                   2972 	mov r7,a 
                                   2973 	mov r4,b 
                                   2974 	.endif 
                                   2975 	.endif 
                                   2976 ;; clear precision extension 
      00043A E4               [12] 2977 	clr a 
      00043B FF               [12] 2978 	mov r7,a 
                                   2979 ;; stage 0 
                           000001  2980 	.if (((0x18cba80)>>24)&0xff) 
      00043C 74 01            [12] 2981 	mov a,# (((0x18cba80)>>24)&0xff) 
      00043E 88 F0            [24] 2982 	mov b,r0 
      000440 A4               [48] 2983 	mul ab 
      000441 2C               [12] 2984 	add a,r4 
      000442 FC               [12] 2985 	mov r4,a 
      000443 E5 F0            [12] 2986 	mov a,b 
      000445 3D               [12] 2987 	addc a,r5 
      000446 FD               [12] 2988 	mov r5,a 
      000447 E4               [12] 2989 	clr a 
      000448 3E               [12] 2990 	addc a,r6 
      000449 FE               [12] 2991 	mov r6,a 
                                   2992 	.endif 
                           000001  2993 	.if (((0x18cba80)>>16)&0xff) 
      00044A 74 8C            [12] 2994 	mov a,# (((0x18cba80)>>16)&0xff) 
      00044C 89 F0            [24] 2995 	mov b,r1 
      00044E A4               [48] 2996 	mul ab 
      00044F 2C               [12] 2997 	add a,r4 
      000450 FC               [12] 2998 	mov r4,a 
      000451 E5 F0            [12] 2999 	mov a,b 
      000453 3D               [12] 3000 	addc a,r5 
      000454 FD               [12] 3001 	mov r5,a 
      000455 E4               [12] 3002 	clr a 
      000456 3E               [12] 3003 	addc a,r6 
      000457 FE               [12] 3004 	mov r6,a 
                                   3005 	.endif 
                           000001  3006 	.if (((0x18cba80)>>8)&0xff) 
      000458 74 BA            [12] 3007 	mov a,# (((0x18cba80)>>8)&0xff) 
      00045A 8A F0            [24] 3008 	mov b,r2 
      00045C A4               [48] 3009 	mul ab 
      00045D 2C               [12] 3010 	add a,r4 
      00045E FC               [12] 3011 	mov r4,a 
      00045F E5 F0            [12] 3012 	mov a,b 
      000461 3D               [12] 3013 	addc a,r5 
      000462 FD               [12] 3014 	mov r5,a 
      000463 E4               [12] 3015 	clr a 
      000464 3E               [12] 3016 	addc a,r6 
      000465 FE               [12] 3017 	mov r6,a 
                                   3018 	.endif 
                           000001  3019 	.if ((0x18cba80)&0xff) 
      000466 74 80            [12] 3020 	mov a,# ((0x18cba80)&0xff) 
      000468 8B F0            [24] 3021 	mov b,r3 
      00046A A4               [48] 3022 	mul ab 
      00046B 2C               [12] 3023 	add a,r4 
      00046C FC               [12] 3024 	mov r4,a 
      00046D E5 F0            [12] 3025 	mov a,b 
      00046F 3D               [12] 3026 	addc a,r5 
      000470 FD               [12] 3027 	mov r5,a 
      000471 E4               [12] 3028 	clr a 
      000472 3E               [12] 3029 	addc a,r6 
      000473 FE               [12] 3030 	mov r6,a 
                                   3031 	.endif 
                                   3032 ;; stage 1 
                           000001  3033 	.if (((0x18cba80)>>24)&0xff) 
      000474 74 01            [12] 3034 	mov a,# (((0x18cba80)>>24)&0xff) 
      000476 89 F0            [24] 3035 	mov b,r1 
      000478 A4               [48] 3036 	mul ab 
      000479 2D               [12] 3037 	add a,r5 
      00047A FD               [12] 3038 	mov r5,a 
      00047B E5 F0            [12] 3039 	mov a,b 
      00047D 3E               [12] 3040 	addc a,r6 
      00047E FE               [12] 3041 	mov r6,a 
      00047F E4               [12] 3042 	clr a 
      000480 3F               [12] 3043 	addc a,r7 
      000481 FF               [12] 3044 	mov r7,a 
                                   3045 	.endif 
                           000001  3046 	.if (((0x18cba80)>>16)&0xff) 
      000482 74 8C            [12] 3047 	mov a,# (((0x18cba80)>>16)&0xff) 
      000484 8A F0            [24] 3048 	mov b,r2 
      000486 A4               [48] 3049 	mul ab 
      000487 2D               [12] 3050 	add a,r5 
      000488 FD               [12] 3051 	mov r5,a 
      000489 E5 F0            [12] 3052 	mov a,b 
      00048B 3E               [12] 3053 	addc a,r6 
      00048C FE               [12] 3054 	mov r6,a 
      00048D E4               [12] 3055 	clr a 
      00048E 3F               [12] 3056 	addc a,r7 
      00048F FF               [12] 3057 	mov r7,a 
                                   3058 	.endif 
                           000001  3059 	.if (((0x18cba80)>>8)&0xff) 
      000490 74 BA            [12] 3060 	mov a,# (((0x18cba80)>>8)&0xff) 
      000492 8B F0            [24] 3061 	mov b,r3 
      000494 A4               [48] 3062 	mul ab 
      000495 2D               [12] 3063 	add a,r5 
      000496 FD               [12] 3064 	mov r5,a 
      000497 E5 F0            [12] 3065 	mov a,b 
      000499 3E               [12] 3066 	addc a,r6 
      00049A FE               [12] 3067 	mov r6,a 
      00049B E4               [12] 3068 	clr a 
      00049C 3F               [12] 3069 	addc a,r7 
      00049D FF               [12] 3070 	mov r7,a 
                                   3071 	.endif 
                                   3072 ;; stage 2 
                           000001  3073 	.if (((0x18cba80)>>24)&0xff) 
      00049E 74 01            [12] 3074 	mov a,# (((0x18cba80)>>24)&0xff) 
      0004A0 8A F0            [24] 3075 	mov b,r2 
      0004A2 A4               [48] 3076 	mul ab 
      0004A3 2E               [12] 3077 	add a,r6 
      0004A4 FE               [12] 3078 	mov r6,a 
      0004A5 E5 F0            [12] 3079 	mov a,b 
      0004A7 3F               [12] 3080 	addc a,r7 
      0004A8 FF               [12] 3081 	mov r7,a 
                                   3082 	.endif 
                           000001  3083 	.if (((0x18cba80)>>16)&0xff) 
      0004A9 74 8C            [12] 3084 	mov a,# (((0x18cba80)>>16)&0xff) 
      0004AB 8B F0            [24] 3085 	mov b,r3 
      0004AD A4               [48] 3086 	mul ab 
      0004AE 2E               [12] 3087 	add a,r6 
      0004AF FE               [12] 3088 	mov r6,a 
      0004B0 E5 F0            [12] 3089 	mov a,b 
      0004B2 3F               [12] 3090 	addc a,r7 
      0004B3 FF               [12] 3091 	mov r7,a 
                                   3092 	.endif 
                                   3093 ;; stage 3 
                           000001  3094 	.if (((0x18cba80)>>24)&0xff) 
      0004B4 74 01            [12] 3095 	mov a,# (((0x18cba80)>>24)&0xff) 
      0004B6 8B F0            [24] 3096 	mov b,r3 
      0004B8 A4               [48] 3097 	mul ab 
      0004B9 2F               [12] 3098 	add a,r7 
      0004BA FF               [12] 3099 	mov r7,a 
                                   3100 	.endif 
      0004BB D0 E0            [24] 3101 	pop acc 
      0004BD 30 E7 11         [24] 3102 	jnb acc.7,00001$ 
      0004C0 C3               [12] 3103 	clr c 
      0004C1 E4               [12] 3104 	clr a 
      0004C2 9C               [12] 3105 	subb a,r4 
      0004C3 F5 82            [12] 3106 	mov dpl,a 
      0004C5 E4               [12] 3107 	clr a 
      0004C6 9D               [12] 3108 	subb a,r5 
      0004C7 F5 83            [12] 3109 	mov dph,a 
      0004C9 E4               [12] 3110 	clr a 
      0004CA 9E               [12] 3111 	subb a,r6 
      0004CB F5 F0            [12] 3112 	mov b,a 
      0004CD E4               [12] 3113 	clr a 
      0004CE 9F               [12] 3114 	subb a,r7 
      0004CF 80 07            [24] 3115 	sjmp 00002$ 
      0004D1                       3116 	 00001$:
      0004D1 8C 82            [24] 3117 	mov dpl,r4 
      0004D3 8D 83            [24] 3118 	mov dph,r5 
      0004D5 8E F0            [24] 3119 	mov b,r6 
      0004D7 EF               [12] 3120 	mov a,r7 
      0004D8                       3121 	 00002$:
      0004D8 22               [24] 3122 	ret
                                   3123 ;------------------------------------------------------------
                                   3124 ;Allocation info for local variables in function 'axradio_conv_freq_fromreg'
                                   3125 ;------------------------------------------------------------
                                   3126 ;f                         Allocated to registers 
                                   3127 ;------------------------------------------------------------
                                   3128 ;	..\AX_Radio_Lab_output\config.c:640: int32_t axradio_conv_freq_fromreg(int32_t f)
                                   3129 ;	-----------------------------------------
                                   3130 ;	 function axradio_conv_freq_fromreg
                                   3131 ;	-----------------------------------------
      0004D9                       3132 _axradio_conv_freq_fromreg:
                                   3133 ;	..\AX_Radio_Lab_output\config.c:646: CONSTMULFIX16(0x1000000);
      0004D9 A8 82            [24] 3134 	mov r0,dpl 
      0004DB E5 83            [12] 3135 	mov a,dph 
      0004DD F9               [12] 3136 	mov r1,a 
      0004DE C0 E0            [24] 3137 	push acc 
      0004E0 30 E7 07         [24] 3138 	jnb acc.7,00000$ 
      0004E3 C3               [12] 3139 	clr c 
      0004E4 E4               [12] 3140 	clr a 
      0004E5 98               [12] 3141 	subb a,r0 
      0004E6 F8               [12] 3142 	mov r0,a 
      0004E7 E4               [12] 3143 	clr a 
      0004E8 99               [12] 3144 	subb a,r1 
      0004E9 F9               [12] 3145 	mov r1,a 
      0004EA                       3146 	 00000$:
      0004EA E4               [12] 3147 	clr a 
      0004EB FC               [12] 3148 	mov r4,a 
      0004EC FD               [12] 3149 	mov r5,a 
      0004ED FE               [12] 3150 	mov r6,a 
      0004EE FF               [12] 3151 	mov r7,a 
                                   3152 ;; stage -1 
                           000000  3153 	.if (((0x1000000)>>16)&0xff) 
                                   3154 	mov a,# (((0x1000000)>>16)&0xff) 
                                   3155 	mov b,r0 
                                   3156 	mul ab 
                                   3157 	mov r7,a 
                                   3158 	mov r4,b 
                                   3159 	.endif 
                           000000  3160 	.if (((0x1000000)>>8)&0xff) 
                                   3161 	mov a,# (((0x1000000)>>8)&0xff) 
                                   3162 	mov b,r1 
                                   3163 	mul ab 
                                   3164 	.if (((0x1000000)>>16)&0xff) 
                                   3165 	add a,r7 
                                   3166 	mov r7,a 
                                   3167 	mov a,b 
                                   3168 	addc a,r4 
                                   3169 	mov r4,a 
                                   3170 	clr a 
                                   3171 	addc a,r5 
                                   3172 	mov r5,a 
                                   3173 	.else 
                                   3174 	mov r7,a 
                                   3175 	mov r4,b 
                                   3176 	.endif 
                                   3177 	.endif 
                                   3178 ;; clear precision extension 
      0004EF E4               [12] 3179 	clr a 
      0004F0 FF               [12] 3180 	mov r7,a 
                                   3181 ;; stage 0 
                           000001  3182 	.if (((0x1000000)>>24)&0xff) 
      0004F1 74 01            [12] 3183 	mov a,# (((0x1000000)>>24)&0xff) 
      0004F3 88 F0            [24] 3184 	mov b,r0 
      0004F5 A4               [48] 3185 	mul ab 
      0004F6 2C               [12] 3186 	add a,r4 
      0004F7 FC               [12] 3187 	mov r4,a 
      0004F8 E5 F0            [12] 3188 	mov a,b 
      0004FA 3D               [12] 3189 	addc a,r5 
      0004FB FD               [12] 3190 	mov r5,a 
      0004FC E4               [12] 3191 	clr a 
      0004FD 3E               [12] 3192 	addc a,r6 
      0004FE FE               [12] 3193 	mov r6,a 
                                   3194 	.endif 
                           000000  3195 	.if (((0x1000000)>>16)&0xff) 
                                   3196 	mov a,# (((0x1000000)>>16)&0xff) 
                                   3197 	mov b,r1 
                                   3198 	mul ab 
                                   3199 	add a,r4 
                                   3200 	mov r4,a 
                                   3201 	mov a,b 
                                   3202 	addc a,r5 
                                   3203 	mov r5,a 
                                   3204 	clr a 
                                   3205 	addc a,r6 
                                   3206 	mov r6,a 
                                   3207 	.endif 
                                   3208 ;; stage 1 
                           000001  3209 	.if (((0x1000000)>>24)&0xff) 
      0004FF 74 01            [12] 3210 	mov a,# (((0x1000000)>>24)&0xff) 
      000501 89 F0            [24] 3211 	mov b,r1 
      000503 A4               [48] 3212 	mul ab 
      000504 2D               [12] 3213 	add a,r5 
      000505 FD               [12] 3214 	mov r5,a 
      000506 E5 F0            [12] 3215 	mov a,b 
      000508 3E               [12] 3216 	addc a,r6 
      000509 FE               [12] 3217 	mov r6,a 
      00050A E4               [12] 3218 	clr a 
      00050B 3F               [12] 3219 	addc a,r7 
      00050C FF               [12] 3220 	mov r7,a 
                                   3221 	.endif 
      00050D D0 E0            [24] 3222 	pop acc 
      00050F 30 E7 11         [24] 3223 	jnb acc.7,00001$ 
      000512 C3               [12] 3224 	clr c 
      000513 E4               [12] 3225 	clr a 
      000514 9C               [12] 3226 	subb a,r4 
      000515 F5 82            [12] 3227 	mov dpl,a 
      000517 E4               [12] 3228 	clr a 
      000518 9D               [12] 3229 	subb a,r5 
      000519 F5 83            [12] 3230 	mov dph,a 
      00051B E4               [12] 3231 	clr a 
      00051C 9E               [12] 3232 	subb a,r6 
      00051D F5 F0            [12] 3233 	mov b,a 
      00051F E4               [12] 3234 	clr a 
      000520 9F               [12] 3235 	subb a,r7 
      000521 80 07            [24] 3236 	sjmp 00002$ 
      000523                       3237 	 00001$:
      000523 8C 82            [24] 3238 	mov dpl,r4 
      000525 8D 83            [24] 3239 	mov dph,r5 
      000527 8E F0            [24] 3240 	mov b,r6 
      000529 EF               [12] 3241 	mov a,r7 
      00052A                       3242 	 00002$:
      00052A 22               [24] 3243 	ret
                                   3244 ;------------------------------------------------------------
                                   3245 ;Allocation info for local variables in function 'axradio_conv_timeinterval_totimer0'
                                   3246 ;------------------------------------------------------------
                                   3247 ;dt                        Allocated to registers r4 r5 r6 r7 
                                   3248 ;r                         Allocated to registers r0 r1 r2 r3 
                                   3249 ;------------------------------------------------------------
                                   3250 ;	..\AX_Radio_Lab_output\config.c:652: int32_t axradio_conv_timeinterval_totimer0(int32_t dt)
                                   3251 ;	-----------------------------------------
                                   3252 ;	 function axradio_conv_timeinterval_totimer0
                                   3253 ;	-----------------------------------------
      00052B                       3254 _axradio_conv_timeinterval_totimer0:
      00052B AC 82            [24] 3255 	mov	r4,dpl
      00052D AD 83            [24] 3256 	mov	r5,dph
      00052F AE F0            [24] 3257 	mov	r6,b
      000531 FF               [12] 3258 	mov	r7,a
                                   3259 ;	..\AX_Radio_Lab_output\config.c:659: dt >>= 6;
      000532 ED               [12] 3260 	mov	a,r5
      000533 A2 E7            [12] 3261 	mov	c,acc.7
      000535 CC               [12] 3262 	xch	a,r4
      000536 33               [12] 3263 	rlc	a
      000537 CC               [12] 3264 	xch	a,r4
      000538 33               [12] 3265 	rlc	a
      000539 A2 E7            [12] 3266 	mov	c,acc.7
      00053B CC               [12] 3267 	xch	a,r4
      00053C 33               [12] 3268 	rlc	a
      00053D CC               [12] 3269 	xch	a,r4
      00053E 33               [12] 3270 	rlc	a
      00053F CC               [12] 3271 	xch	a,r4
      000540 54 03            [12] 3272 	anl	a,#0x03
      000542 FD               [12] 3273 	mov	r5,a
      000543 EE               [12] 3274 	mov	a,r6
      000544 2E               [12] 3275 	add	a,r6
      000545 25 E0            [12] 3276 	add	a,acc
      000547 4D               [12] 3277 	orl	a,r5
      000548 FD               [12] 3278 	mov	r5,a
      000549 EF               [12] 3279 	mov	a,r7
      00054A A2 E7            [12] 3280 	mov	c,acc.7
      00054C CE               [12] 3281 	xch	a,r6
      00054D 33               [12] 3282 	rlc	a
      00054E CE               [12] 3283 	xch	a,r6
      00054F 33               [12] 3284 	rlc	a
      000550 A2 E7            [12] 3285 	mov	c,acc.7
      000552 CE               [12] 3286 	xch	a,r6
      000553 33               [12] 3287 	rlc	a
      000554 CE               [12] 3288 	xch	a,r6
      000555 33               [12] 3289 	rlc	a
      000556 CE               [12] 3290 	xch	a,r6
      000557 54 03            [12] 3291 	anl	a,#0x03
      000559 30 E1 02         [24] 3292 	jnb	acc.1,00103$
      00055C 44 FC            [12] 3293 	orl	a,#0xfc
      00055E                       3294 00103$:
      00055E FF               [12] 3295 	mov	r7,a
                                   3296 ;	..\AX_Radio_Lab_output\config.c:660: r = dt;
      00055F 8C 00            [24] 3297 	mov	ar0,r4
      000561 8D 01            [24] 3298 	mov	ar1,r5
      000563 8E 02            [24] 3299 	mov	ar2,r6
                                   3300 ;	..\AX_Radio_Lab_output\config.c:661: dt >>= 2;
      000565 EF               [12] 3301 	mov	a,r7
      000566 FB               [12] 3302 	mov	r3,a
      000567 A2 E7            [12] 3303 	mov	c,acc.7
      000569 13               [12] 3304 	rrc	a
      00056A FF               [12] 3305 	mov	r7,a
      00056B EE               [12] 3306 	mov	a,r6
      00056C 13               [12] 3307 	rrc	a
      00056D FE               [12] 3308 	mov	r6,a
      00056E ED               [12] 3309 	mov	a,r5
      00056F 13               [12] 3310 	rrc	a
      000570 FD               [12] 3311 	mov	r5,a
      000571 EC               [12] 3312 	mov	a,r4
      000572 13               [12] 3313 	rrc	a
      000573 FC               [12] 3314 	mov	r4,a
      000574 EF               [12] 3315 	mov	a,r7
      000575 A2 E7            [12] 3316 	mov	c,acc.7
      000577 13               [12] 3317 	rrc	a
      000578 FF               [12] 3318 	mov	r7,a
      000579 EE               [12] 3319 	mov	a,r6
      00057A 13               [12] 3320 	rrc	a
      00057B FE               [12] 3321 	mov	r6,a
      00057C ED               [12] 3322 	mov	a,r5
      00057D 13               [12] 3323 	rrc	a
      00057E FD               [12] 3324 	mov	r5,a
      00057F EC               [12] 3325 	mov	a,r4
      000580 13               [12] 3326 	rrc	a
                                   3327 ;	..\AX_Radio_Lab_output\config.c:662: r += dt;
      000581 FC               [12] 3328 	mov	r4,a
      000582 28               [12] 3329 	add	a,r0
      000583 F8               [12] 3330 	mov	r0,a
      000584 ED               [12] 3331 	mov	a,r5
      000585 39               [12] 3332 	addc	a,r1
      000586 F9               [12] 3333 	mov	r1,a
      000587 EE               [12] 3334 	mov	a,r6
      000588 3A               [12] 3335 	addc	a,r2
      000589 FA               [12] 3336 	mov	r2,a
      00058A EF               [12] 3337 	mov	a,r7
      00058B 3B               [12] 3338 	addc	a,r3
      00058C FB               [12] 3339 	mov	r3,a
                                   3340 ;	..\AX_Radio_Lab_output\config.c:663: dt >>= 3;
      00058D ED               [12] 3341 	mov	a,r5
      00058E C4               [12] 3342 	swap	a
      00058F 23               [12] 3343 	rl	a
      000590 CC               [12] 3344 	xch	a,r4
      000591 C4               [12] 3345 	swap	a
      000592 23               [12] 3346 	rl	a
      000593 54 1F            [12] 3347 	anl	a,#0x1f
      000595 6C               [12] 3348 	xrl	a,r4
      000596 CC               [12] 3349 	xch	a,r4
      000597 54 1F            [12] 3350 	anl	a,#0x1f
      000599 CC               [12] 3351 	xch	a,r4
      00059A 6C               [12] 3352 	xrl	a,r4
      00059B CC               [12] 3353 	xch	a,r4
      00059C FD               [12] 3354 	mov	r5,a
      00059D EE               [12] 3355 	mov	a,r6
      00059E C4               [12] 3356 	swap	a
      00059F 23               [12] 3357 	rl	a
      0005A0 54 E0            [12] 3358 	anl	a,#0xe0
      0005A2 4D               [12] 3359 	orl	a,r5
      0005A3 FD               [12] 3360 	mov	r5,a
      0005A4 EF               [12] 3361 	mov	a,r7
      0005A5 C4               [12] 3362 	swap	a
      0005A6 23               [12] 3363 	rl	a
      0005A7 CE               [12] 3364 	xch	a,r6
      0005A8 C4               [12] 3365 	swap	a
      0005A9 23               [12] 3366 	rl	a
      0005AA 54 1F            [12] 3367 	anl	a,#0x1f
      0005AC 6E               [12] 3368 	xrl	a,r6
      0005AD CE               [12] 3369 	xch	a,r6
      0005AE 54 1F            [12] 3370 	anl	a,#0x1f
      0005B0 CE               [12] 3371 	xch	a,r6
      0005B1 6E               [12] 3372 	xrl	a,r6
      0005B2 CE               [12] 3373 	xch	a,r6
      0005B3 30 E4 02         [24] 3374 	jnb	acc.4,00104$
      0005B6 44 E0            [12] 3375 	orl	a,#0xe0
      0005B8                       3376 00104$:
      0005B8 FF               [12] 3377 	mov	r7,a
                                   3378 ;	..\AX_Radio_Lab_output\config.c:664: r += dt;
      0005B9 EC               [12] 3379 	mov	a,r4
      0005BA 28               [12] 3380 	add	a,r0
      0005BB F8               [12] 3381 	mov	r0,a
      0005BC ED               [12] 3382 	mov	a,r5
      0005BD 39               [12] 3383 	addc	a,r1
      0005BE F9               [12] 3384 	mov	r1,a
      0005BF EE               [12] 3385 	mov	a,r6
      0005C0 3A               [12] 3386 	addc	a,r2
      0005C1 FA               [12] 3387 	mov	r2,a
      0005C2 EF               [12] 3388 	mov	a,r7
      0005C3 3B               [12] 3389 	addc	a,r3
      0005C4 FB               [12] 3390 	mov	r3,a
                                   3391 ;	..\AX_Radio_Lab_output\config.c:665: dt >>= 2;
      0005C5 EF               [12] 3392 	mov	a,r7
      0005C6 A2 E7            [12] 3393 	mov	c,acc.7
      0005C8 13               [12] 3394 	rrc	a
      0005C9 FF               [12] 3395 	mov	r7,a
      0005CA EE               [12] 3396 	mov	a,r6
      0005CB 13               [12] 3397 	rrc	a
      0005CC FE               [12] 3398 	mov	r6,a
      0005CD ED               [12] 3399 	mov	a,r5
      0005CE 13               [12] 3400 	rrc	a
      0005CF FD               [12] 3401 	mov	r5,a
      0005D0 EC               [12] 3402 	mov	a,r4
      0005D1 13               [12] 3403 	rrc	a
      0005D2 FC               [12] 3404 	mov	r4,a
      0005D3 EF               [12] 3405 	mov	a,r7
      0005D4 A2 E7            [12] 3406 	mov	c,acc.7
      0005D6 13               [12] 3407 	rrc	a
      0005D7 FF               [12] 3408 	mov	r7,a
      0005D8 EE               [12] 3409 	mov	a,r6
      0005D9 13               [12] 3410 	rrc	a
      0005DA FE               [12] 3411 	mov	r6,a
      0005DB ED               [12] 3412 	mov	a,r5
      0005DC 13               [12] 3413 	rrc	a
      0005DD FD               [12] 3414 	mov	r5,a
      0005DE EC               [12] 3415 	mov	a,r4
      0005DF 13               [12] 3416 	rrc	a
                                   3417 ;	..\AX_Radio_Lab_output\config.c:666: r += dt;
      0005E0 28               [12] 3418 	add	a,r0
      0005E1 F8               [12] 3419 	mov	r0,a
      0005E2 ED               [12] 3420 	mov	a,r5
      0005E3 39               [12] 3421 	addc	a,r1
      0005E4 F9               [12] 3422 	mov	r1,a
      0005E5 EE               [12] 3423 	mov	a,r6
      0005E6 3A               [12] 3424 	addc	a,r2
      0005E7 FA               [12] 3425 	mov	r2,a
      0005E8 EF               [12] 3426 	mov	a,r7
      0005E9 3B               [12] 3427 	addc	a,r3
                                   3428 ;	..\AX_Radio_Lab_output\config.c:667: return r;
      0005EA 88 82            [24] 3429 	mov	dpl,r0
      0005EC 89 83            [24] 3430 	mov	dph,r1
      0005EE 8A F0            [24] 3431 	mov	b,r2
      0005F0 22               [24] 3432 	ret
                                   3433 ;------------------------------------------------------------
                                   3434 ;Allocation info for local variables in function 'axradio_byteconv'
                                   3435 ;------------------------------------------------------------
                                   3436 ;b                         Allocated to registers r7 
                                   3437 ;------------------------------------------------------------
                                   3438 ;	..\AX_Radio_Lab_output\config.c:670: __reentrantb uint8_t axradio_byteconv(uint8_t b) __reentrant
                                   3439 ;	-----------------------------------------
                                   3440 ;	 function axradio_byteconv
                                   3441 ;	-----------------------------------------
      0005F1                       3442 _axradio_byteconv:
                                   3443 ;	..\AX_Radio_Lab_output\config.c:672: return rev8(b);
      0005F1 02r00r00         [24] 3444 	ljmp	_rev8
                                   3445 ;------------------------------------------------------------
                                   3446 ;Allocation info for local variables in function 'axradio_byteconv_buffer'
                                   3447 ;------------------------------------------------------------
                                   3448 ;buflen                    Allocated to stack - _bp -4
                                   3449 ;buf                       Allocated to registers 
                                   3450 ;------------------------------------------------------------
                                   3451 ;	..\AX_Radio_Lab_output\config.c:676: __reentrantb void axradio_byteconv_buffer(uint8_t __xdata *buf, uint16_t buflen) __reentrant
                                   3452 ;	-----------------------------------------
                                   3453 ;	 function axradio_byteconv_buffer
                                   3454 ;	-----------------------------------------
      0005F4                       3455 _axradio_byteconv_buffer:
      0005F4 C0*00            [24] 3456 	push	_bp
      0005F6 85 81*00         [24] 3457 	mov	_bp,sp
      0005F9 AE 82            [24] 3458 	mov	r6,dpl
      0005FB AF 83            [24] 3459 	mov	r7,dph
                                   3460 ;	..\AX_Radio_Lab_output\config.c:678: while (buflen) {
      0005FD E5*00            [12] 3461 	mov	a,_bp
      0005FF 24 FC            [12] 3462 	add	a,#0xfc
      000601 F8               [12] 3463 	mov	r0,a
      000602 86 04            [24] 3464 	mov	ar4,@r0
      000604 08               [12] 3465 	inc	r0
      000605 86 05            [24] 3466 	mov	ar5,@r0
      000607                       3467 00101$:
      000607 EC               [12] 3468 	mov	a,r4
      000608 4D               [12] 3469 	orl	a,r5
      000609 60 2E            [24] 3470 	jz	00104$
                                   3471 ;	..\AX_Radio_Lab_output\config.c:679: *buf = rev8(*buf);
      00060B 8E 82            [24] 3472 	mov	dpl,r6
      00060D 8F 83            [24] 3473 	mov	dph,r7
      00060F E0               [24] 3474 	movx	a,@dptr
      000610 F5 82            [12] 3475 	mov	dpl,a
      000612 C0 07            [24] 3476 	push	ar7
      000614 C0 06            [24] 3477 	push	ar6
      000616 C0 05            [24] 3478 	push	ar5
      000618 C0 04            [24] 3479 	push	ar4
      00061A 12r00r00         [24] 3480 	lcall	_rev8
      00061D AB 82            [24] 3481 	mov	r3,dpl
      00061F D0 04            [24] 3482 	pop	ar4
      000621 D0 05            [24] 3483 	pop	ar5
      000623 D0 06            [24] 3484 	pop	ar6
      000625 D0 07            [24] 3485 	pop	ar7
      000627 8E 82            [24] 3486 	mov	dpl,r6
      000629 8F 83            [24] 3487 	mov	dph,r7
      00062B EB               [12] 3488 	mov	a,r3
      00062C F0               [24] 3489 	movx	@dptr,a
      00062D A3               [24] 3490 	inc	dptr
      00062E AE 82            [24] 3491 	mov	r6,dpl
      000630 AF 83            [24] 3492 	mov	r7,dph
                                   3493 ;	..\AX_Radio_Lab_output\config.c:680: ++buf;
                                   3494 ;	..\AX_Radio_Lab_output\config.c:681: --buflen;
      000632 1C               [12] 3495 	dec	r4
      000633 BC FF 01         [24] 3496 	cjne	r4,#0xff,00114$
      000636 1D               [12] 3497 	dec	r5
      000637                       3498 00114$:
      000637 80 CE            [24] 3499 	sjmp	00101$
      000639                       3500 00104$:
      000639 D0*00            [24] 3501 	pop	_bp
      00063B 22               [24] 3502 	ret
                                   3503 ;------------------------------------------------------------
                                   3504 ;Allocation info for local variables in function 'axradio_framing_check_crc'
                                   3505 ;------------------------------------------------------------
                                   3506 ;cnt                       Allocated to stack - _bp -4
                                   3507 ;pkt                       Allocated to registers r6 r7 
                                   3508 ;------------------------------------------------------------
                                   3509 ;	..\AX_Radio_Lab_output\config.c:685: __reentrantb uint16_t axradio_framing_check_crc(uint8_t __xdata *pkt, uint16_t cnt) __reentrant
                                   3510 ;	-----------------------------------------
                                   3511 ;	 function axradio_framing_check_crc
                                   3512 ;	-----------------------------------------
      00063C                       3513 _axradio_framing_check_crc:
      00063C C0*00            [24] 3514 	push	_bp
      00063E 85 81*00         [24] 3515 	mov	_bp,sp
      000641 AE 82            [24] 3516 	mov	r6,dpl
      000643 AF 83            [24] 3517 	mov	r7,dph
                                   3518 ;	..\AX_Radio_Lab_output\config.c:687: if (crc_crc16_msb(pkt, cnt, 0xFFFF) != 0x0000)
      000645 7D 00            [12] 3519 	mov	r5,#0x00
      000647 74 FF            [12] 3520 	mov	a,#0xff
      000649 C0 E0            [24] 3521 	push	acc
      00064B C0 E0            [24] 3522 	push	acc
      00064D E5*00            [12] 3523 	mov	a,_bp
      00064F 24 FC            [12] 3524 	add	a,#0xfc
      000651 F8               [12] 3525 	mov	r0,a
      000652 E6               [12] 3526 	mov	a,@r0
      000653 C0 E0            [24] 3527 	push	acc
      000655 08               [12] 3528 	inc	r0
      000656 E6               [12] 3529 	mov	a,@r0
      000657 C0 E0            [24] 3530 	push	acc
      000659 8E 82            [24] 3531 	mov	dpl,r6
      00065B 8F 83            [24] 3532 	mov	dph,r7
      00065D 8D F0            [24] 3533 	mov	b,r5
      00065F 12r00r00         [24] 3534 	lcall	_crc_crc16_msb
      000662 AE 82            [24] 3535 	mov	r6,dpl
      000664 AF 83            [24] 3536 	mov	r7,dph
      000666 E5 81            [12] 3537 	mov	a,sp
      000668 24 FC            [12] 3538 	add	a,#0xfc
      00066A F5 81            [12] 3539 	mov	sp,a
      00066C EE               [12] 3540 	mov	a,r6
      00066D 4F               [12] 3541 	orl	a,r7
      00066E 60 05            [24] 3542 	jz	00102$
                                   3543 ;	..\AX_Radio_Lab_output\config.c:688: return 0;
      000670 90 00 00         [24] 3544 	mov	dptr,#0x0000
      000673 80 0A            [24] 3545 	sjmp	00103$
      000675                       3546 00102$:
                                   3547 ;	..\AX_Radio_Lab_output\config.c:689: return cnt;
      000675 E5*00            [12] 3548 	mov	a,_bp
      000677 24 FC            [12] 3549 	add	a,#0xfc
      000679 F8               [12] 3550 	mov	r0,a
      00067A 86 82            [24] 3551 	mov	dpl,@r0
      00067C 08               [12] 3552 	inc	r0
      00067D 86 83            [24] 3553 	mov	dph,@r0
      00067F                       3554 00103$:
      00067F D0*00            [24] 3555 	pop	_bp
      000681 22               [24] 3556 	ret
                                   3557 ;------------------------------------------------------------
                                   3558 ;Allocation info for local variables in function 'axradio_framing_append_crc'
                                   3559 ;------------------------------------------------------------
                                   3560 ;cnt                       Allocated to stack - _bp -4
                                   3561 ;pkt                       Allocated to registers r6 r7 
                                   3562 ;s                         Allocated to registers r4 r5 
                                   3563 ;------------------------------------------------------------
                                   3564 ;	..\AX_Radio_Lab_output\config.c:692: __reentrantb uint16_t axradio_framing_append_crc(uint8_t __xdata *pkt, uint16_t cnt) __reentrant
                                   3565 ;	-----------------------------------------
                                   3566 ;	 function axradio_framing_append_crc
                                   3567 ;	-----------------------------------------
      000682                       3568 _axradio_framing_append_crc:
      000682 C0*00            [24] 3569 	push	_bp
      000684 85 81*00         [24] 3570 	mov	_bp,sp
      000687 AE 82            [24] 3571 	mov	r6,dpl
      000689 AF 83            [24] 3572 	mov	r7,dph
                                   3573 ;	..\AX_Radio_Lab_output\config.c:695: s = crc_crc16_msb(pkt, cnt, s);
      00068B 8E 03            [24] 3574 	mov	ar3,r6
      00068D 8F 04            [24] 3575 	mov	ar4,r7
      00068F 7D 00            [12] 3576 	mov	r5,#0x00
      000691 C0 07            [24] 3577 	push	ar7
      000693 C0 06            [24] 3578 	push	ar6
      000695 74 FF            [12] 3579 	mov	a,#0xff
      000697 C0 E0            [24] 3580 	push	acc
      000699 C0 E0            [24] 3581 	push	acc
      00069B E5*00            [12] 3582 	mov	a,_bp
      00069D 24 FC            [12] 3583 	add	a,#0xfc
      00069F F8               [12] 3584 	mov	r0,a
      0006A0 E6               [12] 3585 	mov	a,@r0
      0006A1 C0 E0            [24] 3586 	push	acc
      0006A3 08               [12] 3587 	inc	r0
      0006A4 E6               [12] 3588 	mov	a,@r0
      0006A5 C0 E0            [24] 3589 	push	acc
      0006A7 8B 82            [24] 3590 	mov	dpl,r3
      0006A9 8C 83            [24] 3591 	mov	dph,r4
      0006AB 8D F0            [24] 3592 	mov	b,r5
      0006AD 12r00r00         [24] 3593 	lcall	_crc_crc16_msb
      0006B0 AC 82            [24] 3594 	mov	r4,dpl
      0006B2 AD 83            [24] 3595 	mov	r5,dph
      0006B4 E5 81            [12] 3596 	mov	a,sp
      0006B6 24 FC            [12] 3597 	add	a,#0xfc
      0006B8 F5 81            [12] 3598 	mov	sp,a
      0006BA D0 06            [24] 3599 	pop	ar6
      0006BC D0 07            [24] 3600 	pop	ar7
                                   3601 ;	..\AX_Radio_Lab_output\config.c:696: pkt += cnt;
      0006BE E5*00            [12] 3602 	mov	a,_bp
      0006C0 24 FC            [12] 3603 	add	a,#0xfc
      0006C2 F8               [12] 3604 	mov	r0,a
      0006C3 E6               [12] 3605 	mov	a,@r0
      0006C4 2E               [12] 3606 	add	a,r6
      0006C5 FE               [12] 3607 	mov	r6,a
      0006C6 08               [12] 3608 	inc	r0
      0006C7 E6               [12] 3609 	mov	a,@r0
      0006C8 3F               [12] 3610 	addc	a,r7
      0006C9 FF               [12] 3611 	mov	r7,a
                                   3612 ;	..\AX_Radio_Lab_output\config.c:697: *pkt++ = (uint8_t)(s >> 8);
      0006CA 8D 03            [24] 3613 	mov	ar3,r5
      0006CC 8E 82            [24] 3614 	mov	dpl,r6
      0006CE 8F 83            [24] 3615 	mov	dph,r7
      0006D0 EB               [12] 3616 	mov	a,r3
      0006D1 F0               [24] 3617 	movx	@dptr,a
      0006D2 A3               [24] 3618 	inc	dptr
                                   3619 ;	..\AX_Radio_Lab_output\config.c:698: *pkt++ = (uint8_t)(s);
      0006D3 EC               [12] 3620 	mov	a,r4
      0006D4 F0               [24] 3621 	movx	@dptr,a
                                   3622 ;	..\AX_Radio_Lab_output\config.c:699: return cnt + 2;
      0006D5 E5*00            [12] 3623 	mov	a,_bp
      0006D7 24 FC            [12] 3624 	add	a,#0xfc
      0006D9 F8               [12] 3625 	mov	r0,a
      0006DA 86 82            [24] 3626 	mov	dpl,@r0
      0006DC 08               [12] 3627 	inc	r0
      0006DD 86 83            [24] 3628 	mov	dph,@r0
      0006DF A3               [24] 3629 	inc	dptr
      0006E0 A3               [24] 3630 	inc	dptr
      0006E1 D0*00            [24] 3631 	pop	_bp
      0006E3 22               [24] 3632 	ret
                                   3633 	.area CSEG    (CODE)
                                   3634 	.area CONST   (CODE)
      000000                       3635 _axradio_phy_innerfreqloop:
      000000 00                    3636 	.db #0x00	; 0
      000001                       3637 _axradio_phy_pn9:
      000001 00                    3638 	.db #0x00	; 0
      000002                       3639 _axradio_phy_nrchannels:
      000002 06                    3640 	.db #0x06	; 6
      000003                       3641 _axradio_phy_chanfreq:
      000003 57 6A 65 21           3642 	.byte #0x57,#0x6a,#0x65,#0x21	; 560294487
      000007 5B A9 65 21           3643 	.byte #0x5b,#0xa9,#0x65,#0x21	; 560310619
      00000B 5F E8 65 21           3644 	.byte #0x5f,#0xe8,#0x65,#0x21	; 560326751
      00000F 63 27 66 21           3645 	.byte #0x63,#0x27,#0x66,#0x21	; 560342883
      000013 67 66 66 21           3646 	.byte #0x67,#0x66,#0x66,#0x21	; 560359015
      000017 6B A5 66 21           3647 	.byte #0x6b,#0xa5,#0x66,#0x21	; 560375147
      00001B                       3648 _axradio_phy_chanpllrnginit:
      00001B 0A 00                 3649 	.byte #0x0a,#0x00	; 10
      00001D 0A 00                 3650 	.byte #0x0a,#0x00	; 10
      00001F 0A 00                 3651 	.byte #0x0a,#0x00	; 10
      000021 0A 00                 3652 	.byte #0x0a,#0x00	; 10
      000023 0A 00                 3653 	.byte #0x0a,#0x00	; 10
      000025 0A 00                 3654 	.byte #0x0a,#0x00	; 10
      000027                       3655 _axradio_phy_chanvcoiinit:
      000027 99                    3656 	.db #0x99	; 153
      000028 99                    3657 	.db #0x99	; 153
      000029 99                    3658 	.db #0x99	; 153
      00002A 99                    3659 	.db #0x99	; 153
      00002B 99                    3660 	.db #0x99	; 153
      00002C 99                    3661 	.db #0x99	; 153
      00002D                       3662 _axradio_phy_vcocalib:
      00002D 01                    3663 	.db #0x01	; 1
      00002E                       3664 _axradio_phy_maxfreqoffset:
      00002E 22 0D 00 00           3665 	.byte #0x22,#0x0d,#0x00,#0x00	;  3362
      000032                       3666 _axradio_phy_rssioffset:
      000032 40                    3667 	.db #0x40	;  64
      000033                       3668 _axradio_phy_rssireference:
      000033 3A                    3669 	.db #0x3a	;  58
      000034                       3670 _axradio_phy_channelbusy:
      000034 E0                    3671 	.db #0xe0	; -32
      000035                       3672 _axradio_phy_cs_period:
      000035 48 01                 3673 	.byte #0x48,#0x01	; 328
      000037                       3674 _axradio_phy_cs_enabled:
      000037 00                    3675 	.db #0x00	; 0
      000038                       3676 _axradio_phy_lbt_retries:
      000038 03                    3677 	.db #0x03	; 3
      000039                       3678 _axradio_phy_lbt_forcetx:
      000039 00                    3679 	.db #0x00	; 0
      00003A                       3680 _axradio_phy_preamble_wor_longlen:
      00003A 04 00                 3681 	.byte #0x04,#0x00	; 4
      00003C                       3682 _axradio_phy_preamble_wor_len:
      00003C A0 00                 3683 	.byte #0xa0,#0x00	; 160
      00003E                       3684 _axradio_phy_preamble_longlen:
      00003E 00 00                 3685 	.byte #0x00,#0x00	; 0
      000040                       3686 _axradio_phy_preamble_len:
      000040 20 00                 3687 	.byte #0x20,#0x00	; 32
      000042                       3688 _axradio_phy_preamble_byte:
      000042 AA                    3689 	.db #0xaa	; 170
      000043                       3690 _axradio_phy_preamble_flags:
      000043 38                    3691 	.db #0x38	; 56	'8'
      000044                       3692 _axradio_phy_preamble_appendbits:
      000044 00                    3693 	.db #0x00	; 0
      000045                       3694 _axradio_phy_preamble_appendpattern:
      000045 00                    3695 	.db #0x00	; 0
      000046                       3696 _axradio_framing_maclen:
      000046 05                    3697 	.db #0x05	; 5
      000047                       3698 _axradio_framing_addrlen:
      000047 04                    3699 	.db #0x04	; 4
      000048                       3700 _axradio_framing_destaddrpos:
      000048 01                    3701 	.db #0x01	; 1
      000049                       3702 _axradio_framing_sourceaddrpos:
      000049 FF                    3703 	.db #0xff	; 255
      00004A                       3704 _axradio_framing_lenpos:
      00004A 00                    3705 	.db #0x00	; 0
      00004B                       3706 _axradio_framing_lenoffs:
      00004B 01                    3707 	.db #0x01	; 1
      00004C                       3708 _axradio_framing_lenmask:
      00004C FF                    3709 	.db #0xff	; 255
      00004D                       3710 _axradio_framing_swcrclen:
      00004D 02                    3711 	.db #0x02	; 2
      00004E                       3712 _axradio_framing_synclen:
      00004E 20                    3713 	.db #0x20	; 32
      00004F                       3714 _axradio_framing_syncword:
      00004F 93                    3715 	.db #0x93	; 147
      000050 0B                    3716 	.db #0x0b	; 11
      000051 51                    3717 	.db #0x51	; 81	'Q'
      000052 DE                    3718 	.db #0xde	; 222
      000053                       3719 _axradio_framing_syncflags:
      000053 38                    3720 	.db #0x38	; 56	'8'
      000054                       3721 _axradio_framing_enable_sfdcallback:
      000054 00                    3722 	.db #0x00	; 0
      000055                       3723 _axradio_framing_ack_timeout:
      000055 35 05 00 00           3724 	.byte #0x35,#0x05,#0x00,#0x00	; 1333
      000059                       3725 _axradio_framing_ack_delay:
      000059 39 01 00 00           3726 	.byte #0x39,#0x01,#0x00,#0x00	; 313
      00005D                       3727 _axradio_framing_ack_retransmissions:
      00005D 03                    3728 	.db #0x03	; 3
      00005E                       3729 _axradio_framing_ack_seqnrpos:
      00005E FF                    3730 	.db #0xff	; 255
      00005F                       3731 _axradio_framing_minpayloadlen:
      00005F 01                    3732 	.db #0x01	; 1
      000060                       3733 _axradio_wor_period:
      000060 80 00                 3734 	.byte #0x80,#0x00	; 128
      000062                       3735 _axradio_sync_period:
      000062 00 80 00 00           3736 	.byte #0x00,#0x80,#0x00,#0x00	; 32768
      000066                       3737 _axradio_sync_xoscstartup:
      000066 31 00 00 00           3738 	.byte #0x31,#0x00,#0x00,#0x00	; 49
      00006A                       3739 _axradio_sync_slave_syncwindow:
      00006A 00 80 01 00           3740 	.byte #0x00,#0x80,#0x01,#0x00	; 98304
      00006E                       3741 _axradio_sync_slave_initialsyncwindow:
      00006E 00 00 5A 00           3742 	.byte #0x00,#0x00,#0x5a,#0x00	; 5898240
      000072                       3743 _axradio_sync_slave_syncpause:
      000072 00 00 2C 01           3744 	.byte #0x00,#0x00,#0x2c,#0x01	; 19660800
      000076                       3745 _axradio_sync_slave_maxperiod:
      000076 E4 07                 3746 	.byte #0xe4,#0x07	;  2020
      000078                       3747 _axradio_sync_slave_resyncloss:
      000078 0B                    3748 	.db #0x0b	; 11
      000079                       3749 _axradio_sync_slave_nrrx:
      000079 03                    3750 	.db #0x03	; 3
      00007A                       3751 _axradio_sync_slave_rxadvance:
      00007A AE 02 00 00           3752 	.byte #0xae,#0x02,#0x00,#0x00	; 686
      00007E 89 02 00 00           3753 	.byte #0x89,#0x02,#0x00,#0x00	; 649
      000082 D7 02 00 00           3754 	.byte #0xd7,#0x02,#0x00,#0x00	; 727
      000086                       3755 _axradio_sync_slave_rxwindow:
      000086 BC 02 00 00           3756 	.byte #0xbc,#0x02,#0x00,#0x00	; 700
      00008A 72 02 00 00           3757 	.byte #0x72,#0x02,#0x00,#0x00	; 626
      00008E 0E 03 00 00           3758 	.byte #0x0e,#0x03,#0x00,#0x00	; 782
      000092                       3759 _axradio_sync_slave_rxtimeout:
      000092 89 04 00 00           3760 	.byte #0x89,#0x04,#0x00,#0x00	; 1161
      000096                       3761 _axradio_lposckfiltmax:
      000096 2A 14                 3762 	.byte #0x2a,#0x14	; 5162
      000098                       3763 _axradio_fxtal:
      000098 80 BA 8C 01           3764 	.byte #0x80,#0xba,#0x8c,#0x01	; 26000000
                                   3765 	.area XINIT   (CODE)
                                   3766 	.area CABS    (ABS,CODE)
