                                      1 ;--------------------------------------------------------
                                      2 ; File Created by SDCC : free open source ANSI-C Compiler
                                      3 ; Version 3.6.0 #9615 (MINGW64)
                                      4 ;--------------------------------------------------------
                                      5 	.module easyax5043
                                      6 	.optsdcc -mmcs51 --model-small
                                      7 	
                                      8 ;--------------------------------------------------------
                                      9 ; Public variables in this module
                                     10 ;--------------------------------------------------------
                                     11 	.globl _axradio_wait_n_lposccycles
                                     12 	.globl _ax5043_init_registers_rx
                                     13 	.globl _ax5043_init_registers_tx
                                     14 	.globl _memset
                                     15 	.globl _memcpy
                                     16 	.globl _wtimer_remove_callback
                                     17 	.globl _wtimer_add_callback
                                     18 	.globl _wtimer_remove
                                     19 	.globl _wtimer1_addrelative
                                     20 	.globl _wtimer0_addrelative
                                     21 	.globl _wtimer0_addabsolute
                                     22 	.globl _wtimer0_curtime
                                     23 	.globl _wtimer_runcallbacks
                                     24 	.globl _wtimer_idle
                                     25 	.globl _ax5043_writefifo
                                     26 	.globl _ax5043_readfifo
                                     27 	.globl _ax5043_wakeup_deepsleep
                                     28 	.globl _ax5043_enter_deepsleep
                                     29 	.globl _ax5043_reset
                                     30 	.globl _ax5043_commsleepexit
                                     31 	.globl _radio_read24
                                     32 	.globl _radio_read16
                                     33 	.globl _pn9_buffer
                                     34 	.globl _pn9_advance_byte
                                     35 	.globl _pn9_advance_bits
                                     36 	.globl _disable_radio_interrupt_in_mcu_pin
                                     37 	.globl _enable_radio_interrupt_in_mcu_pin
                                     38 	.globl _axradio_framing_append_crc
                                     39 	.globl _axradio_framing_check_crc
                                     40 	.globl _ax5043_set_registers_rxcont_singleparamset
                                     41 	.globl _ax5043_set_registers_rxcont
                                     42 	.globl _ax5043_set_registers_rxwor
                                     43 	.globl _ax5043_set_registers_rx
                                     44 	.globl _ax5043_set_registers_tx
                                     45 	.globl _ax5043_set_registers
                                     46 	.globl _axradio_conv_freq_fromreg
                                     47 	.globl _axradio_statuschange
                                     48 	.globl _axradio_conv_timeinterval_totimer0
                                     49 	.globl _enter_standby
                                     50 	.globl _checksignedlimit32
                                     51 	.globl _checksignedlimit16
                                     52 	.globl _signedlimit16
                                     53 	.globl _signextend24
                                     54 	.globl _signextend20
                                     55 	.globl _signextend16
                                     56 	.globl _PORTC_7
                                     57 	.globl _PORTC_6
                                     58 	.globl _PORTC_5
                                     59 	.globl _PORTC_4
                                     60 	.globl _PORTC_3
                                     61 	.globl _PORTC_2
                                     62 	.globl _PORTC_1
                                     63 	.globl _PORTC_0
                                     64 	.globl _PORTB_7
                                     65 	.globl _PORTB_6
                                     66 	.globl _PORTB_5
                                     67 	.globl _PORTB_4
                                     68 	.globl _PORTB_3
                                     69 	.globl _PORTB_2
                                     70 	.globl _PORTB_1
                                     71 	.globl _PORTB_0
                                     72 	.globl _PORTA_7
                                     73 	.globl _PORTA_6
                                     74 	.globl _PORTA_5
                                     75 	.globl _PORTA_4
                                     76 	.globl _PORTA_3
                                     77 	.globl _PORTA_2
                                     78 	.globl _PORTA_1
                                     79 	.globl _PORTA_0
                                     80 	.globl _PINC_7
                                     81 	.globl _PINC_6
                                     82 	.globl _PINC_5
                                     83 	.globl _PINC_4
                                     84 	.globl _PINC_3
                                     85 	.globl _PINC_2
                                     86 	.globl _PINC_1
                                     87 	.globl _PINC_0
                                     88 	.globl _PINB_7
                                     89 	.globl _PINB_6
                                     90 	.globl _PINB_5
                                     91 	.globl _PINB_4
                                     92 	.globl _PINB_3
                                     93 	.globl _PINB_2
                                     94 	.globl _PINB_1
                                     95 	.globl _PINB_0
                                     96 	.globl _PINA_7
                                     97 	.globl _PINA_6
                                     98 	.globl _PINA_5
                                     99 	.globl _PINA_4
                                    100 	.globl _PINA_3
                                    101 	.globl _PINA_2
                                    102 	.globl _PINA_1
                                    103 	.globl _PINA_0
                                    104 	.globl _CY
                                    105 	.globl _AC
                                    106 	.globl _F0
                                    107 	.globl _RS1
                                    108 	.globl _RS0
                                    109 	.globl _OV
                                    110 	.globl _F1
                                    111 	.globl _P
                                    112 	.globl _IP_7
                                    113 	.globl _IP_6
                                    114 	.globl _IP_5
                                    115 	.globl _IP_4
                                    116 	.globl _IP_3
                                    117 	.globl _IP_2
                                    118 	.globl _IP_1
                                    119 	.globl _IP_0
                                    120 	.globl _EA
                                    121 	.globl _IE_7
                                    122 	.globl _IE_6
                                    123 	.globl _IE_5
                                    124 	.globl _IE_4
                                    125 	.globl _IE_3
                                    126 	.globl _IE_2
                                    127 	.globl _IE_1
                                    128 	.globl _IE_0
                                    129 	.globl _EIP_7
                                    130 	.globl _EIP_6
                                    131 	.globl _EIP_5
                                    132 	.globl _EIP_4
                                    133 	.globl _EIP_3
                                    134 	.globl _EIP_2
                                    135 	.globl _EIP_1
                                    136 	.globl _EIP_0
                                    137 	.globl _EIE_7
                                    138 	.globl _EIE_6
                                    139 	.globl _EIE_5
                                    140 	.globl _EIE_4
                                    141 	.globl _EIE_3
                                    142 	.globl _EIE_2
                                    143 	.globl _EIE_1
                                    144 	.globl _EIE_0
                                    145 	.globl _E2IP_7
                                    146 	.globl _E2IP_6
                                    147 	.globl _E2IP_5
                                    148 	.globl _E2IP_4
                                    149 	.globl _E2IP_3
                                    150 	.globl _E2IP_2
                                    151 	.globl _E2IP_1
                                    152 	.globl _E2IP_0
                                    153 	.globl _E2IE_7
                                    154 	.globl _E2IE_6
                                    155 	.globl _E2IE_5
                                    156 	.globl _E2IE_4
                                    157 	.globl _E2IE_3
                                    158 	.globl _E2IE_2
                                    159 	.globl _E2IE_1
                                    160 	.globl _E2IE_0
                                    161 	.globl _B_7
                                    162 	.globl _B_6
                                    163 	.globl _B_5
                                    164 	.globl _B_4
                                    165 	.globl _B_3
                                    166 	.globl _B_2
                                    167 	.globl _B_1
                                    168 	.globl _B_0
                                    169 	.globl _ACC_7
                                    170 	.globl _ACC_6
                                    171 	.globl _ACC_5
                                    172 	.globl _ACC_4
                                    173 	.globl _ACC_3
                                    174 	.globl _ACC_2
                                    175 	.globl _ACC_1
                                    176 	.globl _ACC_0
                                    177 	.globl _WTSTAT
                                    178 	.globl _WTIRQEN
                                    179 	.globl _WTEVTD
                                    180 	.globl _WTEVTD1
                                    181 	.globl _WTEVTD0
                                    182 	.globl _WTEVTC
                                    183 	.globl _WTEVTC1
                                    184 	.globl _WTEVTC0
                                    185 	.globl _WTEVTB
                                    186 	.globl _WTEVTB1
                                    187 	.globl _WTEVTB0
                                    188 	.globl _WTEVTA
                                    189 	.globl _WTEVTA1
                                    190 	.globl _WTEVTA0
                                    191 	.globl _WTCNTR1
                                    192 	.globl _WTCNTB
                                    193 	.globl _WTCNTB1
                                    194 	.globl _WTCNTB0
                                    195 	.globl _WTCNTA
                                    196 	.globl _WTCNTA1
                                    197 	.globl _WTCNTA0
                                    198 	.globl _WTCFGB
                                    199 	.globl _WTCFGA
                                    200 	.globl _WDTRESET
                                    201 	.globl _WDTCFG
                                    202 	.globl _U1STATUS
                                    203 	.globl _U1SHREG
                                    204 	.globl _U1MODE
                                    205 	.globl _U1CTRL
                                    206 	.globl _U0STATUS
                                    207 	.globl _U0SHREG
                                    208 	.globl _U0MODE
                                    209 	.globl _U0CTRL
                                    210 	.globl _T2STATUS
                                    211 	.globl _T2PERIOD
                                    212 	.globl _T2PERIOD1
                                    213 	.globl _T2PERIOD0
                                    214 	.globl _T2MODE
                                    215 	.globl _T2CNT
                                    216 	.globl _T2CNT1
                                    217 	.globl _T2CNT0
                                    218 	.globl _T2CLKSRC
                                    219 	.globl _T1STATUS
                                    220 	.globl _T1PERIOD
                                    221 	.globl _T1PERIOD1
                                    222 	.globl _T1PERIOD0
                                    223 	.globl _T1MODE
                                    224 	.globl _T1CNT
                                    225 	.globl _T1CNT1
                                    226 	.globl _T1CNT0
                                    227 	.globl _T1CLKSRC
                                    228 	.globl _T0STATUS
                                    229 	.globl _T0PERIOD
                                    230 	.globl _T0PERIOD1
                                    231 	.globl _T0PERIOD0
                                    232 	.globl _T0MODE
                                    233 	.globl _T0CNT
                                    234 	.globl _T0CNT1
                                    235 	.globl _T0CNT0
                                    236 	.globl _T0CLKSRC
                                    237 	.globl _SPSTATUS
                                    238 	.globl _SPSHREG
                                    239 	.globl _SPMODE
                                    240 	.globl _SPCLKSRC
                                    241 	.globl _RADIOSTAT
                                    242 	.globl _RADIOSTAT1
                                    243 	.globl _RADIOSTAT0
                                    244 	.globl _RADIODATA
                                    245 	.globl _RADIODATA3
                                    246 	.globl _RADIODATA2
                                    247 	.globl _RADIODATA1
                                    248 	.globl _RADIODATA0
                                    249 	.globl _RADIOADDR
                                    250 	.globl _RADIOADDR1
                                    251 	.globl _RADIOADDR0
                                    252 	.globl _RADIOACC
                                    253 	.globl _OC1STATUS
                                    254 	.globl _OC1PIN
                                    255 	.globl _OC1MODE
                                    256 	.globl _OC1COMP
                                    257 	.globl _OC1COMP1
                                    258 	.globl _OC1COMP0
                                    259 	.globl _OC0STATUS
                                    260 	.globl _OC0PIN
                                    261 	.globl _OC0MODE
                                    262 	.globl _OC0COMP
                                    263 	.globl _OC0COMP1
                                    264 	.globl _OC0COMP0
                                    265 	.globl _NVSTATUS
                                    266 	.globl _NVKEY
                                    267 	.globl _NVDATA
                                    268 	.globl _NVDATA1
                                    269 	.globl _NVDATA0
                                    270 	.globl _NVADDR
                                    271 	.globl _NVADDR1
                                    272 	.globl _NVADDR0
                                    273 	.globl _IC1STATUS
                                    274 	.globl _IC1MODE
                                    275 	.globl _IC1CAPT
                                    276 	.globl _IC1CAPT1
                                    277 	.globl _IC1CAPT0
                                    278 	.globl _IC0STATUS
                                    279 	.globl _IC0MODE
                                    280 	.globl _IC0CAPT
                                    281 	.globl _IC0CAPT1
                                    282 	.globl _IC0CAPT0
                                    283 	.globl _PORTR
                                    284 	.globl _PORTC
                                    285 	.globl _PORTB
                                    286 	.globl _PORTA
                                    287 	.globl _PINR
                                    288 	.globl _PINC
                                    289 	.globl _PINB
                                    290 	.globl _PINA
                                    291 	.globl _DIRR
                                    292 	.globl _DIRC
                                    293 	.globl _DIRB
                                    294 	.globl _DIRA
                                    295 	.globl _DBGLNKSTAT
                                    296 	.globl _DBGLNKBUF
                                    297 	.globl _CODECONFIG
                                    298 	.globl _CLKSTAT
                                    299 	.globl _CLKCON
                                    300 	.globl _ANALOGCOMP
                                    301 	.globl _ADCCONV
                                    302 	.globl _ADCCLKSRC
                                    303 	.globl _ADCCH3CONFIG
                                    304 	.globl _ADCCH2CONFIG
                                    305 	.globl _ADCCH1CONFIG
                                    306 	.globl _ADCCH0CONFIG
                                    307 	.globl __XPAGE
                                    308 	.globl _XPAGE
                                    309 	.globl _SP
                                    310 	.globl _PSW
                                    311 	.globl _PCON
                                    312 	.globl _IP
                                    313 	.globl _IE
                                    314 	.globl _EIP
                                    315 	.globl _EIE
                                    316 	.globl _E2IP
                                    317 	.globl _E2IE
                                    318 	.globl _DPS
                                    319 	.globl _DPTR1
                                    320 	.globl _DPTR0
                                    321 	.globl _DPL1
                                    322 	.globl _DPL
                                    323 	.globl _DPH1
                                    324 	.globl _DPH
                                    325 	.globl _B
                                    326 	.globl _ACC
                                    327 	.globl _radio_not_found_lcd_display
                                    328 	.globl _radio_lcd_display
                                    329 	.globl _f33_saved
                                    330 	.globl _f32_saved
                                    331 	.globl _f31_saved
                                    332 	.globl _f30_saved
                                    333 	.globl _axradio_timer
                                    334 	.globl _axradio_cb_transmitdata
                                    335 	.globl _axradio_cb_transmitend
                                    336 	.globl _axradio_cb_transmitstart
                                    337 	.globl _axradio_cb_channelstate
                                    338 	.globl _axradio_cb_receivesfd
                                    339 	.globl _axradio_cb_receive
                                    340 	.globl _axradio_rxbuffer
                                    341 	.globl _axradio_txbuffer
                                    342 	.globl _axradio_default_remoteaddr
                                    343 	.globl _axradio_localaddr
                                    344 	.globl _axradio_timeanchor
                                    345 	.globl _axradio_sync_periodcorr
                                    346 	.globl _axradio_sync_time
                                    347 	.globl _axradio_ack_seqnr
                                    348 	.globl _axradio_ack_count
                                    349 	.globl _axradio_curfreqoffset
                                    350 	.globl _axradio_curchannel
                                    351 	.globl _axradio_txbuffer_cnt
                                    352 	.globl _axradio_txbuffer_len
                                    353 	.globl _axradio_syncstate
                                    354 	.globl _AX5043_TIMEGAIN3NB
                                    355 	.globl _AX5043_TIMEGAIN2NB
                                    356 	.globl _AX5043_TIMEGAIN1NB
                                    357 	.globl _AX5043_TIMEGAIN0NB
                                    358 	.globl _AX5043_RXPARAMSETSNB
                                    359 	.globl _AX5043_RXPARAMCURSETNB
                                    360 	.globl _AX5043_PKTMAXLENNB
                                    361 	.globl _AX5043_PKTLENOFFSETNB
                                    362 	.globl _AX5043_PKTLENCFGNB
                                    363 	.globl _AX5043_PKTADDRMASK3NB
                                    364 	.globl _AX5043_PKTADDRMASK2NB
                                    365 	.globl _AX5043_PKTADDRMASK1NB
                                    366 	.globl _AX5043_PKTADDRMASK0NB
                                    367 	.globl _AX5043_PKTADDRCFGNB
                                    368 	.globl _AX5043_PKTADDR3NB
                                    369 	.globl _AX5043_PKTADDR2NB
                                    370 	.globl _AX5043_PKTADDR1NB
                                    371 	.globl _AX5043_PKTADDR0NB
                                    372 	.globl _AX5043_PHASEGAIN3NB
                                    373 	.globl _AX5043_PHASEGAIN2NB
                                    374 	.globl _AX5043_PHASEGAIN1NB
                                    375 	.globl _AX5043_PHASEGAIN0NB
                                    376 	.globl _AX5043_FREQUENCYLEAKNB
                                    377 	.globl _AX5043_FREQUENCYGAIND3NB
                                    378 	.globl _AX5043_FREQUENCYGAIND2NB
                                    379 	.globl _AX5043_FREQUENCYGAIND1NB
                                    380 	.globl _AX5043_FREQUENCYGAIND0NB
                                    381 	.globl _AX5043_FREQUENCYGAINC3NB
                                    382 	.globl _AX5043_FREQUENCYGAINC2NB
                                    383 	.globl _AX5043_FREQUENCYGAINC1NB
                                    384 	.globl _AX5043_FREQUENCYGAINC0NB
                                    385 	.globl _AX5043_FREQUENCYGAINB3NB
                                    386 	.globl _AX5043_FREQUENCYGAINB2NB
                                    387 	.globl _AX5043_FREQUENCYGAINB1NB
                                    388 	.globl _AX5043_FREQUENCYGAINB0NB
                                    389 	.globl _AX5043_FREQUENCYGAINA3NB
                                    390 	.globl _AX5043_FREQUENCYGAINA2NB
                                    391 	.globl _AX5043_FREQUENCYGAINA1NB
                                    392 	.globl _AX5043_FREQUENCYGAINA0NB
                                    393 	.globl _AX5043_FREQDEV13NB
                                    394 	.globl _AX5043_FREQDEV12NB
                                    395 	.globl _AX5043_FREQDEV11NB
                                    396 	.globl _AX5043_FREQDEV10NB
                                    397 	.globl _AX5043_FREQDEV03NB
                                    398 	.globl _AX5043_FREQDEV02NB
                                    399 	.globl _AX5043_FREQDEV01NB
                                    400 	.globl _AX5043_FREQDEV00NB
                                    401 	.globl _AX5043_FOURFSK3NB
                                    402 	.globl _AX5043_FOURFSK2NB
                                    403 	.globl _AX5043_FOURFSK1NB
                                    404 	.globl _AX5043_FOURFSK0NB
                                    405 	.globl _AX5043_DRGAIN3NB
                                    406 	.globl _AX5043_DRGAIN2NB
                                    407 	.globl _AX5043_DRGAIN1NB
                                    408 	.globl _AX5043_DRGAIN0NB
                                    409 	.globl _AX5043_BBOFFSRES3NB
                                    410 	.globl _AX5043_BBOFFSRES2NB
                                    411 	.globl _AX5043_BBOFFSRES1NB
                                    412 	.globl _AX5043_BBOFFSRES0NB
                                    413 	.globl _AX5043_AMPLITUDEGAIN3NB
                                    414 	.globl _AX5043_AMPLITUDEGAIN2NB
                                    415 	.globl _AX5043_AMPLITUDEGAIN1NB
                                    416 	.globl _AX5043_AMPLITUDEGAIN0NB
                                    417 	.globl _AX5043_AGCTARGET3NB
                                    418 	.globl _AX5043_AGCTARGET2NB
                                    419 	.globl _AX5043_AGCTARGET1NB
                                    420 	.globl _AX5043_AGCTARGET0NB
                                    421 	.globl _AX5043_AGCMINMAX3NB
                                    422 	.globl _AX5043_AGCMINMAX2NB
                                    423 	.globl _AX5043_AGCMINMAX1NB
                                    424 	.globl _AX5043_AGCMINMAX0NB
                                    425 	.globl _AX5043_AGCGAIN3NB
                                    426 	.globl _AX5043_AGCGAIN2NB
                                    427 	.globl _AX5043_AGCGAIN1NB
                                    428 	.globl _AX5043_AGCGAIN0NB
                                    429 	.globl _AX5043_AGCAHYST3NB
                                    430 	.globl _AX5043_AGCAHYST2NB
                                    431 	.globl _AX5043_AGCAHYST1NB
                                    432 	.globl _AX5043_AGCAHYST0NB
                                    433 	.globl _AX5043_0xF44NB
                                    434 	.globl _AX5043_0xF35NB
                                    435 	.globl _AX5043_0xF34NB
                                    436 	.globl _AX5043_0xF33NB
                                    437 	.globl _AX5043_0xF32NB
                                    438 	.globl _AX5043_0xF31NB
                                    439 	.globl _AX5043_0xF30NB
                                    440 	.globl _AX5043_0xF26NB
                                    441 	.globl _AX5043_0xF23NB
                                    442 	.globl _AX5043_0xF22NB
                                    443 	.globl _AX5043_0xF21NB
                                    444 	.globl _AX5043_0xF1CNB
                                    445 	.globl _AX5043_0xF18NB
                                    446 	.globl _AX5043_0xF0CNB
                                    447 	.globl _AX5043_0xF00NB
                                    448 	.globl _AX5043_XTALSTATUSNB
                                    449 	.globl _AX5043_XTALOSCNB
                                    450 	.globl _AX5043_XTALCAPNB
                                    451 	.globl _AX5043_XTALAMPLNB
                                    452 	.globl _AX5043_WAKEUPXOEARLYNB
                                    453 	.globl _AX5043_WAKEUPTIMER1NB
                                    454 	.globl _AX5043_WAKEUPTIMER0NB
                                    455 	.globl _AX5043_WAKEUPFREQ1NB
                                    456 	.globl _AX5043_WAKEUPFREQ0NB
                                    457 	.globl _AX5043_WAKEUP1NB
                                    458 	.globl _AX5043_WAKEUP0NB
                                    459 	.globl _AX5043_TXRATE2NB
                                    460 	.globl _AX5043_TXRATE1NB
                                    461 	.globl _AX5043_TXRATE0NB
                                    462 	.globl _AX5043_TXPWRCOEFFE1NB
                                    463 	.globl _AX5043_TXPWRCOEFFE0NB
                                    464 	.globl _AX5043_TXPWRCOEFFD1NB
                                    465 	.globl _AX5043_TXPWRCOEFFD0NB
                                    466 	.globl _AX5043_TXPWRCOEFFC1NB
                                    467 	.globl _AX5043_TXPWRCOEFFC0NB
                                    468 	.globl _AX5043_TXPWRCOEFFB1NB
                                    469 	.globl _AX5043_TXPWRCOEFFB0NB
                                    470 	.globl _AX5043_TXPWRCOEFFA1NB
                                    471 	.globl _AX5043_TXPWRCOEFFA0NB
                                    472 	.globl _AX5043_TRKRFFREQ2NB
                                    473 	.globl _AX5043_TRKRFFREQ1NB
                                    474 	.globl _AX5043_TRKRFFREQ0NB
                                    475 	.globl _AX5043_TRKPHASE1NB
                                    476 	.globl _AX5043_TRKPHASE0NB
                                    477 	.globl _AX5043_TRKFSKDEMOD1NB
                                    478 	.globl _AX5043_TRKFSKDEMOD0NB
                                    479 	.globl _AX5043_TRKFREQ1NB
                                    480 	.globl _AX5043_TRKFREQ0NB
                                    481 	.globl _AX5043_TRKDATARATE2NB
                                    482 	.globl _AX5043_TRKDATARATE1NB
                                    483 	.globl _AX5043_TRKDATARATE0NB
                                    484 	.globl _AX5043_TRKAMPLITUDE1NB
                                    485 	.globl _AX5043_TRKAMPLITUDE0NB
                                    486 	.globl _AX5043_TRKAFSKDEMOD1NB
                                    487 	.globl _AX5043_TRKAFSKDEMOD0NB
                                    488 	.globl _AX5043_TMGTXSETTLENB
                                    489 	.globl _AX5043_TMGTXBOOSTNB
                                    490 	.globl _AX5043_TMGRXSETTLENB
                                    491 	.globl _AX5043_TMGRXRSSINB
                                    492 	.globl _AX5043_TMGRXPREAMBLE3NB
                                    493 	.globl _AX5043_TMGRXPREAMBLE2NB
                                    494 	.globl _AX5043_TMGRXPREAMBLE1NB
                                    495 	.globl _AX5043_TMGRXOFFSACQNB
                                    496 	.globl _AX5043_TMGRXCOARSEAGCNB
                                    497 	.globl _AX5043_TMGRXBOOSTNB
                                    498 	.globl _AX5043_TMGRXAGCNB
                                    499 	.globl _AX5043_TIMER2NB
                                    500 	.globl _AX5043_TIMER1NB
                                    501 	.globl _AX5043_TIMER0NB
                                    502 	.globl _AX5043_SILICONREVISIONNB
                                    503 	.globl _AX5043_SCRATCHNB
                                    504 	.globl _AX5043_RXDATARATE2NB
                                    505 	.globl _AX5043_RXDATARATE1NB
                                    506 	.globl _AX5043_RXDATARATE0NB
                                    507 	.globl _AX5043_RSSIREFERENCENB
                                    508 	.globl _AX5043_RSSIABSTHRNB
                                    509 	.globl _AX5043_RSSINB
                                    510 	.globl _AX5043_REFNB
                                    511 	.globl _AX5043_RADIOSTATENB
                                    512 	.globl _AX5043_RADIOEVENTREQ1NB
                                    513 	.globl _AX5043_RADIOEVENTREQ0NB
                                    514 	.globl _AX5043_RADIOEVENTMASK1NB
                                    515 	.globl _AX5043_RADIOEVENTMASK0NB
                                    516 	.globl _AX5043_PWRMODENB
                                    517 	.globl _AX5043_PWRAMPNB
                                    518 	.globl _AX5043_POWSTICKYSTATNB
                                    519 	.globl _AX5043_POWSTATNB
                                    520 	.globl _AX5043_POWIRQMASKNB
                                    521 	.globl _AX5043_POWCTRL1NB
                                    522 	.globl _AX5043_PLLVCOIRNB
                                    523 	.globl _AX5043_PLLVCOINB
                                    524 	.globl _AX5043_PLLVCODIVNB
                                    525 	.globl _AX5043_PLLRNGCLKNB
                                    526 	.globl _AX5043_PLLRANGINGBNB
                                    527 	.globl _AX5043_PLLRANGINGANB
                                    528 	.globl _AX5043_PLLLOOPBOOSTNB
                                    529 	.globl _AX5043_PLLLOOPNB
                                    530 	.globl _AX5043_PLLLOCKDETNB
                                    531 	.globl _AX5043_PLLCPIBOOSTNB
                                    532 	.globl _AX5043_PLLCPINB
                                    533 	.globl _AX5043_PKTSTOREFLAGSNB
                                    534 	.globl _AX5043_PKTMISCFLAGSNB
                                    535 	.globl _AX5043_PKTCHUNKSIZENB
                                    536 	.globl _AX5043_PKTACCEPTFLAGSNB
                                    537 	.globl _AX5043_PINSTATENB
                                    538 	.globl _AX5043_PINFUNCSYSCLKNB
                                    539 	.globl _AX5043_PINFUNCPWRAMPNB
                                    540 	.globl _AX5043_PINFUNCIRQNB
                                    541 	.globl _AX5043_PINFUNCDCLKNB
                                    542 	.globl _AX5043_PINFUNCDATANB
                                    543 	.globl _AX5043_PINFUNCANTSELNB
                                    544 	.globl _AX5043_MODULATIONNB
                                    545 	.globl _AX5043_MODCFGPNB
                                    546 	.globl _AX5043_MODCFGFNB
                                    547 	.globl _AX5043_MODCFGANB
                                    548 	.globl _AX5043_MAXRFOFFSET2NB
                                    549 	.globl _AX5043_MAXRFOFFSET1NB
                                    550 	.globl _AX5043_MAXRFOFFSET0NB
                                    551 	.globl _AX5043_MAXDROFFSET2NB
                                    552 	.globl _AX5043_MAXDROFFSET1NB
                                    553 	.globl _AX5043_MAXDROFFSET0NB
                                    554 	.globl _AX5043_MATCH1PAT1NB
                                    555 	.globl _AX5043_MATCH1PAT0NB
                                    556 	.globl _AX5043_MATCH1MINNB
                                    557 	.globl _AX5043_MATCH1MAXNB
                                    558 	.globl _AX5043_MATCH1LENNB
                                    559 	.globl _AX5043_MATCH0PAT3NB
                                    560 	.globl _AX5043_MATCH0PAT2NB
                                    561 	.globl _AX5043_MATCH0PAT1NB
                                    562 	.globl _AX5043_MATCH0PAT0NB
                                    563 	.globl _AX5043_MATCH0MINNB
                                    564 	.globl _AX5043_MATCH0MAXNB
                                    565 	.globl _AX5043_MATCH0LENNB
                                    566 	.globl _AX5043_LPOSCSTATUSNB
                                    567 	.globl _AX5043_LPOSCREF1NB
                                    568 	.globl _AX5043_LPOSCREF0NB
                                    569 	.globl _AX5043_LPOSCPER1NB
                                    570 	.globl _AX5043_LPOSCPER0NB
                                    571 	.globl _AX5043_LPOSCKFILT1NB
                                    572 	.globl _AX5043_LPOSCKFILT0NB
                                    573 	.globl _AX5043_LPOSCFREQ1NB
                                    574 	.globl _AX5043_LPOSCFREQ0NB
                                    575 	.globl _AX5043_LPOSCCONFIGNB
                                    576 	.globl _AX5043_IRQREQUEST1NB
                                    577 	.globl _AX5043_IRQREQUEST0NB
                                    578 	.globl _AX5043_IRQMASK1NB
                                    579 	.globl _AX5043_IRQMASK0NB
                                    580 	.globl _AX5043_IRQINVERSION1NB
                                    581 	.globl _AX5043_IRQINVERSION0NB
                                    582 	.globl _AX5043_IFFREQ1NB
                                    583 	.globl _AX5043_IFFREQ0NB
                                    584 	.globl _AX5043_GPADCPERIODNB
                                    585 	.globl _AX5043_GPADCCTRLNB
                                    586 	.globl _AX5043_GPADC13VALUE1NB
                                    587 	.globl _AX5043_GPADC13VALUE0NB
                                    588 	.globl _AX5043_FSKDMIN1NB
                                    589 	.globl _AX5043_FSKDMIN0NB
                                    590 	.globl _AX5043_FSKDMAX1NB
                                    591 	.globl _AX5043_FSKDMAX0NB
                                    592 	.globl _AX5043_FSKDEV2NB
                                    593 	.globl _AX5043_FSKDEV1NB
                                    594 	.globl _AX5043_FSKDEV0NB
                                    595 	.globl _AX5043_FREQB3NB
                                    596 	.globl _AX5043_FREQB2NB
                                    597 	.globl _AX5043_FREQB1NB
                                    598 	.globl _AX5043_FREQB0NB
                                    599 	.globl _AX5043_FREQA3NB
                                    600 	.globl _AX5043_FREQA2NB
                                    601 	.globl _AX5043_FREQA1NB
                                    602 	.globl _AX5043_FREQA0NB
                                    603 	.globl _AX5043_FRAMINGNB
                                    604 	.globl _AX5043_FIFOTHRESH1NB
                                    605 	.globl _AX5043_FIFOTHRESH0NB
                                    606 	.globl _AX5043_FIFOSTATNB
                                    607 	.globl _AX5043_FIFOFREE1NB
                                    608 	.globl _AX5043_FIFOFREE0NB
                                    609 	.globl _AX5043_FIFODATANB
                                    610 	.globl _AX5043_FIFOCOUNT1NB
                                    611 	.globl _AX5043_FIFOCOUNT0NB
                                    612 	.globl _AX5043_FECSYNCNB
                                    613 	.globl _AX5043_FECSTATUSNB
                                    614 	.globl _AX5043_FECNB
                                    615 	.globl _AX5043_ENCODINGNB
                                    616 	.globl _AX5043_DIVERSITYNB
                                    617 	.globl _AX5043_DECIMATIONNB
                                    618 	.globl _AX5043_DACVALUE1NB
                                    619 	.globl _AX5043_DACVALUE0NB
                                    620 	.globl _AX5043_DACCONFIGNB
                                    621 	.globl _AX5043_CRCINIT3NB
                                    622 	.globl _AX5043_CRCINIT2NB
                                    623 	.globl _AX5043_CRCINIT1NB
                                    624 	.globl _AX5043_CRCINIT0NB
                                    625 	.globl _AX5043_BGNDRSSITHRNB
                                    626 	.globl _AX5043_BGNDRSSIGAINNB
                                    627 	.globl _AX5043_BGNDRSSINB
                                    628 	.globl _AX5043_BBTUNENB
                                    629 	.globl _AX5043_BBOFFSCAPNB
                                    630 	.globl _AX5043_AMPLFILTERNB
                                    631 	.globl _AX5043_AGCCOUNTERNB
                                    632 	.globl _AX5043_AFSKSPACE1NB
                                    633 	.globl _AX5043_AFSKSPACE0NB
                                    634 	.globl _AX5043_AFSKMARK1NB
                                    635 	.globl _AX5043_AFSKMARK0NB
                                    636 	.globl _AX5043_AFSKCTRLNB
                                    637 	.globl _AX5043_TIMEGAIN3
                                    638 	.globl _AX5043_TIMEGAIN2
                                    639 	.globl _AX5043_TIMEGAIN1
                                    640 	.globl _AX5043_TIMEGAIN0
                                    641 	.globl _AX5043_RXPARAMSETS
                                    642 	.globl _AX5043_RXPARAMCURSET
                                    643 	.globl _AX5043_PKTMAXLEN
                                    644 	.globl _AX5043_PKTLENOFFSET
                                    645 	.globl _AX5043_PKTLENCFG
                                    646 	.globl _AX5043_PKTADDRMASK3
                                    647 	.globl _AX5043_PKTADDRMASK2
                                    648 	.globl _AX5043_PKTADDRMASK1
                                    649 	.globl _AX5043_PKTADDRMASK0
                                    650 	.globl _AX5043_PKTADDRCFG
                                    651 	.globl _AX5043_PKTADDR3
                                    652 	.globl _AX5043_PKTADDR2
                                    653 	.globl _AX5043_PKTADDR1
                                    654 	.globl _AX5043_PKTADDR0
                                    655 	.globl _AX5043_PHASEGAIN3
                                    656 	.globl _AX5043_PHASEGAIN2
                                    657 	.globl _AX5043_PHASEGAIN1
                                    658 	.globl _AX5043_PHASEGAIN0
                                    659 	.globl _AX5043_FREQUENCYLEAK
                                    660 	.globl _AX5043_FREQUENCYGAIND3
                                    661 	.globl _AX5043_FREQUENCYGAIND2
                                    662 	.globl _AX5043_FREQUENCYGAIND1
                                    663 	.globl _AX5043_FREQUENCYGAIND0
                                    664 	.globl _AX5043_FREQUENCYGAINC3
                                    665 	.globl _AX5043_FREQUENCYGAINC2
                                    666 	.globl _AX5043_FREQUENCYGAINC1
                                    667 	.globl _AX5043_FREQUENCYGAINC0
                                    668 	.globl _AX5043_FREQUENCYGAINB3
                                    669 	.globl _AX5043_FREQUENCYGAINB2
                                    670 	.globl _AX5043_FREQUENCYGAINB1
                                    671 	.globl _AX5043_FREQUENCYGAINB0
                                    672 	.globl _AX5043_FREQUENCYGAINA3
                                    673 	.globl _AX5043_FREQUENCYGAINA2
                                    674 	.globl _AX5043_FREQUENCYGAINA1
                                    675 	.globl _AX5043_FREQUENCYGAINA0
                                    676 	.globl _AX5043_FREQDEV13
                                    677 	.globl _AX5043_FREQDEV12
                                    678 	.globl _AX5043_FREQDEV11
                                    679 	.globl _AX5043_FREQDEV10
                                    680 	.globl _AX5043_FREQDEV03
                                    681 	.globl _AX5043_FREQDEV02
                                    682 	.globl _AX5043_FREQDEV01
                                    683 	.globl _AX5043_FREQDEV00
                                    684 	.globl _AX5043_FOURFSK3
                                    685 	.globl _AX5043_FOURFSK2
                                    686 	.globl _AX5043_FOURFSK1
                                    687 	.globl _AX5043_FOURFSK0
                                    688 	.globl _AX5043_DRGAIN3
                                    689 	.globl _AX5043_DRGAIN2
                                    690 	.globl _AX5043_DRGAIN1
                                    691 	.globl _AX5043_DRGAIN0
                                    692 	.globl _AX5043_BBOFFSRES3
                                    693 	.globl _AX5043_BBOFFSRES2
                                    694 	.globl _AX5043_BBOFFSRES1
                                    695 	.globl _AX5043_BBOFFSRES0
                                    696 	.globl _AX5043_AMPLITUDEGAIN3
                                    697 	.globl _AX5043_AMPLITUDEGAIN2
                                    698 	.globl _AX5043_AMPLITUDEGAIN1
                                    699 	.globl _AX5043_AMPLITUDEGAIN0
                                    700 	.globl _AX5043_AGCTARGET3
                                    701 	.globl _AX5043_AGCTARGET2
                                    702 	.globl _AX5043_AGCTARGET1
                                    703 	.globl _AX5043_AGCTARGET0
                                    704 	.globl _AX5043_AGCMINMAX3
                                    705 	.globl _AX5043_AGCMINMAX2
                                    706 	.globl _AX5043_AGCMINMAX1
                                    707 	.globl _AX5043_AGCMINMAX0
                                    708 	.globl _AX5043_AGCGAIN3
                                    709 	.globl _AX5043_AGCGAIN2
                                    710 	.globl _AX5043_AGCGAIN1
                                    711 	.globl _AX5043_AGCGAIN0
                                    712 	.globl _AX5043_AGCAHYST3
                                    713 	.globl _AX5043_AGCAHYST2
                                    714 	.globl _AX5043_AGCAHYST1
                                    715 	.globl _AX5043_AGCAHYST0
                                    716 	.globl _AX5043_0xF44
                                    717 	.globl _AX5043_0xF35
                                    718 	.globl _AX5043_0xF34
                                    719 	.globl _AX5043_0xF33
                                    720 	.globl _AX5043_0xF32
                                    721 	.globl _AX5043_0xF31
                                    722 	.globl _AX5043_0xF30
                                    723 	.globl _AX5043_0xF26
                                    724 	.globl _AX5043_0xF23
                                    725 	.globl _AX5043_0xF22
                                    726 	.globl _AX5043_0xF21
                                    727 	.globl _AX5043_0xF1C
                                    728 	.globl _AX5043_0xF18
                                    729 	.globl _AX5043_0xF0C
                                    730 	.globl _AX5043_0xF00
                                    731 	.globl _AX5043_XTALSTATUS
                                    732 	.globl _AX5043_XTALOSC
                                    733 	.globl _AX5043_XTALCAP
                                    734 	.globl _AX5043_XTALAMPL
                                    735 	.globl _AX5043_WAKEUPXOEARLY
                                    736 	.globl _AX5043_WAKEUPTIMER1
                                    737 	.globl _AX5043_WAKEUPTIMER0
                                    738 	.globl _AX5043_WAKEUPFREQ1
                                    739 	.globl _AX5043_WAKEUPFREQ0
                                    740 	.globl _AX5043_WAKEUP1
                                    741 	.globl _AX5043_WAKEUP0
                                    742 	.globl _AX5043_TXRATE2
                                    743 	.globl _AX5043_TXRATE1
                                    744 	.globl _AX5043_TXRATE0
                                    745 	.globl _AX5043_TXPWRCOEFFE1
                                    746 	.globl _AX5043_TXPWRCOEFFE0
                                    747 	.globl _AX5043_TXPWRCOEFFD1
                                    748 	.globl _AX5043_TXPWRCOEFFD0
                                    749 	.globl _AX5043_TXPWRCOEFFC1
                                    750 	.globl _AX5043_TXPWRCOEFFC0
                                    751 	.globl _AX5043_TXPWRCOEFFB1
                                    752 	.globl _AX5043_TXPWRCOEFFB0
                                    753 	.globl _AX5043_TXPWRCOEFFA1
                                    754 	.globl _AX5043_TXPWRCOEFFA0
                                    755 	.globl _AX5043_TRKRFFREQ2
                                    756 	.globl _AX5043_TRKRFFREQ1
                                    757 	.globl _AX5043_TRKRFFREQ0
                                    758 	.globl _AX5043_TRKPHASE1
                                    759 	.globl _AX5043_TRKPHASE0
                                    760 	.globl _AX5043_TRKFSKDEMOD1
                                    761 	.globl _AX5043_TRKFSKDEMOD0
                                    762 	.globl _AX5043_TRKFREQ1
                                    763 	.globl _AX5043_TRKFREQ0
                                    764 	.globl _AX5043_TRKDATARATE2
                                    765 	.globl _AX5043_TRKDATARATE1
                                    766 	.globl _AX5043_TRKDATARATE0
                                    767 	.globl _AX5043_TRKAMPLITUDE1
                                    768 	.globl _AX5043_TRKAMPLITUDE0
                                    769 	.globl _AX5043_TRKAFSKDEMOD1
                                    770 	.globl _AX5043_TRKAFSKDEMOD0
                                    771 	.globl _AX5043_TMGTXSETTLE
                                    772 	.globl _AX5043_TMGTXBOOST
                                    773 	.globl _AX5043_TMGRXSETTLE
                                    774 	.globl _AX5043_TMGRXRSSI
                                    775 	.globl _AX5043_TMGRXPREAMBLE3
                                    776 	.globl _AX5043_TMGRXPREAMBLE2
                                    777 	.globl _AX5043_TMGRXPREAMBLE1
                                    778 	.globl _AX5043_TMGRXOFFSACQ
                                    779 	.globl _AX5043_TMGRXCOARSEAGC
                                    780 	.globl _AX5043_TMGRXBOOST
                                    781 	.globl _AX5043_TMGRXAGC
                                    782 	.globl _AX5043_TIMER2
                                    783 	.globl _AX5043_TIMER1
                                    784 	.globl _AX5043_TIMER0
                                    785 	.globl _AX5043_SILICONREVISION
                                    786 	.globl _AX5043_SCRATCH
                                    787 	.globl _AX5043_RXDATARATE2
                                    788 	.globl _AX5043_RXDATARATE1
                                    789 	.globl _AX5043_RXDATARATE0
                                    790 	.globl _AX5043_RSSIREFERENCE
                                    791 	.globl _AX5043_RSSIABSTHR
                                    792 	.globl _AX5043_RSSI
                                    793 	.globl _AX5043_REF
                                    794 	.globl _AX5043_RADIOSTATE
                                    795 	.globl _AX5043_RADIOEVENTREQ1
                                    796 	.globl _AX5043_RADIOEVENTREQ0
                                    797 	.globl _AX5043_RADIOEVENTMASK1
                                    798 	.globl _AX5043_RADIOEVENTMASK0
                                    799 	.globl _AX5043_PWRMODE
                                    800 	.globl _AX5043_PWRAMP
                                    801 	.globl _AX5043_POWSTICKYSTAT
                                    802 	.globl _AX5043_POWSTAT
                                    803 	.globl _AX5043_POWIRQMASK
                                    804 	.globl _AX5043_POWCTRL1
                                    805 	.globl _AX5043_PLLVCOIR
                                    806 	.globl _AX5043_PLLVCOI
                                    807 	.globl _AX5043_PLLVCODIV
                                    808 	.globl _AX5043_PLLRNGCLK
                                    809 	.globl _AX5043_PLLRANGINGB
                                    810 	.globl _AX5043_PLLRANGINGA
                                    811 	.globl _AX5043_PLLLOOPBOOST
                                    812 	.globl _AX5043_PLLLOOP
                                    813 	.globl _AX5043_PLLLOCKDET
                                    814 	.globl _AX5043_PLLCPIBOOST
                                    815 	.globl _AX5043_PLLCPI
                                    816 	.globl _AX5043_PKTSTOREFLAGS
                                    817 	.globl _AX5043_PKTMISCFLAGS
                                    818 	.globl _AX5043_PKTCHUNKSIZE
                                    819 	.globl _AX5043_PKTACCEPTFLAGS
                                    820 	.globl _AX5043_PINSTATE
                                    821 	.globl _AX5043_PINFUNCSYSCLK
                                    822 	.globl _AX5043_PINFUNCPWRAMP
                                    823 	.globl _AX5043_PINFUNCIRQ
                                    824 	.globl _AX5043_PINFUNCDCLK
                                    825 	.globl _AX5043_PINFUNCDATA
                                    826 	.globl _AX5043_PINFUNCANTSEL
                                    827 	.globl _AX5043_MODULATION
                                    828 	.globl _AX5043_MODCFGP
                                    829 	.globl _AX5043_MODCFGF
                                    830 	.globl _AX5043_MODCFGA
                                    831 	.globl _AX5043_MAXRFOFFSET2
                                    832 	.globl _AX5043_MAXRFOFFSET1
                                    833 	.globl _AX5043_MAXRFOFFSET0
                                    834 	.globl _AX5043_MAXDROFFSET2
                                    835 	.globl _AX5043_MAXDROFFSET1
                                    836 	.globl _AX5043_MAXDROFFSET0
                                    837 	.globl _AX5043_MATCH1PAT1
                                    838 	.globl _AX5043_MATCH1PAT0
                                    839 	.globl _AX5043_MATCH1MIN
                                    840 	.globl _AX5043_MATCH1MAX
                                    841 	.globl _AX5043_MATCH1LEN
                                    842 	.globl _AX5043_MATCH0PAT3
                                    843 	.globl _AX5043_MATCH0PAT2
                                    844 	.globl _AX5043_MATCH0PAT1
                                    845 	.globl _AX5043_MATCH0PAT0
                                    846 	.globl _AX5043_MATCH0MIN
                                    847 	.globl _AX5043_MATCH0MAX
                                    848 	.globl _AX5043_MATCH0LEN
                                    849 	.globl _AX5043_LPOSCSTATUS
                                    850 	.globl _AX5043_LPOSCREF1
                                    851 	.globl _AX5043_LPOSCREF0
                                    852 	.globl _AX5043_LPOSCPER1
                                    853 	.globl _AX5043_LPOSCPER0
                                    854 	.globl _AX5043_LPOSCKFILT1
                                    855 	.globl _AX5043_LPOSCKFILT0
                                    856 	.globl _AX5043_LPOSCFREQ1
                                    857 	.globl _AX5043_LPOSCFREQ0
                                    858 	.globl _AX5043_LPOSCCONFIG
                                    859 	.globl _AX5043_IRQREQUEST1
                                    860 	.globl _AX5043_IRQREQUEST0
                                    861 	.globl _AX5043_IRQMASK1
                                    862 	.globl _AX5043_IRQMASK0
                                    863 	.globl _AX5043_IRQINVERSION1
                                    864 	.globl _AX5043_IRQINVERSION0
                                    865 	.globl _AX5043_IFFREQ1
                                    866 	.globl _AX5043_IFFREQ0
                                    867 	.globl _AX5043_GPADCPERIOD
                                    868 	.globl _AX5043_GPADCCTRL
                                    869 	.globl _AX5043_GPADC13VALUE1
                                    870 	.globl _AX5043_GPADC13VALUE0
                                    871 	.globl _AX5043_FSKDMIN1
                                    872 	.globl _AX5043_FSKDMIN0
                                    873 	.globl _AX5043_FSKDMAX1
                                    874 	.globl _AX5043_FSKDMAX0
                                    875 	.globl _AX5043_FSKDEV2
                                    876 	.globl _AX5043_FSKDEV1
                                    877 	.globl _AX5043_FSKDEV0
                                    878 	.globl _AX5043_FREQB3
                                    879 	.globl _AX5043_FREQB2
                                    880 	.globl _AX5043_FREQB1
                                    881 	.globl _AX5043_FREQB0
                                    882 	.globl _AX5043_FREQA3
                                    883 	.globl _AX5043_FREQA2
                                    884 	.globl _AX5043_FREQA1
                                    885 	.globl _AX5043_FREQA0
                                    886 	.globl _AX5043_FRAMING
                                    887 	.globl _AX5043_FIFOTHRESH1
                                    888 	.globl _AX5043_FIFOTHRESH0
                                    889 	.globl _AX5043_FIFOSTAT
                                    890 	.globl _AX5043_FIFOFREE1
                                    891 	.globl _AX5043_FIFOFREE0
                                    892 	.globl _AX5043_FIFODATA
                                    893 	.globl _AX5043_FIFOCOUNT1
                                    894 	.globl _AX5043_FIFOCOUNT0
                                    895 	.globl _AX5043_FECSYNC
                                    896 	.globl _AX5043_FECSTATUS
                                    897 	.globl _AX5043_FEC
                                    898 	.globl _AX5043_ENCODING
                                    899 	.globl _AX5043_DIVERSITY
                                    900 	.globl _AX5043_DECIMATION
                                    901 	.globl _AX5043_DACVALUE1
                                    902 	.globl _AX5043_DACVALUE0
                                    903 	.globl _AX5043_DACCONFIG
                                    904 	.globl _AX5043_CRCINIT3
                                    905 	.globl _AX5043_CRCINIT2
                                    906 	.globl _AX5043_CRCINIT1
                                    907 	.globl _AX5043_CRCINIT0
                                    908 	.globl _AX5043_BGNDRSSITHR
                                    909 	.globl _AX5043_BGNDRSSIGAIN
                                    910 	.globl _AX5043_BGNDRSSI
                                    911 	.globl _AX5043_BBTUNE
                                    912 	.globl _AX5043_BBOFFSCAP
                                    913 	.globl _AX5043_AMPLFILTER
                                    914 	.globl _AX5043_AGCCOUNTER
                                    915 	.globl _AX5043_AFSKSPACE1
                                    916 	.globl _AX5043_AFSKSPACE0
                                    917 	.globl _AX5043_AFSKMARK1
                                    918 	.globl _AX5043_AFSKMARK0
                                    919 	.globl _AX5043_AFSKCTRL
                                    920 	.globl _XTALREADY
                                    921 	.globl _XTALOSC
                                    922 	.globl _XTALAMPL
                                    923 	.globl _SILICONREV
                                    924 	.globl _SCRATCH3
                                    925 	.globl _SCRATCH2
                                    926 	.globl _SCRATCH1
                                    927 	.globl _SCRATCH0
                                    928 	.globl _RADIOMUX
                                    929 	.globl _RADIOFSTATADDR
                                    930 	.globl _RADIOFSTATADDR1
                                    931 	.globl _RADIOFSTATADDR0
                                    932 	.globl _RADIOFDATAADDR
                                    933 	.globl _RADIOFDATAADDR1
                                    934 	.globl _RADIOFDATAADDR0
                                    935 	.globl _OSCRUN
                                    936 	.globl _OSCREADY
                                    937 	.globl _OSCFORCERUN
                                    938 	.globl _OSCCALIB
                                    939 	.globl _MISCCTRL
                                    940 	.globl _LPXOSCGM
                                    941 	.globl _LPOSCREF
                                    942 	.globl _LPOSCREF1
                                    943 	.globl _LPOSCREF0
                                    944 	.globl _LPOSCPER
                                    945 	.globl _LPOSCPER1
                                    946 	.globl _LPOSCPER0
                                    947 	.globl _LPOSCKFILT
                                    948 	.globl _LPOSCKFILT1
                                    949 	.globl _LPOSCKFILT0
                                    950 	.globl _LPOSCFREQ
                                    951 	.globl _LPOSCFREQ1
                                    952 	.globl _LPOSCFREQ0
                                    953 	.globl _LPOSCCONFIG
                                    954 	.globl _PINSEL
                                    955 	.globl _PINCHGC
                                    956 	.globl _PINCHGB
                                    957 	.globl _PINCHGA
                                    958 	.globl _PALTRADIO
                                    959 	.globl _PALTC
                                    960 	.globl _PALTB
                                    961 	.globl _PALTA
                                    962 	.globl _INTCHGC
                                    963 	.globl _INTCHGB
                                    964 	.globl _INTCHGA
                                    965 	.globl _EXTIRQ
                                    966 	.globl _GPIOENABLE
                                    967 	.globl _ANALOGA
                                    968 	.globl _FRCOSCREF
                                    969 	.globl _FRCOSCREF1
                                    970 	.globl _FRCOSCREF0
                                    971 	.globl _FRCOSCPER
                                    972 	.globl _FRCOSCPER1
                                    973 	.globl _FRCOSCPER0
                                    974 	.globl _FRCOSCKFILT
                                    975 	.globl _FRCOSCKFILT1
                                    976 	.globl _FRCOSCKFILT0
                                    977 	.globl _FRCOSCFREQ
                                    978 	.globl _FRCOSCFREQ1
                                    979 	.globl _FRCOSCFREQ0
                                    980 	.globl _FRCOSCCTRL
                                    981 	.globl _FRCOSCCONFIG
                                    982 	.globl _DMA1CONFIG
                                    983 	.globl _DMA1ADDR
                                    984 	.globl _DMA1ADDR1
                                    985 	.globl _DMA1ADDR0
                                    986 	.globl _DMA0CONFIG
                                    987 	.globl _DMA0ADDR
                                    988 	.globl _DMA0ADDR1
                                    989 	.globl _DMA0ADDR0
                                    990 	.globl _ADCTUNE2
                                    991 	.globl _ADCTUNE1
                                    992 	.globl _ADCTUNE0
                                    993 	.globl _ADCCH3VAL
                                    994 	.globl _ADCCH3VAL1
                                    995 	.globl _ADCCH3VAL0
                                    996 	.globl _ADCCH2VAL
                                    997 	.globl _ADCCH2VAL1
                                    998 	.globl _ADCCH2VAL0
                                    999 	.globl _ADCCH1VAL
                                   1000 	.globl _ADCCH1VAL1
                                   1001 	.globl _ADCCH1VAL0
                                   1002 	.globl _ADCCH0VAL
                                   1003 	.globl _ADCCH0VAL1
                                   1004 	.globl _ADCCH0VAL0
                                   1005 	.globl _axradio_transmit_PARM_3
                                   1006 	.globl _axradio_transmit_PARM_2
                                   1007 	.globl _aligned_alloc_PARM_2
                                   1008 	.globl _axradio_trxstate
                                   1009 	.globl _axradio_mode
                                   1010 	.globl _axradio_conv_time_totimer0
                                   1011 	.globl _axradio_isr
                                   1012 	.globl _ax5043_receiver_on_continuous
                                   1013 	.globl _ax5043_receiver_on_wor
                                   1014 	.globl _ax5043_prepare_tx
                                   1015 	.globl _ax5043_off
                                   1016 	.globl _ax5043_off_xtal
                                   1017 	.globl _axradio_wait_for_xtal
                                   1018 	.globl _axradio_init
                                   1019 	.globl _axradio_cansleep
                                   1020 	.globl _axradio_set_mode
                                   1021 	.globl _axradio_get_mode
                                   1022 	.globl _axradio_set_channel
                                   1023 	.globl _axradio_get_channel
                                   1024 	.globl _axradio_get_pllrange
                                   1025 	.globl _axradio_get_pllvcoi
                                   1026 	.globl _axradio_set_freqoffset
                                   1027 	.globl _axradio_get_freqoffset
                                   1028 	.globl _axradio_set_local_address
                                   1029 	.globl _axradio_get_local_address
                                   1030 	.globl _axradio_set_default_remote_address
                                   1031 	.globl _axradio_get_default_remote_address
                                   1032 	.globl _axradio_transmit
                                   1033 	.globl _axradio_agc_freeze
                                   1034 	.globl _axradio_agc_thaw
                                   1035 	.globl _axradio_calibrate_lposc
                                   1036 	.globl _axradio_commsleepexit
                                   1037 	.globl _axradio_check_fourfsk_modulation
                                   1038 	.globl _axradio_get_transmitter_pa_type
                                   1039 ;--------------------------------------------------------
                                   1040 ; special function registers
                                   1041 ;--------------------------------------------------------
                                   1042 	.area RSEG    (ABS,DATA)
      000000                       1043 	.org 0x0000
                           0000E0  1044 _ACC	=	0x00e0
                           0000F0  1045 _B	=	0x00f0
                           000083  1046 _DPH	=	0x0083
                           000085  1047 _DPH1	=	0x0085
                           000082  1048 _DPL	=	0x0082
                           000084  1049 _DPL1	=	0x0084
                           008382  1050 _DPTR0	=	0x8382
                           008584  1051 _DPTR1	=	0x8584
                           000086  1052 _DPS	=	0x0086
                           0000A0  1053 _E2IE	=	0x00a0
                           0000C0  1054 _E2IP	=	0x00c0
                           000098  1055 _EIE	=	0x0098
                           0000B0  1056 _EIP	=	0x00b0
                           0000A8  1057 _IE	=	0x00a8
                           0000B8  1058 _IP	=	0x00b8
                           000087  1059 _PCON	=	0x0087
                           0000D0  1060 _PSW	=	0x00d0
                           000081  1061 _SP	=	0x0081
                           0000D9  1062 _XPAGE	=	0x00d9
                           0000D9  1063 __XPAGE	=	0x00d9
                           0000CA  1064 _ADCCH0CONFIG	=	0x00ca
                           0000CB  1065 _ADCCH1CONFIG	=	0x00cb
                           0000D2  1066 _ADCCH2CONFIG	=	0x00d2
                           0000D3  1067 _ADCCH3CONFIG	=	0x00d3
                           0000D1  1068 _ADCCLKSRC	=	0x00d1
                           0000C9  1069 _ADCCONV	=	0x00c9
                           0000E1  1070 _ANALOGCOMP	=	0x00e1
                           0000C6  1071 _CLKCON	=	0x00c6
                           0000C7  1072 _CLKSTAT	=	0x00c7
                           000097  1073 _CODECONFIG	=	0x0097
                           0000E3  1074 _DBGLNKBUF	=	0x00e3
                           0000E2  1075 _DBGLNKSTAT	=	0x00e2
                           000089  1076 _DIRA	=	0x0089
                           00008A  1077 _DIRB	=	0x008a
                           00008B  1078 _DIRC	=	0x008b
                           00008E  1079 _DIRR	=	0x008e
                           0000C8  1080 _PINA	=	0x00c8
                           0000E8  1081 _PINB	=	0x00e8
                           0000F8  1082 _PINC	=	0x00f8
                           00008D  1083 _PINR	=	0x008d
                           000080  1084 _PORTA	=	0x0080
                           000088  1085 _PORTB	=	0x0088
                           000090  1086 _PORTC	=	0x0090
                           00008C  1087 _PORTR	=	0x008c
                           0000CE  1088 _IC0CAPT0	=	0x00ce
                           0000CF  1089 _IC0CAPT1	=	0x00cf
                           00CFCE  1090 _IC0CAPT	=	0xcfce
                           0000CC  1091 _IC0MODE	=	0x00cc
                           0000CD  1092 _IC0STATUS	=	0x00cd
                           0000D6  1093 _IC1CAPT0	=	0x00d6
                           0000D7  1094 _IC1CAPT1	=	0x00d7
                           00D7D6  1095 _IC1CAPT	=	0xd7d6
                           0000D4  1096 _IC1MODE	=	0x00d4
                           0000D5  1097 _IC1STATUS	=	0x00d5
                           000092  1098 _NVADDR0	=	0x0092
                           000093  1099 _NVADDR1	=	0x0093
                           009392  1100 _NVADDR	=	0x9392
                           000094  1101 _NVDATA0	=	0x0094
                           000095  1102 _NVDATA1	=	0x0095
                           009594  1103 _NVDATA	=	0x9594
                           000096  1104 _NVKEY	=	0x0096
                           000091  1105 _NVSTATUS	=	0x0091
                           0000BC  1106 _OC0COMP0	=	0x00bc
                           0000BD  1107 _OC0COMP1	=	0x00bd
                           00BDBC  1108 _OC0COMP	=	0xbdbc
                           0000B9  1109 _OC0MODE	=	0x00b9
                           0000BA  1110 _OC0PIN	=	0x00ba
                           0000BB  1111 _OC0STATUS	=	0x00bb
                           0000C4  1112 _OC1COMP0	=	0x00c4
                           0000C5  1113 _OC1COMP1	=	0x00c5
                           00C5C4  1114 _OC1COMP	=	0xc5c4
                           0000C1  1115 _OC1MODE	=	0x00c1
                           0000C2  1116 _OC1PIN	=	0x00c2
                           0000C3  1117 _OC1STATUS	=	0x00c3
                           0000B1  1118 _RADIOACC	=	0x00b1
                           0000B3  1119 _RADIOADDR0	=	0x00b3
                           0000B2  1120 _RADIOADDR1	=	0x00b2
                           00B2B3  1121 _RADIOADDR	=	0xb2b3
                           0000B7  1122 _RADIODATA0	=	0x00b7
                           0000B6  1123 _RADIODATA1	=	0x00b6
                           0000B5  1124 _RADIODATA2	=	0x00b5
                           0000B4  1125 _RADIODATA3	=	0x00b4
                           B4B5B6B7  1126 _RADIODATA	=	0xb4b5b6b7
                           0000BE  1127 _RADIOSTAT0	=	0x00be
                           0000BF  1128 _RADIOSTAT1	=	0x00bf
                           00BFBE  1129 _RADIOSTAT	=	0xbfbe
                           0000DF  1130 _SPCLKSRC	=	0x00df
                           0000DC  1131 _SPMODE	=	0x00dc
                           0000DE  1132 _SPSHREG	=	0x00de
                           0000DD  1133 _SPSTATUS	=	0x00dd
                           00009A  1134 _T0CLKSRC	=	0x009a
                           00009C  1135 _T0CNT0	=	0x009c
                           00009D  1136 _T0CNT1	=	0x009d
                           009D9C  1137 _T0CNT	=	0x9d9c
                           000099  1138 _T0MODE	=	0x0099
                           00009E  1139 _T0PERIOD0	=	0x009e
                           00009F  1140 _T0PERIOD1	=	0x009f
                           009F9E  1141 _T0PERIOD	=	0x9f9e
                           00009B  1142 _T0STATUS	=	0x009b
                           0000A2  1143 _T1CLKSRC	=	0x00a2
                           0000A4  1144 _T1CNT0	=	0x00a4
                           0000A5  1145 _T1CNT1	=	0x00a5
                           00A5A4  1146 _T1CNT	=	0xa5a4
                           0000A1  1147 _T1MODE	=	0x00a1
                           0000A6  1148 _T1PERIOD0	=	0x00a6
                           0000A7  1149 _T1PERIOD1	=	0x00a7
                           00A7A6  1150 _T1PERIOD	=	0xa7a6
                           0000A3  1151 _T1STATUS	=	0x00a3
                           0000AA  1152 _T2CLKSRC	=	0x00aa
                           0000AC  1153 _T2CNT0	=	0x00ac
                           0000AD  1154 _T2CNT1	=	0x00ad
                           00ADAC  1155 _T2CNT	=	0xadac
                           0000A9  1156 _T2MODE	=	0x00a9
                           0000AE  1157 _T2PERIOD0	=	0x00ae
                           0000AF  1158 _T2PERIOD1	=	0x00af
                           00AFAE  1159 _T2PERIOD	=	0xafae
                           0000AB  1160 _T2STATUS	=	0x00ab
                           0000E4  1161 _U0CTRL	=	0x00e4
                           0000E7  1162 _U0MODE	=	0x00e7
                           0000E6  1163 _U0SHREG	=	0x00e6
                           0000E5  1164 _U0STATUS	=	0x00e5
                           0000EC  1165 _U1CTRL	=	0x00ec
                           0000EF  1166 _U1MODE	=	0x00ef
                           0000EE  1167 _U1SHREG	=	0x00ee
                           0000ED  1168 _U1STATUS	=	0x00ed
                           0000DA  1169 _WDTCFG	=	0x00da
                           0000DB  1170 _WDTRESET	=	0x00db
                           0000F1  1171 _WTCFGA	=	0x00f1
                           0000F9  1172 _WTCFGB	=	0x00f9
                           0000F2  1173 _WTCNTA0	=	0x00f2
                           0000F3  1174 _WTCNTA1	=	0x00f3
                           00F3F2  1175 _WTCNTA	=	0xf3f2
                           0000FA  1176 _WTCNTB0	=	0x00fa
                           0000FB  1177 _WTCNTB1	=	0x00fb
                           00FBFA  1178 _WTCNTB	=	0xfbfa
                           0000EB  1179 _WTCNTR1	=	0x00eb
                           0000F4  1180 _WTEVTA0	=	0x00f4
                           0000F5  1181 _WTEVTA1	=	0x00f5
                           00F5F4  1182 _WTEVTA	=	0xf5f4
                           0000F6  1183 _WTEVTB0	=	0x00f6
                           0000F7  1184 _WTEVTB1	=	0x00f7
                           00F7F6  1185 _WTEVTB	=	0xf7f6
                           0000FC  1186 _WTEVTC0	=	0x00fc
                           0000FD  1187 _WTEVTC1	=	0x00fd
                           00FDFC  1188 _WTEVTC	=	0xfdfc
                           0000FE  1189 _WTEVTD0	=	0x00fe
                           0000FF  1190 _WTEVTD1	=	0x00ff
                           00FFFE  1191 _WTEVTD	=	0xfffe
                           0000E9  1192 _WTIRQEN	=	0x00e9
                           0000EA  1193 _WTSTAT	=	0x00ea
                                   1194 ;--------------------------------------------------------
                                   1195 ; special function bits
                                   1196 ;--------------------------------------------------------
                                   1197 	.area RSEG    (ABS,DATA)
      000000                       1198 	.org 0x0000
                           0000E0  1199 _ACC_0	=	0x00e0
                           0000E1  1200 _ACC_1	=	0x00e1
                           0000E2  1201 _ACC_2	=	0x00e2
                           0000E3  1202 _ACC_3	=	0x00e3
                           0000E4  1203 _ACC_4	=	0x00e4
                           0000E5  1204 _ACC_5	=	0x00e5
                           0000E6  1205 _ACC_6	=	0x00e6
                           0000E7  1206 _ACC_7	=	0x00e7
                           0000F0  1207 _B_0	=	0x00f0
                           0000F1  1208 _B_1	=	0x00f1
                           0000F2  1209 _B_2	=	0x00f2
                           0000F3  1210 _B_3	=	0x00f3
                           0000F4  1211 _B_4	=	0x00f4
                           0000F5  1212 _B_5	=	0x00f5
                           0000F6  1213 _B_6	=	0x00f6
                           0000F7  1214 _B_7	=	0x00f7
                           0000A0  1215 _E2IE_0	=	0x00a0
                           0000A1  1216 _E2IE_1	=	0x00a1
                           0000A2  1217 _E2IE_2	=	0x00a2
                           0000A3  1218 _E2IE_3	=	0x00a3
                           0000A4  1219 _E2IE_4	=	0x00a4
                           0000A5  1220 _E2IE_5	=	0x00a5
                           0000A6  1221 _E2IE_6	=	0x00a6
                           0000A7  1222 _E2IE_7	=	0x00a7
                           0000C0  1223 _E2IP_0	=	0x00c0
                           0000C1  1224 _E2IP_1	=	0x00c1
                           0000C2  1225 _E2IP_2	=	0x00c2
                           0000C3  1226 _E2IP_3	=	0x00c3
                           0000C4  1227 _E2IP_4	=	0x00c4
                           0000C5  1228 _E2IP_5	=	0x00c5
                           0000C6  1229 _E2IP_6	=	0x00c6
                           0000C7  1230 _E2IP_7	=	0x00c7
                           000098  1231 _EIE_0	=	0x0098
                           000099  1232 _EIE_1	=	0x0099
                           00009A  1233 _EIE_2	=	0x009a
                           00009B  1234 _EIE_3	=	0x009b
                           00009C  1235 _EIE_4	=	0x009c
                           00009D  1236 _EIE_5	=	0x009d
                           00009E  1237 _EIE_6	=	0x009e
                           00009F  1238 _EIE_7	=	0x009f
                           0000B0  1239 _EIP_0	=	0x00b0
                           0000B1  1240 _EIP_1	=	0x00b1
                           0000B2  1241 _EIP_2	=	0x00b2
                           0000B3  1242 _EIP_3	=	0x00b3
                           0000B4  1243 _EIP_4	=	0x00b4
                           0000B5  1244 _EIP_5	=	0x00b5
                           0000B6  1245 _EIP_6	=	0x00b6
                           0000B7  1246 _EIP_7	=	0x00b7
                           0000A8  1247 _IE_0	=	0x00a8
                           0000A9  1248 _IE_1	=	0x00a9
                           0000AA  1249 _IE_2	=	0x00aa
                           0000AB  1250 _IE_3	=	0x00ab
                           0000AC  1251 _IE_4	=	0x00ac
                           0000AD  1252 _IE_5	=	0x00ad
                           0000AE  1253 _IE_6	=	0x00ae
                           0000AF  1254 _IE_7	=	0x00af
                           0000AF  1255 _EA	=	0x00af
                           0000B8  1256 _IP_0	=	0x00b8
                           0000B9  1257 _IP_1	=	0x00b9
                           0000BA  1258 _IP_2	=	0x00ba
                           0000BB  1259 _IP_3	=	0x00bb
                           0000BC  1260 _IP_4	=	0x00bc
                           0000BD  1261 _IP_5	=	0x00bd
                           0000BE  1262 _IP_6	=	0x00be
                           0000BF  1263 _IP_7	=	0x00bf
                           0000D0  1264 _P	=	0x00d0
                           0000D1  1265 _F1	=	0x00d1
                           0000D2  1266 _OV	=	0x00d2
                           0000D3  1267 _RS0	=	0x00d3
                           0000D4  1268 _RS1	=	0x00d4
                           0000D5  1269 _F0	=	0x00d5
                           0000D6  1270 _AC	=	0x00d6
                           0000D7  1271 _CY	=	0x00d7
                           0000C8  1272 _PINA_0	=	0x00c8
                           0000C9  1273 _PINA_1	=	0x00c9
                           0000CA  1274 _PINA_2	=	0x00ca
                           0000CB  1275 _PINA_3	=	0x00cb
                           0000CC  1276 _PINA_4	=	0x00cc
                           0000CD  1277 _PINA_5	=	0x00cd
                           0000CE  1278 _PINA_6	=	0x00ce
                           0000CF  1279 _PINA_7	=	0x00cf
                           0000E8  1280 _PINB_0	=	0x00e8
                           0000E9  1281 _PINB_1	=	0x00e9
                           0000EA  1282 _PINB_2	=	0x00ea
                           0000EB  1283 _PINB_3	=	0x00eb
                           0000EC  1284 _PINB_4	=	0x00ec
                           0000ED  1285 _PINB_5	=	0x00ed
                           0000EE  1286 _PINB_6	=	0x00ee
                           0000EF  1287 _PINB_7	=	0x00ef
                           0000F8  1288 _PINC_0	=	0x00f8
                           0000F9  1289 _PINC_1	=	0x00f9
                           0000FA  1290 _PINC_2	=	0x00fa
                           0000FB  1291 _PINC_3	=	0x00fb
                           0000FC  1292 _PINC_4	=	0x00fc
                           0000FD  1293 _PINC_5	=	0x00fd
                           0000FE  1294 _PINC_6	=	0x00fe
                           0000FF  1295 _PINC_7	=	0x00ff
                           000080  1296 _PORTA_0	=	0x0080
                           000081  1297 _PORTA_1	=	0x0081
                           000082  1298 _PORTA_2	=	0x0082
                           000083  1299 _PORTA_3	=	0x0083
                           000084  1300 _PORTA_4	=	0x0084
                           000085  1301 _PORTA_5	=	0x0085
                           000086  1302 _PORTA_6	=	0x0086
                           000087  1303 _PORTA_7	=	0x0087
                           000088  1304 _PORTB_0	=	0x0088
                           000089  1305 _PORTB_1	=	0x0089
                           00008A  1306 _PORTB_2	=	0x008a
                           00008B  1307 _PORTB_3	=	0x008b
                           00008C  1308 _PORTB_4	=	0x008c
                           00008D  1309 _PORTB_5	=	0x008d
                           00008E  1310 _PORTB_6	=	0x008e
                           00008F  1311 _PORTB_7	=	0x008f
                           000090  1312 _PORTC_0	=	0x0090
                           000091  1313 _PORTC_1	=	0x0091
                           000092  1314 _PORTC_2	=	0x0092
                           000093  1315 _PORTC_3	=	0x0093
                           000094  1316 _PORTC_4	=	0x0094
                           000095  1317 _PORTC_5	=	0x0095
                           000096  1318 _PORTC_6	=	0x0096
                           000097  1319 _PORTC_7	=	0x0097
                                   1320 ;--------------------------------------------------------
                                   1321 ; overlayable register banks
                                   1322 ;--------------------------------------------------------
                                   1323 	.area REG_BANK_0	(REL,OVR,DATA)
      000000                       1324 	.ds 8
                                   1325 ;--------------------------------------------------------
                                   1326 ; overlayable bit register bank
                                   1327 ;--------------------------------------------------------
                                   1328 	.area BIT_BANK	(REL,OVR,DATA)
      000000                       1329 bits:
      000000                       1330 	.ds 1
                           008000  1331 	b0 = bits[0]
                           008100  1332 	b1 = bits[1]
                           008200  1333 	b2 = bits[2]
                           008300  1334 	b3 = bits[3]
                           008400  1335 	b4 = bits[4]
                           008500  1336 	b5 = bits[5]
                           008600  1337 	b6 = bits[6]
                           008700  1338 	b7 = bits[7]
                                   1339 ;--------------------------------------------------------
                                   1340 ; internal ram data
                                   1341 ;--------------------------------------------------------
                                   1342 	.area DSEG    (DATA)
      000000                       1343 _axradio_mode::
      000000                       1344 	.ds 1
      000001                       1345 _axradio_trxstate::
      000001                       1346 	.ds 1
      000002                       1347 _aligned_alloc_PARM_2:
      000002                       1348 	.ds 2
      000004                       1349 _axradio_init_i_1_657:
      000004                       1350 	.ds 1
      000005                       1351 _axradio_init_vcoisave_3_687:
      000005                       1352 	.ds 1
      000006                       1353 _axradio_init_j_3_687:
      000006                       1354 	.ds 1
      000007                       1355 _axradio_init_f_5_690:
      000007                       1356 	.ds 4
      00000B                       1357 _axradio_init_sloc0_1_0:
      00000B                       1358 	.ds 2
      00000D                       1359 _axradio_transmit_PARM_2:
      00000D                       1360 	.ds 3
      000010                       1361 _axradio_transmit_PARM_3:
      000010                       1362 	.ds 2
                                   1363 ;--------------------------------------------------------
                                   1364 ; overlayable items in internal ram 
                                   1365 ;--------------------------------------------------------
                                   1366 	.area	OSEG    (OVR,DATA)
                                   1367 	.area	OSEG    (OVR,DATA)
      000000                       1368 _axradio_set_channel_rng_1_766:
      000000                       1369 	.ds 1
                                   1370 	.area	OSEG    (OVR,DATA)
                                   1371 	.area	OSEG    (OVR,DATA)
                                   1372 ;--------------------------------------------------------
                                   1373 ; indirectly addressable internal ram data
                                   1374 ;--------------------------------------------------------
                                   1375 	.area ISEG    (DATA)
                                   1376 ;--------------------------------------------------------
                                   1377 ; absolute internal ram data
                                   1378 ;--------------------------------------------------------
                                   1379 	.area IABS    (ABS,DATA)
                                   1380 	.area IABS    (ABS,DATA)
                                   1381 ;--------------------------------------------------------
                                   1382 ; bit data
                                   1383 ;--------------------------------------------------------
                                   1384 	.area BSEG    (BIT)
      000000                       1385 _axradio_timer_callback_sloc0_1_0:
      000000                       1386 	.ds 1
                                   1387 ;--------------------------------------------------------
                                   1388 ; paged external ram data
                                   1389 ;--------------------------------------------------------
                                   1390 	.area PSEG    (PAG,XDATA)
                                   1391 ;--------------------------------------------------------
                                   1392 ; external ram data
                                   1393 ;--------------------------------------------------------
                                   1394 	.area XSEG    (XDATA)
                           007020  1395 _ADCCH0VAL0	=	0x7020
                           007021  1396 _ADCCH0VAL1	=	0x7021
                           007020  1397 _ADCCH0VAL	=	0x7020
                           007022  1398 _ADCCH1VAL0	=	0x7022
                           007023  1399 _ADCCH1VAL1	=	0x7023
                           007022  1400 _ADCCH1VAL	=	0x7022
                           007024  1401 _ADCCH2VAL0	=	0x7024
                           007025  1402 _ADCCH2VAL1	=	0x7025
                           007024  1403 _ADCCH2VAL	=	0x7024
                           007026  1404 _ADCCH3VAL0	=	0x7026
                           007027  1405 _ADCCH3VAL1	=	0x7027
                           007026  1406 _ADCCH3VAL	=	0x7026
                           007028  1407 _ADCTUNE0	=	0x7028
                           007029  1408 _ADCTUNE1	=	0x7029
                           00702A  1409 _ADCTUNE2	=	0x702a
                           007010  1410 _DMA0ADDR0	=	0x7010
                           007011  1411 _DMA0ADDR1	=	0x7011
                           007010  1412 _DMA0ADDR	=	0x7010
                           007014  1413 _DMA0CONFIG	=	0x7014
                           007012  1414 _DMA1ADDR0	=	0x7012
                           007013  1415 _DMA1ADDR1	=	0x7013
                           007012  1416 _DMA1ADDR	=	0x7012
                           007015  1417 _DMA1CONFIG	=	0x7015
                           007070  1418 _FRCOSCCONFIG	=	0x7070
                           007071  1419 _FRCOSCCTRL	=	0x7071
                           007076  1420 _FRCOSCFREQ0	=	0x7076
                           007077  1421 _FRCOSCFREQ1	=	0x7077
                           007076  1422 _FRCOSCFREQ	=	0x7076
                           007072  1423 _FRCOSCKFILT0	=	0x7072
                           007073  1424 _FRCOSCKFILT1	=	0x7073
                           007072  1425 _FRCOSCKFILT	=	0x7072
                           007078  1426 _FRCOSCPER0	=	0x7078
                           007079  1427 _FRCOSCPER1	=	0x7079
                           007078  1428 _FRCOSCPER	=	0x7078
                           007074  1429 _FRCOSCREF0	=	0x7074
                           007075  1430 _FRCOSCREF1	=	0x7075
                           007074  1431 _FRCOSCREF	=	0x7074
                           007007  1432 _ANALOGA	=	0x7007
                           00700C  1433 _GPIOENABLE	=	0x700c
                           007003  1434 _EXTIRQ	=	0x7003
                           007000  1435 _INTCHGA	=	0x7000
                           007001  1436 _INTCHGB	=	0x7001
                           007002  1437 _INTCHGC	=	0x7002
                           007008  1438 _PALTA	=	0x7008
                           007009  1439 _PALTB	=	0x7009
                           00700A  1440 _PALTC	=	0x700a
                           007046  1441 _PALTRADIO	=	0x7046
                           007004  1442 _PINCHGA	=	0x7004
                           007005  1443 _PINCHGB	=	0x7005
                           007006  1444 _PINCHGC	=	0x7006
                           00700B  1445 _PINSEL	=	0x700b
                           007060  1446 _LPOSCCONFIG	=	0x7060
                           007066  1447 _LPOSCFREQ0	=	0x7066
                           007067  1448 _LPOSCFREQ1	=	0x7067
                           007066  1449 _LPOSCFREQ	=	0x7066
                           007062  1450 _LPOSCKFILT0	=	0x7062
                           007063  1451 _LPOSCKFILT1	=	0x7063
                           007062  1452 _LPOSCKFILT	=	0x7062
                           007068  1453 _LPOSCPER0	=	0x7068
                           007069  1454 _LPOSCPER1	=	0x7069
                           007068  1455 _LPOSCPER	=	0x7068
                           007064  1456 _LPOSCREF0	=	0x7064
                           007065  1457 _LPOSCREF1	=	0x7065
                           007064  1458 _LPOSCREF	=	0x7064
                           007054  1459 _LPXOSCGM	=	0x7054
                           007F01  1460 _MISCCTRL	=	0x7f01
                           007053  1461 _OSCCALIB	=	0x7053
                           007050  1462 _OSCFORCERUN	=	0x7050
                           007052  1463 _OSCREADY	=	0x7052
                           007051  1464 _OSCRUN	=	0x7051
                           007040  1465 _RADIOFDATAADDR0	=	0x7040
                           007041  1466 _RADIOFDATAADDR1	=	0x7041
                           007040  1467 _RADIOFDATAADDR	=	0x7040
                           007042  1468 _RADIOFSTATADDR0	=	0x7042
                           007043  1469 _RADIOFSTATADDR1	=	0x7043
                           007042  1470 _RADIOFSTATADDR	=	0x7042
                           007044  1471 _RADIOMUX	=	0x7044
                           007084  1472 _SCRATCH0	=	0x7084
                           007085  1473 _SCRATCH1	=	0x7085
                           007086  1474 _SCRATCH2	=	0x7086
                           007087  1475 _SCRATCH3	=	0x7087
                           007F00  1476 _SILICONREV	=	0x7f00
                           007F19  1477 _XTALAMPL	=	0x7f19
                           007F18  1478 _XTALOSC	=	0x7f18
                           007F1A  1479 _XTALREADY	=	0x7f1a
                           004114  1480 _AX5043_AFSKCTRL	=	0x4114
                           004113  1481 _AX5043_AFSKMARK0	=	0x4113
                           004112  1482 _AX5043_AFSKMARK1	=	0x4112
                           004111  1483 _AX5043_AFSKSPACE0	=	0x4111
                           004110  1484 _AX5043_AFSKSPACE1	=	0x4110
                           004043  1485 _AX5043_AGCCOUNTER	=	0x4043
                           004115  1486 _AX5043_AMPLFILTER	=	0x4115
                           004189  1487 _AX5043_BBOFFSCAP	=	0x4189
                           004188  1488 _AX5043_BBTUNE	=	0x4188
                           004041  1489 _AX5043_BGNDRSSI	=	0x4041
                           00422E  1490 _AX5043_BGNDRSSIGAIN	=	0x422e
                           00422F  1491 _AX5043_BGNDRSSITHR	=	0x422f
                           004017  1492 _AX5043_CRCINIT0	=	0x4017
                           004016  1493 _AX5043_CRCINIT1	=	0x4016
                           004015  1494 _AX5043_CRCINIT2	=	0x4015
                           004014  1495 _AX5043_CRCINIT3	=	0x4014
                           004332  1496 _AX5043_DACCONFIG	=	0x4332
                           004331  1497 _AX5043_DACVALUE0	=	0x4331
                           004330  1498 _AX5043_DACVALUE1	=	0x4330
                           004102  1499 _AX5043_DECIMATION	=	0x4102
                           004042  1500 _AX5043_DIVERSITY	=	0x4042
                           004011  1501 _AX5043_ENCODING	=	0x4011
                           004018  1502 _AX5043_FEC	=	0x4018
                           00401A  1503 _AX5043_FECSTATUS	=	0x401a
                           004019  1504 _AX5043_FECSYNC	=	0x4019
                           00402B  1505 _AX5043_FIFOCOUNT0	=	0x402b
                           00402A  1506 _AX5043_FIFOCOUNT1	=	0x402a
                           004029  1507 _AX5043_FIFODATA	=	0x4029
                           00402D  1508 _AX5043_FIFOFREE0	=	0x402d
                           00402C  1509 _AX5043_FIFOFREE1	=	0x402c
                           004028  1510 _AX5043_FIFOSTAT	=	0x4028
                           00402F  1511 _AX5043_FIFOTHRESH0	=	0x402f
                           00402E  1512 _AX5043_FIFOTHRESH1	=	0x402e
                           004012  1513 _AX5043_FRAMING	=	0x4012
                           004037  1514 _AX5043_FREQA0	=	0x4037
                           004036  1515 _AX5043_FREQA1	=	0x4036
                           004035  1516 _AX5043_FREQA2	=	0x4035
                           004034  1517 _AX5043_FREQA3	=	0x4034
                           00403F  1518 _AX5043_FREQB0	=	0x403f
                           00403E  1519 _AX5043_FREQB1	=	0x403e
                           00403D  1520 _AX5043_FREQB2	=	0x403d
                           00403C  1521 _AX5043_FREQB3	=	0x403c
                           004163  1522 _AX5043_FSKDEV0	=	0x4163
                           004162  1523 _AX5043_FSKDEV1	=	0x4162
                           004161  1524 _AX5043_FSKDEV2	=	0x4161
                           00410D  1525 _AX5043_FSKDMAX0	=	0x410d
                           00410C  1526 _AX5043_FSKDMAX1	=	0x410c
                           00410F  1527 _AX5043_FSKDMIN0	=	0x410f
                           00410E  1528 _AX5043_FSKDMIN1	=	0x410e
                           004309  1529 _AX5043_GPADC13VALUE0	=	0x4309
                           004308  1530 _AX5043_GPADC13VALUE1	=	0x4308
                           004300  1531 _AX5043_GPADCCTRL	=	0x4300
                           004301  1532 _AX5043_GPADCPERIOD	=	0x4301
                           004101  1533 _AX5043_IFFREQ0	=	0x4101
                           004100  1534 _AX5043_IFFREQ1	=	0x4100
                           00400B  1535 _AX5043_IRQINVERSION0	=	0x400b
                           00400A  1536 _AX5043_IRQINVERSION1	=	0x400a
                           004007  1537 _AX5043_IRQMASK0	=	0x4007
                           004006  1538 _AX5043_IRQMASK1	=	0x4006
                           00400D  1539 _AX5043_IRQREQUEST0	=	0x400d
                           00400C  1540 _AX5043_IRQREQUEST1	=	0x400c
                           004310  1541 _AX5043_LPOSCCONFIG	=	0x4310
                           004317  1542 _AX5043_LPOSCFREQ0	=	0x4317
                           004316  1543 _AX5043_LPOSCFREQ1	=	0x4316
                           004313  1544 _AX5043_LPOSCKFILT0	=	0x4313
                           004312  1545 _AX5043_LPOSCKFILT1	=	0x4312
                           004319  1546 _AX5043_LPOSCPER0	=	0x4319
                           004318  1547 _AX5043_LPOSCPER1	=	0x4318
                           004315  1548 _AX5043_LPOSCREF0	=	0x4315
                           004314  1549 _AX5043_LPOSCREF1	=	0x4314
                           004311  1550 _AX5043_LPOSCSTATUS	=	0x4311
                           004214  1551 _AX5043_MATCH0LEN	=	0x4214
                           004216  1552 _AX5043_MATCH0MAX	=	0x4216
                           004215  1553 _AX5043_MATCH0MIN	=	0x4215
                           004213  1554 _AX5043_MATCH0PAT0	=	0x4213
                           004212  1555 _AX5043_MATCH0PAT1	=	0x4212
                           004211  1556 _AX5043_MATCH0PAT2	=	0x4211
                           004210  1557 _AX5043_MATCH0PAT3	=	0x4210
                           00421C  1558 _AX5043_MATCH1LEN	=	0x421c
                           00421E  1559 _AX5043_MATCH1MAX	=	0x421e
                           00421D  1560 _AX5043_MATCH1MIN	=	0x421d
                           004219  1561 _AX5043_MATCH1PAT0	=	0x4219
                           004218  1562 _AX5043_MATCH1PAT1	=	0x4218
                           004108  1563 _AX5043_MAXDROFFSET0	=	0x4108
                           004107  1564 _AX5043_MAXDROFFSET1	=	0x4107
                           004106  1565 _AX5043_MAXDROFFSET2	=	0x4106
                           00410B  1566 _AX5043_MAXRFOFFSET0	=	0x410b
                           00410A  1567 _AX5043_MAXRFOFFSET1	=	0x410a
                           004109  1568 _AX5043_MAXRFOFFSET2	=	0x4109
                           004164  1569 _AX5043_MODCFGA	=	0x4164
                           004160  1570 _AX5043_MODCFGF	=	0x4160
                           004F5F  1571 _AX5043_MODCFGP	=	0x4f5f
                           004010  1572 _AX5043_MODULATION	=	0x4010
                           004025  1573 _AX5043_PINFUNCANTSEL	=	0x4025
                           004023  1574 _AX5043_PINFUNCDATA	=	0x4023
                           004022  1575 _AX5043_PINFUNCDCLK	=	0x4022
                           004024  1576 _AX5043_PINFUNCIRQ	=	0x4024
                           004026  1577 _AX5043_PINFUNCPWRAMP	=	0x4026
                           004021  1578 _AX5043_PINFUNCSYSCLK	=	0x4021
                           004020  1579 _AX5043_PINSTATE	=	0x4020
                           004233  1580 _AX5043_PKTACCEPTFLAGS	=	0x4233
                           004230  1581 _AX5043_PKTCHUNKSIZE	=	0x4230
                           004231  1582 _AX5043_PKTMISCFLAGS	=	0x4231
                           004232  1583 _AX5043_PKTSTOREFLAGS	=	0x4232
                           004031  1584 _AX5043_PLLCPI	=	0x4031
                           004039  1585 _AX5043_PLLCPIBOOST	=	0x4039
                           004182  1586 _AX5043_PLLLOCKDET	=	0x4182
                           004030  1587 _AX5043_PLLLOOP	=	0x4030
                           004038  1588 _AX5043_PLLLOOPBOOST	=	0x4038
                           004033  1589 _AX5043_PLLRANGINGA	=	0x4033
                           00403B  1590 _AX5043_PLLRANGINGB	=	0x403b
                           004183  1591 _AX5043_PLLRNGCLK	=	0x4183
                           004032  1592 _AX5043_PLLVCODIV	=	0x4032
                           004180  1593 _AX5043_PLLVCOI	=	0x4180
                           004181  1594 _AX5043_PLLVCOIR	=	0x4181
                           004F08  1595 _AX5043_POWCTRL1	=	0x4f08
                           004005  1596 _AX5043_POWIRQMASK	=	0x4005
                           004003  1597 _AX5043_POWSTAT	=	0x4003
                           004004  1598 _AX5043_POWSTICKYSTAT	=	0x4004
                           004027  1599 _AX5043_PWRAMP	=	0x4027
                           004002  1600 _AX5043_PWRMODE	=	0x4002
                           004009  1601 _AX5043_RADIOEVENTMASK0	=	0x4009
                           004008  1602 _AX5043_RADIOEVENTMASK1	=	0x4008
                           00400F  1603 _AX5043_RADIOEVENTREQ0	=	0x400f
                           00400E  1604 _AX5043_RADIOEVENTREQ1	=	0x400e
                           00401C  1605 _AX5043_RADIOSTATE	=	0x401c
                           004F0D  1606 _AX5043_REF	=	0x4f0d
                           004040  1607 _AX5043_RSSI	=	0x4040
                           00422D  1608 _AX5043_RSSIABSTHR	=	0x422d
                           00422C  1609 _AX5043_RSSIREFERENCE	=	0x422c
                           004105  1610 _AX5043_RXDATARATE0	=	0x4105
                           004104  1611 _AX5043_RXDATARATE1	=	0x4104
                           004103  1612 _AX5043_RXDATARATE2	=	0x4103
                           004001  1613 _AX5043_SCRATCH	=	0x4001
                           004000  1614 _AX5043_SILICONREVISION	=	0x4000
                           00405B  1615 _AX5043_TIMER0	=	0x405b
                           00405A  1616 _AX5043_TIMER1	=	0x405a
                           004059  1617 _AX5043_TIMER2	=	0x4059
                           004227  1618 _AX5043_TMGRXAGC	=	0x4227
                           004223  1619 _AX5043_TMGRXBOOST	=	0x4223
                           004226  1620 _AX5043_TMGRXCOARSEAGC	=	0x4226
                           004225  1621 _AX5043_TMGRXOFFSACQ	=	0x4225
                           004229  1622 _AX5043_TMGRXPREAMBLE1	=	0x4229
                           00422A  1623 _AX5043_TMGRXPREAMBLE2	=	0x422a
                           00422B  1624 _AX5043_TMGRXPREAMBLE3	=	0x422b
                           004228  1625 _AX5043_TMGRXRSSI	=	0x4228
                           004224  1626 _AX5043_TMGRXSETTLE	=	0x4224
                           004220  1627 _AX5043_TMGTXBOOST	=	0x4220
                           004221  1628 _AX5043_TMGTXSETTLE	=	0x4221
                           004055  1629 _AX5043_TRKAFSKDEMOD0	=	0x4055
                           004054  1630 _AX5043_TRKAFSKDEMOD1	=	0x4054
                           004049  1631 _AX5043_TRKAMPLITUDE0	=	0x4049
                           004048  1632 _AX5043_TRKAMPLITUDE1	=	0x4048
                           004047  1633 _AX5043_TRKDATARATE0	=	0x4047
                           004046  1634 _AX5043_TRKDATARATE1	=	0x4046
                           004045  1635 _AX5043_TRKDATARATE2	=	0x4045
                           004051  1636 _AX5043_TRKFREQ0	=	0x4051
                           004050  1637 _AX5043_TRKFREQ1	=	0x4050
                           004053  1638 _AX5043_TRKFSKDEMOD0	=	0x4053
                           004052  1639 _AX5043_TRKFSKDEMOD1	=	0x4052
                           00404B  1640 _AX5043_TRKPHASE0	=	0x404b
                           00404A  1641 _AX5043_TRKPHASE1	=	0x404a
                           00404F  1642 _AX5043_TRKRFFREQ0	=	0x404f
                           00404E  1643 _AX5043_TRKRFFREQ1	=	0x404e
                           00404D  1644 _AX5043_TRKRFFREQ2	=	0x404d
                           004169  1645 _AX5043_TXPWRCOEFFA0	=	0x4169
                           004168  1646 _AX5043_TXPWRCOEFFA1	=	0x4168
                           00416B  1647 _AX5043_TXPWRCOEFFB0	=	0x416b
                           00416A  1648 _AX5043_TXPWRCOEFFB1	=	0x416a
                           00416D  1649 _AX5043_TXPWRCOEFFC0	=	0x416d
                           00416C  1650 _AX5043_TXPWRCOEFFC1	=	0x416c
                           00416F  1651 _AX5043_TXPWRCOEFFD0	=	0x416f
                           00416E  1652 _AX5043_TXPWRCOEFFD1	=	0x416e
                           004171  1653 _AX5043_TXPWRCOEFFE0	=	0x4171
                           004170  1654 _AX5043_TXPWRCOEFFE1	=	0x4170
                           004167  1655 _AX5043_TXRATE0	=	0x4167
                           004166  1656 _AX5043_TXRATE1	=	0x4166
                           004165  1657 _AX5043_TXRATE2	=	0x4165
                           00406B  1658 _AX5043_WAKEUP0	=	0x406b
                           00406A  1659 _AX5043_WAKEUP1	=	0x406a
                           00406D  1660 _AX5043_WAKEUPFREQ0	=	0x406d
                           00406C  1661 _AX5043_WAKEUPFREQ1	=	0x406c
                           004069  1662 _AX5043_WAKEUPTIMER0	=	0x4069
                           004068  1663 _AX5043_WAKEUPTIMER1	=	0x4068
                           00406E  1664 _AX5043_WAKEUPXOEARLY	=	0x406e
                           004F11  1665 _AX5043_XTALAMPL	=	0x4f11
                           004184  1666 _AX5043_XTALCAP	=	0x4184
                           004F10  1667 _AX5043_XTALOSC	=	0x4f10
                           00401D  1668 _AX5043_XTALSTATUS	=	0x401d
                           004F00  1669 _AX5043_0xF00	=	0x4f00
                           004F0C  1670 _AX5043_0xF0C	=	0x4f0c
                           004F18  1671 _AX5043_0xF18	=	0x4f18
                           004F1C  1672 _AX5043_0xF1C	=	0x4f1c
                           004F21  1673 _AX5043_0xF21	=	0x4f21
                           004F22  1674 _AX5043_0xF22	=	0x4f22
                           004F23  1675 _AX5043_0xF23	=	0x4f23
                           004F26  1676 _AX5043_0xF26	=	0x4f26
                           004F30  1677 _AX5043_0xF30	=	0x4f30
                           004F31  1678 _AX5043_0xF31	=	0x4f31
                           004F32  1679 _AX5043_0xF32	=	0x4f32
                           004F33  1680 _AX5043_0xF33	=	0x4f33
                           004F34  1681 _AX5043_0xF34	=	0x4f34
                           004F35  1682 _AX5043_0xF35	=	0x4f35
                           004F44  1683 _AX5043_0xF44	=	0x4f44
                           004122  1684 _AX5043_AGCAHYST0	=	0x4122
                           004132  1685 _AX5043_AGCAHYST1	=	0x4132
                           004142  1686 _AX5043_AGCAHYST2	=	0x4142
                           004152  1687 _AX5043_AGCAHYST3	=	0x4152
                           004120  1688 _AX5043_AGCGAIN0	=	0x4120
                           004130  1689 _AX5043_AGCGAIN1	=	0x4130
                           004140  1690 _AX5043_AGCGAIN2	=	0x4140
                           004150  1691 _AX5043_AGCGAIN3	=	0x4150
                           004123  1692 _AX5043_AGCMINMAX0	=	0x4123
                           004133  1693 _AX5043_AGCMINMAX1	=	0x4133
                           004143  1694 _AX5043_AGCMINMAX2	=	0x4143
                           004153  1695 _AX5043_AGCMINMAX3	=	0x4153
                           004121  1696 _AX5043_AGCTARGET0	=	0x4121
                           004131  1697 _AX5043_AGCTARGET1	=	0x4131
                           004141  1698 _AX5043_AGCTARGET2	=	0x4141
                           004151  1699 _AX5043_AGCTARGET3	=	0x4151
                           00412B  1700 _AX5043_AMPLITUDEGAIN0	=	0x412b
                           00413B  1701 _AX5043_AMPLITUDEGAIN1	=	0x413b
                           00414B  1702 _AX5043_AMPLITUDEGAIN2	=	0x414b
                           00415B  1703 _AX5043_AMPLITUDEGAIN3	=	0x415b
                           00412F  1704 _AX5043_BBOFFSRES0	=	0x412f
                           00413F  1705 _AX5043_BBOFFSRES1	=	0x413f
                           00414F  1706 _AX5043_BBOFFSRES2	=	0x414f
                           00415F  1707 _AX5043_BBOFFSRES3	=	0x415f
                           004125  1708 _AX5043_DRGAIN0	=	0x4125
                           004135  1709 _AX5043_DRGAIN1	=	0x4135
                           004145  1710 _AX5043_DRGAIN2	=	0x4145
                           004155  1711 _AX5043_DRGAIN3	=	0x4155
                           00412E  1712 _AX5043_FOURFSK0	=	0x412e
                           00413E  1713 _AX5043_FOURFSK1	=	0x413e
                           00414E  1714 _AX5043_FOURFSK2	=	0x414e
                           00415E  1715 _AX5043_FOURFSK3	=	0x415e
                           00412D  1716 _AX5043_FREQDEV00	=	0x412d
                           00413D  1717 _AX5043_FREQDEV01	=	0x413d
                           00414D  1718 _AX5043_FREQDEV02	=	0x414d
                           00415D  1719 _AX5043_FREQDEV03	=	0x415d
                           00412C  1720 _AX5043_FREQDEV10	=	0x412c
                           00413C  1721 _AX5043_FREQDEV11	=	0x413c
                           00414C  1722 _AX5043_FREQDEV12	=	0x414c
                           00415C  1723 _AX5043_FREQDEV13	=	0x415c
                           004127  1724 _AX5043_FREQUENCYGAINA0	=	0x4127
                           004137  1725 _AX5043_FREQUENCYGAINA1	=	0x4137
                           004147  1726 _AX5043_FREQUENCYGAINA2	=	0x4147
                           004157  1727 _AX5043_FREQUENCYGAINA3	=	0x4157
                           004128  1728 _AX5043_FREQUENCYGAINB0	=	0x4128
                           004138  1729 _AX5043_FREQUENCYGAINB1	=	0x4138
                           004148  1730 _AX5043_FREQUENCYGAINB2	=	0x4148
                           004158  1731 _AX5043_FREQUENCYGAINB3	=	0x4158
                           004129  1732 _AX5043_FREQUENCYGAINC0	=	0x4129
                           004139  1733 _AX5043_FREQUENCYGAINC1	=	0x4139
                           004149  1734 _AX5043_FREQUENCYGAINC2	=	0x4149
                           004159  1735 _AX5043_FREQUENCYGAINC3	=	0x4159
                           00412A  1736 _AX5043_FREQUENCYGAIND0	=	0x412a
                           00413A  1737 _AX5043_FREQUENCYGAIND1	=	0x413a
                           00414A  1738 _AX5043_FREQUENCYGAIND2	=	0x414a
                           00415A  1739 _AX5043_FREQUENCYGAIND3	=	0x415a
                           004116  1740 _AX5043_FREQUENCYLEAK	=	0x4116
                           004126  1741 _AX5043_PHASEGAIN0	=	0x4126
                           004136  1742 _AX5043_PHASEGAIN1	=	0x4136
                           004146  1743 _AX5043_PHASEGAIN2	=	0x4146
                           004156  1744 _AX5043_PHASEGAIN3	=	0x4156
                           004207  1745 _AX5043_PKTADDR0	=	0x4207
                           004206  1746 _AX5043_PKTADDR1	=	0x4206
                           004205  1747 _AX5043_PKTADDR2	=	0x4205
                           004204  1748 _AX5043_PKTADDR3	=	0x4204
                           004200  1749 _AX5043_PKTADDRCFG	=	0x4200
                           00420B  1750 _AX5043_PKTADDRMASK0	=	0x420b
                           00420A  1751 _AX5043_PKTADDRMASK1	=	0x420a
                           004209  1752 _AX5043_PKTADDRMASK2	=	0x4209
                           004208  1753 _AX5043_PKTADDRMASK3	=	0x4208
                           004201  1754 _AX5043_PKTLENCFG	=	0x4201
                           004202  1755 _AX5043_PKTLENOFFSET	=	0x4202
                           004203  1756 _AX5043_PKTMAXLEN	=	0x4203
                           004118  1757 _AX5043_RXPARAMCURSET	=	0x4118
                           004117  1758 _AX5043_RXPARAMSETS	=	0x4117
                           004124  1759 _AX5043_TIMEGAIN0	=	0x4124
                           004134  1760 _AX5043_TIMEGAIN1	=	0x4134
                           004144  1761 _AX5043_TIMEGAIN2	=	0x4144
                           004154  1762 _AX5043_TIMEGAIN3	=	0x4154
                           005114  1763 _AX5043_AFSKCTRLNB	=	0x5114
                           005113  1764 _AX5043_AFSKMARK0NB	=	0x5113
                           005112  1765 _AX5043_AFSKMARK1NB	=	0x5112
                           005111  1766 _AX5043_AFSKSPACE0NB	=	0x5111
                           005110  1767 _AX5043_AFSKSPACE1NB	=	0x5110
                           005043  1768 _AX5043_AGCCOUNTERNB	=	0x5043
                           005115  1769 _AX5043_AMPLFILTERNB	=	0x5115
                           005189  1770 _AX5043_BBOFFSCAPNB	=	0x5189
                           005188  1771 _AX5043_BBTUNENB	=	0x5188
                           005041  1772 _AX5043_BGNDRSSINB	=	0x5041
                           00522E  1773 _AX5043_BGNDRSSIGAINNB	=	0x522e
                           00522F  1774 _AX5043_BGNDRSSITHRNB	=	0x522f
                           005017  1775 _AX5043_CRCINIT0NB	=	0x5017
                           005016  1776 _AX5043_CRCINIT1NB	=	0x5016
                           005015  1777 _AX5043_CRCINIT2NB	=	0x5015
                           005014  1778 _AX5043_CRCINIT3NB	=	0x5014
                           005332  1779 _AX5043_DACCONFIGNB	=	0x5332
                           005331  1780 _AX5043_DACVALUE0NB	=	0x5331
                           005330  1781 _AX5043_DACVALUE1NB	=	0x5330
                           005102  1782 _AX5043_DECIMATIONNB	=	0x5102
                           005042  1783 _AX5043_DIVERSITYNB	=	0x5042
                           005011  1784 _AX5043_ENCODINGNB	=	0x5011
                           005018  1785 _AX5043_FECNB	=	0x5018
                           00501A  1786 _AX5043_FECSTATUSNB	=	0x501a
                           005019  1787 _AX5043_FECSYNCNB	=	0x5019
                           00502B  1788 _AX5043_FIFOCOUNT0NB	=	0x502b
                           00502A  1789 _AX5043_FIFOCOUNT1NB	=	0x502a
                           005029  1790 _AX5043_FIFODATANB	=	0x5029
                           00502D  1791 _AX5043_FIFOFREE0NB	=	0x502d
                           00502C  1792 _AX5043_FIFOFREE1NB	=	0x502c
                           005028  1793 _AX5043_FIFOSTATNB	=	0x5028
                           00502F  1794 _AX5043_FIFOTHRESH0NB	=	0x502f
                           00502E  1795 _AX5043_FIFOTHRESH1NB	=	0x502e
                           005012  1796 _AX5043_FRAMINGNB	=	0x5012
                           005037  1797 _AX5043_FREQA0NB	=	0x5037
                           005036  1798 _AX5043_FREQA1NB	=	0x5036
                           005035  1799 _AX5043_FREQA2NB	=	0x5035
                           005034  1800 _AX5043_FREQA3NB	=	0x5034
                           00503F  1801 _AX5043_FREQB0NB	=	0x503f
                           00503E  1802 _AX5043_FREQB1NB	=	0x503e
                           00503D  1803 _AX5043_FREQB2NB	=	0x503d
                           00503C  1804 _AX5043_FREQB3NB	=	0x503c
                           005163  1805 _AX5043_FSKDEV0NB	=	0x5163
                           005162  1806 _AX5043_FSKDEV1NB	=	0x5162
                           005161  1807 _AX5043_FSKDEV2NB	=	0x5161
                           00510D  1808 _AX5043_FSKDMAX0NB	=	0x510d
                           00510C  1809 _AX5043_FSKDMAX1NB	=	0x510c
                           00510F  1810 _AX5043_FSKDMIN0NB	=	0x510f
                           00510E  1811 _AX5043_FSKDMIN1NB	=	0x510e
                           005309  1812 _AX5043_GPADC13VALUE0NB	=	0x5309
                           005308  1813 _AX5043_GPADC13VALUE1NB	=	0x5308
                           005300  1814 _AX5043_GPADCCTRLNB	=	0x5300
                           005301  1815 _AX5043_GPADCPERIODNB	=	0x5301
                           005101  1816 _AX5043_IFFREQ0NB	=	0x5101
                           005100  1817 _AX5043_IFFREQ1NB	=	0x5100
                           00500B  1818 _AX5043_IRQINVERSION0NB	=	0x500b
                           00500A  1819 _AX5043_IRQINVERSION1NB	=	0x500a
                           005007  1820 _AX5043_IRQMASK0NB	=	0x5007
                           005006  1821 _AX5043_IRQMASK1NB	=	0x5006
                           00500D  1822 _AX5043_IRQREQUEST0NB	=	0x500d
                           00500C  1823 _AX5043_IRQREQUEST1NB	=	0x500c
                           005310  1824 _AX5043_LPOSCCONFIGNB	=	0x5310
                           005317  1825 _AX5043_LPOSCFREQ0NB	=	0x5317
                           005316  1826 _AX5043_LPOSCFREQ1NB	=	0x5316
                           005313  1827 _AX5043_LPOSCKFILT0NB	=	0x5313
                           005312  1828 _AX5043_LPOSCKFILT1NB	=	0x5312
                           005319  1829 _AX5043_LPOSCPER0NB	=	0x5319
                           005318  1830 _AX5043_LPOSCPER1NB	=	0x5318
                           005315  1831 _AX5043_LPOSCREF0NB	=	0x5315
                           005314  1832 _AX5043_LPOSCREF1NB	=	0x5314
                           005311  1833 _AX5043_LPOSCSTATUSNB	=	0x5311
                           005214  1834 _AX5043_MATCH0LENNB	=	0x5214
                           005216  1835 _AX5043_MATCH0MAXNB	=	0x5216
                           005215  1836 _AX5043_MATCH0MINNB	=	0x5215
                           005213  1837 _AX5043_MATCH0PAT0NB	=	0x5213
                           005212  1838 _AX5043_MATCH0PAT1NB	=	0x5212
                           005211  1839 _AX5043_MATCH0PAT2NB	=	0x5211
                           005210  1840 _AX5043_MATCH0PAT3NB	=	0x5210
                           00521C  1841 _AX5043_MATCH1LENNB	=	0x521c
                           00521E  1842 _AX5043_MATCH1MAXNB	=	0x521e
                           00521D  1843 _AX5043_MATCH1MINNB	=	0x521d
                           005219  1844 _AX5043_MATCH1PAT0NB	=	0x5219
                           005218  1845 _AX5043_MATCH1PAT1NB	=	0x5218
                           005108  1846 _AX5043_MAXDROFFSET0NB	=	0x5108
                           005107  1847 _AX5043_MAXDROFFSET1NB	=	0x5107
                           005106  1848 _AX5043_MAXDROFFSET2NB	=	0x5106
                           00510B  1849 _AX5043_MAXRFOFFSET0NB	=	0x510b
                           00510A  1850 _AX5043_MAXRFOFFSET1NB	=	0x510a
                           005109  1851 _AX5043_MAXRFOFFSET2NB	=	0x5109
                           005164  1852 _AX5043_MODCFGANB	=	0x5164
                           005160  1853 _AX5043_MODCFGFNB	=	0x5160
                           005F5F  1854 _AX5043_MODCFGPNB	=	0x5f5f
                           005010  1855 _AX5043_MODULATIONNB	=	0x5010
                           005025  1856 _AX5043_PINFUNCANTSELNB	=	0x5025
                           005023  1857 _AX5043_PINFUNCDATANB	=	0x5023
                           005022  1858 _AX5043_PINFUNCDCLKNB	=	0x5022
                           005024  1859 _AX5043_PINFUNCIRQNB	=	0x5024
                           005026  1860 _AX5043_PINFUNCPWRAMPNB	=	0x5026
                           005021  1861 _AX5043_PINFUNCSYSCLKNB	=	0x5021
                           005020  1862 _AX5043_PINSTATENB	=	0x5020
                           005233  1863 _AX5043_PKTACCEPTFLAGSNB	=	0x5233
                           005230  1864 _AX5043_PKTCHUNKSIZENB	=	0x5230
                           005231  1865 _AX5043_PKTMISCFLAGSNB	=	0x5231
                           005232  1866 _AX5043_PKTSTOREFLAGSNB	=	0x5232
                           005031  1867 _AX5043_PLLCPINB	=	0x5031
                           005039  1868 _AX5043_PLLCPIBOOSTNB	=	0x5039
                           005182  1869 _AX5043_PLLLOCKDETNB	=	0x5182
                           005030  1870 _AX5043_PLLLOOPNB	=	0x5030
                           005038  1871 _AX5043_PLLLOOPBOOSTNB	=	0x5038
                           005033  1872 _AX5043_PLLRANGINGANB	=	0x5033
                           00503B  1873 _AX5043_PLLRANGINGBNB	=	0x503b
                           005183  1874 _AX5043_PLLRNGCLKNB	=	0x5183
                           005032  1875 _AX5043_PLLVCODIVNB	=	0x5032
                           005180  1876 _AX5043_PLLVCOINB	=	0x5180
                           005181  1877 _AX5043_PLLVCOIRNB	=	0x5181
                           005F08  1878 _AX5043_POWCTRL1NB	=	0x5f08
                           005005  1879 _AX5043_POWIRQMASKNB	=	0x5005
                           005003  1880 _AX5043_POWSTATNB	=	0x5003
                           005004  1881 _AX5043_POWSTICKYSTATNB	=	0x5004
                           005027  1882 _AX5043_PWRAMPNB	=	0x5027
                           005002  1883 _AX5043_PWRMODENB	=	0x5002
                           005009  1884 _AX5043_RADIOEVENTMASK0NB	=	0x5009
                           005008  1885 _AX5043_RADIOEVENTMASK1NB	=	0x5008
                           00500F  1886 _AX5043_RADIOEVENTREQ0NB	=	0x500f
                           00500E  1887 _AX5043_RADIOEVENTREQ1NB	=	0x500e
                           00501C  1888 _AX5043_RADIOSTATENB	=	0x501c
                           005F0D  1889 _AX5043_REFNB	=	0x5f0d
                           005040  1890 _AX5043_RSSINB	=	0x5040
                           00522D  1891 _AX5043_RSSIABSTHRNB	=	0x522d
                           00522C  1892 _AX5043_RSSIREFERENCENB	=	0x522c
                           005105  1893 _AX5043_RXDATARATE0NB	=	0x5105
                           005104  1894 _AX5043_RXDATARATE1NB	=	0x5104
                           005103  1895 _AX5043_RXDATARATE2NB	=	0x5103
                           005001  1896 _AX5043_SCRATCHNB	=	0x5001
                           005000  1897 _AX5043_SILICONREVISIONNB	=	0x5000
                           00505B  1898 _AX5043_TIMER0NB	=	0x505b
                           00505A  1899 _AX5043_TIMER1NB	=	0x505a
                           005059  1900 _AX5043_TIMER2NB	=	0x5059
                           005227  1901 _AX5043_TMGRXAGCNB	=	0x5227
                           005223  1902 _AX5043_TMGRXBOOSTNB	=	0x5223
                           005226  1903 _AX5043_TMGRXCOARSEAGCNB	=	0x5226
                           005225  1904 _AX5043_TMGRXOFFSACQNB	=	0x5225
                           005229  1905 _AX5043_TMGRXPREAMBLE1NB	=	0x5229
                           00522A  1906 _AX5043_TMGRXPREAMBLE2NB	=	0x522a
                           00522B  1907 _AX5043_TMGRXPREAMBLE3NB	=	0x522b
                           005228  1908 _AX5043_TMGRXRSSINB	=	0x5228
                           005224  1909 _AX5043_TMGRXSETTLENB	=	0x5224
                           005220  1910 _AX5043_TMGTXBOOSTNB	=	0x5220
                           005221  1911 _AX5043_TMGTXSETTLENB	=	0x5221
                           005055  1912 _AX5043_TRKAFSKDEMOD0NB	=	0x5055
                           005054  1913 _AX5043_TRKAFSKDEMOD1NB	=	0x5054
                           005049  1914 _AX5043_TRKAMPLITUDE0NB	=	0x5049
                           005048  1915 _AX5043_TRKAMPLITUDE1NB	=	0x5048
                           005047  1916 _AX5043_TRKDATARATE0NB	=	0x5047
                           005046  1917 _AX5043_TRKDATARATE1NB	=	0x5046
                           005045  1918 _AX5043_TRKDATARATE2NB	=	0x5045
                           005051  1919 _AX5043_TRKFREQ0NB	=	0x5051
                           005050  1920 _AX5043_TRKFREQ1NB	=	0x5050
                           005053  1921 _AX5043_TRKFSKDEMOD0NB	=	0x5053
                           005052  1922 _AX5043_TRKFSKDEMOD1NB	=	0x5052
                           00504B  1923 _AX5043_TRKPHASE0NB	=	0x504b
                           00504A  1924 _AX5043_TRKPHASE1NB	=	0x504a
                           00504F  1925 _AX5043_TRKRFFREQ0NB	=	0x504f
                           00504E  1926 _AX5043_TRKRFFREQ1NB	=	0x504e
                           00504D  1927 _AX5043_TRKRFFREQ2NB	=	0x504d
                           005169  1928 _AX5043_TXPWRCOEFFA0NB	=	0x5169
                           005168  1929 _AX5043_TXPWRCOEFFA1NB	=	0x5168
                           00516B  1930 _AX5043_TXPWRCOEFFB0NB	=	0x516b
                           00516A  1931 _AX5043_TXPWRCOEFFB1NB	=	0x516a
                           00516D  1932 _AX5043_TXPWRCOEFFC0NB	=	0x516d
                           00516C  1933 _AX5043_TXPWRCOEFFC1NB	=	0x516c
                           00516F  1934 _AX5043_TXPWRCOEFFD0NB	=	0x516f
                           00516E  1935 _AX5043_TXPWRCOEFFD1NB	=	0x516e
                           005171  1936 _AX5043_TXPWRCOEFFE0NB	=	0x5171
                           005170  1937 _AX5043_TXPWRCOEFFE1NB	=	0x5170
                           005167  1938 _AX5043_TXRATE0NB	=	0x5167
                           005166  1939 _AX5043_TXRATE1NB	=	0x5166
                           005165  1940 _AX5043_TXRATE2NB	=	0x5165
                           00506B  1941 _AX5043_WAKEUP0NB	=	0x506b
                           00506A  1942 _AX5043_WAKEUP1NB	=	0x506a
                           00506D  1943 _AX5043_WAKEUPFREQ0NB	=	0x506d
                           00506C  1944 _AX5043_WAKEUPFREQ1NB	=	0x506c
                           005069  1945 _AX5043_WAKEUPTIMER0NB	=	0x5069
                           005068  1946 _AX5043_WAKEUPTIMER1NB	=	0x5068
                           00506E  1947 _AX5043_WAKEUPXOEARLYNB	=	0x506e
                           005F11  1948 _AX5043_XTALAMPLNB	=	0x5f11
                           005184  1949 _AX5043_XTALCAPNB	=	0x5184
                           005F10  1950 _AX5043_XTALOSCNB	=	0x5f10
                           00501D  1951 _AX5043_XTALSTATUSNB	=	0x501d
                           005F00  1952 _AX5043_0xF00NB	=	0x5f00
                           005F0C  1953 _AX5043_0xF0CNB	=	0x5f0c
                           005F18  1954 _AX5043_0xF18NB	=	0x5f18
                           005F1C  1955 _AX5043_0xF1CNB	=	0x5f1c
                           005F21  1956 _AX5043_0xF21NB	=	0x5f21
                           005F22  1957 _AX5043_0xF22NB	=	0x5f22
                           005F23  1958 _AX5043_0xF23NB	=	0x5f23
                           005F26  1959 _AX5043_0xF26NB	=	0x5f26
                           005F30  1960 _AX5043_0xF30NB	=	0x5f30
                           005F31  1961 _AX5043_0xF31NB	=	0x5f31
                           005F32  1962 _AX5043_0xF32NB	=	0x5f32
                           005F33  1963 _AX5043_0xF33NB	=	0x5f33
                           005F34  1964 _AX5043_0xF34NB	=	0x5f34
                           005F35  1965 _AX5043_0xF35NB	=	0x5f35
                           005F44  1966 _AX5043_0xF44NB	=	0x5f44
                           005122  1967 _AX5043_AGCAHYST0NB	=	0x5122
                           005132  1968 _AX5043_AGCAHYST1NB	=	0x5132
                           005142  1969 _AX5043_AGCAHYST2NB	=	0x5142
                           005152  1970 _AX5043_AGCAHYST3NB	=	0x5152
                           005120  1971 _AX5043_AGCGAIN0NB	=	0x5120
                           005130  1972 _AX5043_AGCGAIN1NB	=	0x5130
                           005140  1973 _AX5043_AGCGAIN2NB	=	0x5140
                           005150  1974 _AX5043_AGCGAIN3NB	=	0x5150
                           005123  1975 _AX5043_AGCMINMAX0NB	=	0x5123
                           005133  1976 _AX5043_AGCMINMAX1NB	=	0x5133
                           005143  1977 _AX5043_AGCMINMAX2NB	=	0x5143
                           005153  1978 _AX5043_AGCMINMAX3NB	=	0x5153
                           005121  1979 _AX5043_AGCTARGET0NB	=	0x5121
                           005131  1980 _AX5043_AGCTARGET1NB	=	0x5131
                           005141  1981 _AX5043_AGCTARGET2NB	=	0x5141
                           005151  1982 _AX5043_AGCTARGET3NB	=	0x5151
                           00512B  1983 _AX5043_AMPLITUDEGAIN0NB	=	0x512b
                           00513B  1984 _AX5043_AMPLITUDEGAIN1NB	=	0x513b
                           00514B  1985 _AX5043_AMPLITUDEGAIN2NB	=	0x514b
                           00515B  1986 _AX5043_AMPLITUDEGAIN3NB	=	0x515b
                           00512F  1987 _AX5043_BBOFFSRES0NB	=	0x512f
                           00513F  1988 _AX5043_BBOFFSRES1NB	=	0x513f
                           00514F  1989 _AX5043_BBOFFSRES2NB	=	0x514f
                           00515F  1990 _AX5043_BBOFFSRES3NB	=	0x515f
                           005125  1991 _AX5043_DRGAIN0NB	=	0x5125
                           005135  1992 _AX5043_DRGAIN1NB	=	0x5135
                           005145  1993 _AX5043_DRGAIN2NB	=	0x5145
                           005155  1994 _AX5043_DRGAIN3NB	=	0x5155
                           00512E  1995 _AX5043_FOURFSK0NB	=	0x512e
                           00513E  1996 _AX5043_FOURFSK1NB	=	0x513e
                           00514E  1997 _AX5043_FOURFSK2NB	=	0x514e
                           00515E  1998 _AX5043_FOURFSK3NB	=	0x515e
                           00512D  1999 _AX5043_FREQDEV00NB	=	0x512d
                           00513D  2000 _AX5043_FREQDEV01NB	=	0x513d
                           00514D  2001 _AX5043_FREQDEV02NB	=	0x514d
                           00515D  2002 _AX5043_FREQDEV03NB	=	0x515d
                           00512C  2003 _AX5043_FREQDEV10NB	=	0x512c
                           00513C  2004 _AX5043_FREQDEV11NB	=	0x513c
                           00514C  2005 _AX5043_FREQDEV12NB	=	0x514c
                           00515C  2006 _AX5043_FREQDEV13NB	=	0x515c
                           005127  2007 _AX5043_FREQUENCYGAINA0NB	=	0x5127
                           005137  2008 _AX5043_FREQUENCYGAINA1NB	=	0x5137
                           005147  2009 _AX5043_FREQUENCYGAINA2NB	=	0x5147
                           005157  2010 _AX5043_FREQUENCYGAINA3NB	=	0x5157
                           005128  2011 _AX5043_FREQUENCYGAINB0NB	=	0x5128
                           005138  2012 _AX5043_FREQUENCYGAINB1NB	=	0x5138
                           005148  2013 _AX5043_FREQUENCYGAINB2NB	=	0x5148
                           005158  2014 _AX5043_FREQUENCYGAINB3NB	=	0x5158
                           005129  2015 _AX5043_FREQUENCYGAINC0NB	=	0x5129
                           005139  2016 _AX5043_FREQUENCYGAINC1NB	=	0x5139
                           005149  2017 _AX5043_FREQUENCYGAINC2NB	=	0x5149
                           005159  2018 _AX5043_FREQUENCYGAINC3NB	=	0x5159
                           00512A  2019 _AX5043_FREQUENCYGAIND0NB	=	0x512a
                           00513A  2020 _AX5043_FREQUENCYGAIND1NB	=	0x513a
                           00514A  2021 _AX5043_FREQUENCYGAIND2NB	=	0x514a
                           00515A  2022 _AX5043_FREQUENCYGAIND3NB	=	0x515a
                           005116  2023 _AX5043_FREQUENCYLEAKNB	=	0x5116
                           005126  2024 _AX5043_PHASEGAIN0NB	=	0x5126
                           005136  2025 _AX5043_PHASEGAIN1NB	=	0x5136
                           005146  2026 _AX5043_PHASEGAIN2NB	=	0x5146
                           005156  2027 _AX5043_PHASEGAIN3NB	=	0x5156
                           005207  2028 _AX5043_PKTADDR0NB	=	0x5207
                           005206  2029 _AX5043_PKTADDR1NB	=	0x5206
                           005205  2030 _AX5043_PKTADDR2NB	=	0x5205
                           005204  2031 _AX5043_PKTADDR3NB	=	0x5204
                           005200  2032 _AX5043_PKTADDRCFGNB	=	0x5200
                           00520B  2033 _AX5043_PKTADDRMASK0NB	=	0x520b
                           00520A  2034 _AX5043_PKTADDRMASK1NB	=	0x520a
                           005209  2035 _AX5043_PKTADDRMASK2NB	=	0x5209
                           005208  2036 _AX5043_PKTADDRMASK3NB	=	0x5208
                           005201  2037 _AX5043_PKTLENCFGNB	=	0x5201
                           005202  2038 _AX5043_PKTLENOFFSETNB	=	0x5202
                           005203  2039 _AX5043_PKTMAXLENNB	=	0x5203
                           005118  2040 _AX5043_RXPARAMCURSETNB	=	0x5118
                           005117  2041 _AX5043_RXPARAMSETSNB	=	0x5117
                           005124  2042 _AX5043_TIMEGAIN0NB	=	0x5124
                           005134  2043 _AX5043_TIMEGAIN1NB	=	0x5134
                           005144  2044 _AX5043_TIMEGAIN2NB	=	0x5144
                           005154  2045 _AX5043_TIMEGAIN3NB	=	0x5154
      000000                       2046 _axradio_syncstate::
      000000                       2047 	.ds 1
      000001                       2048 _axradio_txbuffer_len::
      000001                       2049 	.ds 2
      000003                       2050 _axradio_txbuffer_cnt::
      000003                       2051 	.ds 2
      000005                       2052 _axradio_curchannel::
      000005                       2053 	.ds 1
      000006                       2054 _axradio_curfreqoffset::
      000006                       2055 	.ds 4
      00000A                       2056 _axradio_ack_count::
      00000A                       2057 	.ds 1
      00000B                       2058 _axradio_ack_seqnr::
      00000B                       2059 	.ds 1
      00000C                       2060 _axradio_sync_time::
      00000C                       2061 	.ds 4
      000010                       2062 _axradio_sync_periodcorr::
      000010                       2063 	.ds 2
      000012                       2064 _axradio_timeanchor::
      000012                       2065 	.ds 8
      00001A                       2066 _axradio_localaddr::
      00001A                       2067 	.ds 10
      000024                       2068 _axradio_default_remoteaddr::
      000024                       2069 	.ds 5
      000029                       2070 _axradio_txbuffer::
      000029                       2071 	.ds 260
      00012D                       2072 _axradio_rxbuffer::
      00012D                       2073 	.ds 260
      000231                       2074 _axradio_cb_receive::
      000231                       2075 	.ds 36
      000255                       2076 _axradio_cb_receivesfd::
      000255                       2077 	.ds 10
      00025F                       2078 _axradio_cb_channelstate::
      00025F                       2079 	.ds 13
      00026C                       2080 _axradio_cb_transmitstart::
      00026C                       2081 	.ds 10
      000276                       2082 _axradio_cb_transmitend::
      000276                       2083 	.ds 10
      000280                       2084 _axradio_cb_transmitdata::
      000280                       2085 	.ds 10
      00028A                       2086 _axradio_timer::
      00028A                       2087 	.ds 8
                                   2088 ;--------------------------------------------------------
                                   2089 ; absolute external ram data
                                   2090 ;--------------------------------------------------------
                                   2091 	.area XABS    (ABS,XDATA)
                                   2092 ;--------------------------------------------------------
                                   2093 ; external initialized ram data
                                   2094 ;--------------------------------------------------------
                                   2095 	.area XISEG   (XDATA)
      000000                       2096 _f30_saved::
      000000                       2097 	.ds 1
      000001                       2098 _f31_saved::
      000001                       2099 	.ds 1
      000002                       2100 _f32_saved::
      000002                       2101 	.ds 1
      000003                       2102 _f33_saved::
      000003                       2103 	.ds 1
      000004                       2104 _radio_lcd_display::
      000004                       2105 	.ds 14
      000012                       2106 _radio_not_found_lcd_display::
      000012                       2107 	.ds 20
                                   2108 	.area HOME    (CODE)
                                   2109 	.area GSINIT0 (CODE)
                                   2110 	.area GSINIT1 (CODE)
                                   2111 	.area GSINIT2 (CODE)
                                   2112 	.area GSINIT3 (CODE)
                                   2113 	.area GSINIT4 (CODE)
                                   2114 	.area GSINIT5 (CODE)
                                   2115 	.area GSINIT  (CODE)
                                   2116 	.area GSFINAL (CODE)
                                   2117 	.area CSEG    (CODE)
                                   2118 ;--------------------------------------------------------
                                   2119 ; global & static initialisations
                                   2120 ;--------------------------------------------------------
                                   2121 	.area HOME    (CODE)
                                   2122 	.area GSINIT  (CODE)
                                   2123 	.area GSFINAL (CODE)
                                   2124 	.area GSINIT  (CODE)
                                   2125 ;	..\COMMON\easyax5043.c:74: volatile uint8_t __data axradio_mode = AXRADIO_MODE_UNINIT;
      000000 75*00 00         [24] 2126 	mov	_axradio_mode,#0x00
                                   2127 ;	..\COMMON\easyax5043.c:75: volatile axradio_trxstate_t __data axradio_trxstate = trxstate_off;
      000003 75*01 00         [24] 2128 	mov	_axradio_trxstate,#0x00
                                   2129 ;--------------------------------------------------------
                                   2130 ; Home
                                   2131 ;--------------------------------------------------------
                                   2132 	.area HOME    (CODE)
                                   2133 	.area HOME    (CODE)
                                   2134 ;--------------------------------------------------------
                                   2135 ; code
                                   2136 ;--------------------------------------------------------
                                   2137 	.area CSEG    (CODE)
                                   2138 ;------------------------------------------------------------
                                   2139 ;Allocation info for local variables in function 'update_timeanchor'
                                   2140 ;------------------------------------------------------------
                                   2141 ;__00010012                Allocated to registers 
                                   2142 ;crit                      Allocated to registers 
                                   2143 ;crit                      Allocated to registers r7 
                                   2144 ;__00020014                Allocated to registers 
                                   2145 ;crit                      Allocated to registers 
                                   2146 ;------------------------------------------------------------
                                   2147 ;	..\COMMON\easyax5043.c:276: static __reentrantb void update_timeanchor(void) __reentrant
                                   2148 ;	-----------------------------------------
                                   2149 ;	 function update_timeanchor
                                   2150 ;	-----------------------------------------
      000000                       2151 _update_timeanchor:
                           000007  2152 	ar7 = 0x07
                           000006  2153 	ar6 = 0x06
                           000005  2154 	ar5 = 0x05
                           000004  2155 	ar4 = 0x04
                           000003  2156 	ar3 = 0x03
                           000002  2157 	ar2 = 0x02
                           000001  2158 	ar1 = 0x01
                           000000  2159 	ar0 = 0x00
                                   2160 ;	C:/Program Files (x86)/ON Semiconductor/AXSDB/libmf/include/libmftypes.h:351: criticalsection_t crit = IE & 0x80;
      000000 74 80            [12] 2161 	mov	a,#0x80
      000002 55 A8            [12] 2162 	anl	a,_IE
      000004 FF               [12] 2163 	mov	r7,a
                                   2164 ;	C:/Program Files (x86)/ON Semiconductor/AXSDB/libmf/include/libmftypes.h:352: EA = 0;
      000005 C2 AF            [12] 2165 	clr	_EA
                                   2166 ;	..\COMMON\easyax5043.c:280: axradio_timeanchor.timer0 = wtimer0_curtime();
      000007 C0 07            [24] 2167 	push	ar7
      000009 12r00r00         [24] 2168 	lcall	_wtimer0_curtime
      00000C AB 82            [24] 2169 	mov	r3,dpl
      00000E AC 83            [24] 2170 	mov	r4,dph
      000010 AD F0            [24] 2171 	mov	r5,b
      000012 FE               [12] 2172 	mov	r6,a
      000013 D0 07            [24] 2173 	pop	ar7
      000015 90r00r12         [24] 2174 	mov	dptr,#_axradio_timeanchor
      000018 EB               [12] 2175 	mov	a,r3
      000019 F0               [24] 2176 	movx	@dptr,a
      00001A EC               [12] 2177 	mov	a,r4
      00001B A3               [24] 2178 	inc	dptr
      00001C F0               [24] 2179 	movx	@dptr,a
      00001D ED               [12] 2180 	mov	a,r5
      00001E A3               [24] 2181 	inc	dptr
      00001F F0               [24] 2182 	movx	@dptr,a
      000020 EE               [12] 2183 	mov	a,r6
      000021 A3               [24] 2184 	inc	dptr
      000022 F0               [24] 2185 	movx	@dptr,a
                                   2186 ;	..\COMMON\easyax5043.c:281: axradio_timeanchor.radiotimer = radio_read24(AX5043_REG_TIMER2);
      000023 90 00 59         [24] 2187 	mov	dptr,#0x0059
      000026 12r00r00         [24] 2188 	lcall	_radio_read24
      000029 AB 82            [24] 2189 	mov	r3,dpl
      00002B AC 83            [24] 2190 	mov	r4,dph
      00002D AD F0            [24] 2191 	mov	r5,b
      00002F FE               [12] 2192 	mov	r6,a
      000030 90r00r16         [24] 2193 	mov	dptr,#(_axradio_timeanchor + 0x0004)
      000033 EB               [12] 2194 	mov	a,r3
      000034 F0               [24] 2195 	movx	@dptr,a
      000035 EC               [12] 2196 	mov	a,r4
      000036 A3               [24] 2197 	inc	dptr
      000037 F0               [24] 2198 	movx	@dptr,a
      000038 ED               [12] 2199 	mov	a,r5
      000039 A3               [24] 2200 	inc	dptr
      00003A F0               [24] 2201 	movx	@dptr,a
      00003B EE               [12] 2202 	mov	a,r6
      00003C A3               [24] 2203 	inc	dptr
      00003D F0               [24] 2204 	movx	@dptr,a
                                   2205 ;	C:/Program Files (x86)/ON Semiconductor/AXSDB/libmf/include/libmftypes.h:358: IE |= crit;
      00003E EF               [12] 2206 	mov	a,r7
      00003F 42 A8            [12] 2207 	orl	_IE,a
                                   2208 ;	..\COMMON\easyax5043.c:282: exit_critical(crit);
      000041 22               [24] 2209 	ret
                                   2210 ;------------------------------------------------------------
                                   2211 ;Allocation info for local variables in function 'axradio_conv_time_totimer0'
                                   2212 ;------------------------------------------------------------
                                   2213 ;dt                        Allocated to registers r4 r5 r6 r7 
                                   2214 ;------------------------------------------------------------
                                   2215 ;	..\COMMON\easyax5043.c:285: __reentrantb uint32_t axradio_conv_time_totimer0(uint32_t dt) __reentrant
                                   2216 ;	-----------------------------------------
                                   2217 ;	 function axradio_conv_time_totimer0
                                   2218 ;	-----------------------------------------
      000042                       2219 _axradio_conv_time_totimer0:
      000042 AC 82            [24] 2220 	mov	r4,dpl
      000044 AD 83            [24] 2221 	mov	r5,dph
      000046 AE F0            [24] 2222 	mov	r6,b
      000048 FF               [12] 2223 	mov	r7,a
                                   2224 ;	..\COMMON\easyax5043.c:287: dt -= axradio_timeanchor.radiotimer;
      000049 90r00r16         [24] 2225 	mov	dptr,#(_axradio_timeanchor + 0x0004)
      00004C E0               [24] 2226 	movx	a,@dptr
      00004D F8               [12] 2227 	mov	r0,a
      00004E A3               [24] 2228 	inc	dptr
      00004F E0               [24] 2229 	movx	a,@dptr
      000050 F9               [12] 2230 	mov	r1,a
      000051 A3               [24] 2231 	inc	dptr
      000052 E0               [24] 2232 	movx	a,@dptr
      000053 FA               [12] 2233 	mov	r2,a
      000054 A3               [24] 2234 	inc	dptr
      000055 E0               [24] 2235 	movx	a,@dptr
      000056 FB               [12] 2236 	mov	r3,a
      000057 EC               [12] 2237 	mov	a,r4
      000058 C3               [12] 2238 	clr	c
      000059 98               [12] 2239 	subb	a,r0
      00005A FC               [12] 2240 	mov	r4,a
      00005B ED               [12] 2241 	mov	a,r5
      00005C 99               [12] 2242 	subb	a,r1
      00005D FD               [12] 2243 	mov	r5,a
      00005E EE               [12] 2244 	mov	a,r6
      00005F 9A               [12] 2245 	subb	a,r2
      000060 FE               [12] 2246 	mov	r6,a
      000061 EF               [12] 2247 	mov	a,r7
      000062 9B               [12] 2248 	subb	a,r3
                                   2249 ;	..\COMMON\easyax5043.c:288: dt = axradio_conv_timeinterval_totimer0(signextend24(dt));
      000063 8C 82            [24] 2250 	mov	dpl,r4
      000065 8D 83            [24] 2251 	mov	dph,r5
      000067 8E F0            [24] 2252 	mov	b,r6
      000069 12r00r00         [24] 2253 	lcall	_signextend24
      00006C 12r00r00         [24] 2254 	lcall	_axradio_conv_timeinterval_totimer0
      00006F AC 82            [24] 2255 	mov	r4,dpl
      000071 AD 83            [24] 2256 	mov	r5,dph
      000073 AE F0            [24] 2257 	mov	r6,b
      000075 FF               [12] 2258 	mov	r7,a
                                   2259 ;	..\COMMON\easyax5043.c:289: dt += axradio_timeanchor.timer0;
      000076 90r00r12         [24] 2260 	mov	dptr,#_axradio_timeanchor
      000079 E0               [24] 2261 	movx	a,@dptr
      00007A F8               [12] 2262 	mov	r0,a
      00007B A3               [24] 2263 	inc	dptr
      00007C E0               [24] 2264 	movx	a,@dptr
      00007D F9               [12] 2265 	mov	r1,a
      00007E A3               [24] 2266 	inc	dptr
      00007F E0               [24] 2267 	movx	a,@dptr
      000080 FA               [12] 2268 	mov	r2,a
      000081 A3               [24] 2269 	inc	dptr
      000082 E0               [24] 2270 	movx	a,@dptr
      000083 FB               [12] 2271 	mov	r3,a
      000084 E8               [12] 2272 	mov	a,r0
      000085 2C               [12] 2273 	add	a,r4
      000086 FC               [12] 2274 	mov	r4,a
      000087 E9               [12] 2275 	mov	a,r1
      000088 3D               [12] 2276 	addc	a,r5
      000089 FD               [12] 2277 	mov	r5,a
      00008A EA               [12] 2278 	mov	a,r2
      00008B 3E               [12] 2279 	addc	a,r6
      00008C FE               [12] 2280 	mov	r6,a
      00008D EB               [12] 2281 	mov	a,r3
      00008E 3F               [12] 2282 	addc	a,r7
                                   2283 ;	..\COMMON\easyax5043.c:290: return dt;
      00008F 8C 82            [24] 2284 	mov	dpl,r4
      000091 8D 83            [24] 2285 	mov	dph,r5
      000093 8E F0            [24] 2286 	mov	b,r6
      000095 22               [24] 2287 	ret
                                   2288 ;------------------------------------------------------------
                                   2289 ;Allocation info for local variables in function 'ax5043_init_registers_common'
                                   2290 ;------------------------------------------------------------
                                   2291 ;rng                       Allocated to registers r6 
                                   2292 ;------------------------------------------------------------
                                   2293 ;	..\COMMON\easyax5043.c:293: static __reentrantb uint8_t ax5043_init_registers_common(void) __reentrant
                                   2294 ;	-----------------------------------------
                                   2295 ;	 function ax5043_init_registers_common
                                   2296 ;	-----------------------------------------
      000096                       2297 _ax5043_init_registers_common:
                                   2298 ;	..\COMMON\easyax5043.c:295: uint8_t rng = axradio_phy_chanpllrng[axradio_curchannel];
      000096 90r00r05         [24] 2299 	mov	dptr,#_axradio_curchannel
      000099 E0               [24] 2300 	movx	a,@dptr
      00009A 75 F0 02         [24] 2301 	mov	b,#0x02
      00009D A4               [48] 2302 	mul	ab
      00009E 24r00            [12] 2303 	add	a,#_axradio_phy_chanpllrng
      0000A0 F5 82            [12] 2304 	mov	dpl,a
      0000A2 74s00            [12] 2305 	mov	a,#(_axradio_phy_chanpllrng >> 8)
      0000A4 35 F0            [12] 2306 	addc	a,b
      0000A6 F5 83            [12] 2307 	mov	dph,a
      0000A8 E0               [24] 2308 	movx	a,@dptr
      0000A9 FE               [12] 2309 	mov	r6,a
      0000AA A3               [24] 2310 	inc	dptr
      0000AB E0               [24] 2311 	movx	a,@dptr
      0000AC FF               [12] 2312 	mov	r7,a
                                   2313 ;	..\COMMON\easyax5043.c:296: if (rng & 0x20)
      0000AD EE               [12] 2314 	mov	a,r6
      0000AE 30 E5 04         [24] 2315 	jnb	acc.5,00102$
                                   2316 ;	..\COMMON\easyax5043.c:297: return AXRADIO_ERR_RANGING;
      0000B1 75 82 06         [24] 2317 	mov	dpl,#0x06
      0000B4 22               [24] 2318 	ret
      0000B5                       2319 00102$:
                                   2320 ;	..\COMMON\easyax5043.c:298: if (radio_read8(AX5043_REG_PLLLOOP) & 0x80)
      0000B5 90 40 30         [24] 2321 	mov	dptr,#0x4030
      0000B8 E0               [24] 2322 	movx	a,@dptr
      0000B9 FF               [12] 2323 	mov	r7,a
      0000BA 30 E7 0A         [24] 2324 	jnb	acc.7,00106$
                                   2325 ;	..\COMMON\easyax5043.c:299: radio_write8(AX5043_REG_PLLRANGINGB, (rng & 0x0F));
      0000BD 74 0F            [12] 2326 	mov	a,#0x0f
      0000BF 5E               [12] 2327 	anl	a,r6
      0000C0 FF               [12] 2328 	mov	r7,a
      0000C1 90 40 3B         [24] 2329 	mov	dptr,#0x403b
      0000C4 F0               [24] 2330 	movx	@dptr,a
                                   2331 ;	..\COMMON\easyax5043.c:301: radio_write8(AX5043_REG_PLLRANGINGA, (rng & 0x0F));
      0000C5 80 08            [24] 2332 	sjmp	00111$
      0000C7                       2333 00106$:
      0000C7 74 0F            [12] 2334 	mov	a,#0x0f
      0000C9 5E               [12] 2335 	anl	a,r6
      0000CA FF               [12] 2336 	mov	r7,a
      0000CB 90 40 33         [24] 2337 	mov	dptr,#0x4033
      0000CE F0               [24] 2338 	movx	@dptr,a
      0000CF                       2339 00111$:
                                   2340 ;	..\COMMON\easyax5043.c:302: rng = axradio_get_pllvcoi();
      0000CF 12r29r5F         [24] 2341 	lcall	_axradio_get_pllvcoi
      0000D2 AF 82            [24] 2342 	mov	r7,dpl
      0000D4 8F 06            [24] 2343 	mov	ar6,r7
                                   2344 ;	..\COMMON\easyax5043.c:303: if (rng & 0x80)
      0000D6 EE               [12] 2345 	mov	a,r6
      0000D7 30 E7 05         [24] 2346 	jnb	acc.7,00116$
                                   2347 ;	..\COMMON\easyax5043.c:304: radio_write8(AX5043_REG_PLLVCOI, rng);
      0000DA 90 41 80         [24] 2348 	mov	dptr,#0x4180
      0000DD EE               [12] 2349 	mov	a,r6
      0000DE F0               [24] 2350 	movx	@dptr,a
      0000DF                       2351 00116$:
                                   2352 ;	..\COMMON\easyax5043.c:305: return AXRADIO_ERR_NOERROR;
      0000DF 75 82 00         [24] 2353 	mov	dpl,#0x00
      0000E2 22               [24] 2354 	ret
                                   2355 ;------------------------------------------------------------
                                   2356 ;Allocation info for local variables in function 'ax5043_init_registers_tx'
                                   2357 ;------------------------------------------------------------
                                   2358 ;	..\COMMON\easyax5043.c:308: __reentrantb uint8_t ax5043_init_registers_tx(void) __reentrant
                                   2359 ;	-----------------------------------------
                                   2360 ;	 function ax5043_init_registers_tx
                                   2361 ;	-----------------------------------------
      0000E3                       2362 _ax5043_init_registers_tx:
                                   2363 ;	..\COMMON\easyax5043.c:310: ax5043_set_registers_tx();
      0000E3 12r00r00         [24] 2364 	lcall	_ax5043_set_registers_tx
                                   2365 ;	..\COMMON\easyax5043.c:311: return ax5043_init_registers_common();
      0000E6 02r00r96         [24] 2366 	ljmp	_ax5043_init_registers_common
                                   2367 ;------------------------------------------------------------
                                   2368 ;Allocation info for local variables in function 'ax5043_init_registers_rx'
                                   2369 ;------------------------------------------------------------
                                   2370 ;	..\COMMON\easyax5043.c:314: __reentrantb uint8_t ax5043_init_registers_rx(void) __reentrant
                                   2371 ;	-----------------------------------------
                                   2372 ;	 function ax5043_init_registers_rx
                                   2373 ;	-----------------------------------------
      0000E9                       2374 _ax5043_init_registers_rx:
                                   2375 ;	..\COMMON\easyax5043.c:316: ax5043_set_registers_rx();
      0000E9 12r00r00         [24] 2376 	lcall	_ax5043_set_registers_rx
                                   2377 ;	..\COMMON\easyax5043.c:317: return ax5043_init_registers_common();
      0000EC 02r00r96         [24] 2378 	ljmp	_ax5043_init_registers_common
                                   2379 ;------------------------------------------------------------
                                   2380 ;Allocation info for local variables in function 'receive_isr'
                                   2381 ;------------------------------------------------------------
                                   2382 ;fifo_cmd                  Allocated to registers r6 
                                   2383 ;flags                     Allocated to registers 
                                   2384 ;i                         Allocated to registers r6 
                                   2385 ;len                       Allocated to registers r7 
                                   2386 ;radioStateTemp            Allocated to registers r6 
                                   2387 ;r                         Allocated to registers r6 
                                   2388 ;r                         Allocated to registers r6 
                                   2389 ;r                         Allocated to registers r6 
                                   2390 ;------------------------------------------------------------
                                   2391 ;	..\COMMON\easyax5043.c:320: static __reentrantb void receive_isr(void) __reentrant
                                   2392 ;	-----------------------------------------
                                   2393 ;	 function receive_isr
                                   2394 ;	-----------------------------------------
      0000EF                       2395 _receive_isr:
                                   2396 ;	..\COMMON\easyax5043.c:324: uint8_t len = radio_read8(AX5043_REG_RADIOEVENTREQ0); // clear request so interrupt does not fire again. sync_rx enables interrupt on radio state changed in order to wake up on SDF detected
      0000EF 90 40 0F         [24] 2397 	mov	dptr,#0x400f
      0000F2 E0               [24] 2398 	movx	a,@dptr
      0000F3 FF               [12] 2399 	mov	r7,a
                                   2400 ;	..\COMMON\easyax5043.c:326: uint8_t radioStateTemp = radio_read8(AX5043_REG_RADIOSTATE);
      0000F4 90 40 1C         [24] 2401 	mov	dptr,#0x401c
      0000F7 E0               [24] 2402 	movx	a,@dptr
      0000F8 FE               [12] 2403 	mov	r6,a
                                   2404 ;	..\COMMON\easyax5043.c:327: if ((len & 0x04) && radioStateTemp == 0x0F) {
      0000F9 EF               [12] 2405 	mov	a,r7
      0000FA 30 E2 3A         [24] 2406 	jnb	acc.2,00175$
      0000FD BE 0F 37         [24] 2407 	cjne	r6,#0x0f,00175$
                                   2408 ;	..\COMMON\easyax5043.c:329: update_timeanchor();
      000100 12r00r00         [24] 2409 	lcall	_update_timeanchor
                                   2410 ;	..\COMMON\easyax5043.c:330: if(axradio_framing_enable_sfdcallback) {
      000103 90r00r00         [24] 2411 	mov	dptr,#_axradio_framing_enable_sfdcallback
      000106 E4               [12] 2412 	clr	a
      000107 93               [24] 2413 	movc	a,@a+dptr
      000108 60 2D            [24] 2414 	jz	00175$
                                   2415 ;	..\COMMON\easyax5043.c:331: wtimer_remove_callback(&axradio_cb_receivesfd.cb);
      00010A 90r02r55         [24] 2416 	mov	dptr,#_axradio_cb_receivesfd
      00010D 12r00r00         [24] 2417 	lcall	_wtimer_remove_callback
                                   2418 ;	..\COMMON\easyax5043.c:332: axradio_cb_receivesfd.st.error = AXRADIO_ERR_NOERROR;
      000110 90r02r5A         [24] 2419 	mov	dptr,#(_axradio_cb_receivesfd + 0x0005)
      000113 E4               [12] 2420 	clr	a
      000114 F0               [24] 2421 	movx	@dptr,a
                                   2422 ;	..\COMMON\easyax5043.c:333: axradio_cb_receivesfd.st.time.t = axradio_timeanchor.radiotimer;
      000115 90r00r16         [24] 2423 	mov	dptr,#(_axradio_timeanchor + 0x0004)
      000118 E0               [24] 2424 	movx	a,@dptr
      000119 FB               [12] 2425 	mov	r3,a
      00011A A3               [24] 2426 	inc	dptr
      00011B E0               [24] 2427 	movx	a,@dptr
      00011C FC               [12] 2428 	mov	r4,a
      00011D A3               [24] 2429 	inc	dptr
      00011E E0               [24] 2430 	movx	a,@dptr
      00011F FD               [12] 2431 	mov	r5,a
      000120 A3               [24] 2432 	inc	dptr
      000121 E0               [24] 2433 	movx	a,@dptr
      000122 FE               [12] 2434 	mov	r6,a
      000123 90r02r5B         [24] 2435 	mov	dptr,#(_axradio_cb_receivesfd + 0x0006)
      000126 EB               [12] 2436 	mov	a,r3
      000127 F0               [24] 2437 	movx	@dptr,a
      000128 EC               [12] 2438 	mov	a,r4
      000129 A3               [24] 2439 	inc	dptr
      00012A F0               [24] 2440 	movx	@dptr,a
      00012B ED               [12] 2441 	mov	a,r5
      00012C A3               [24] 2442 	inc	dptr
      00012D F0               [24] 2443 	movx	@dptr,a
      00012E EE               [12] 2444 	mov	a,r6
      00012F A3               [24] 2445 	inc	dptr
      000130 F0               [24] 2446 	movx	@dptr,a
                                   2447 ;	..\COMMON\easyax5043.c:334: wtimer_add_callback(&axradio_cb_receivesfd.cb);
      000131 90r02r55         [24] 2448 	mov	dptr,#_axradio_cb_receivesfd
      000134 12r00r00         [24] 2449 	lcall	_wtimer_add_callback
                                   2450 ;	..\COMMON\easyax5043.c:346: while (radio_read8(AX5043_REG_IRQREQUEST0) & 0x01) {    // while fifo not empty
      000137                       2451 00175$:
      000137                       2452 00159$:
      000137 90 40 0D         [24] 2453 	mov	dptr,#0x400d
      00013A E0               [24] 2454 	movx	a,@dptr
      00013B FE               [12] 2455 	mov	r6,a
      00013C 20 E0 01         [24] 2456 	jb	acc.0,00256$
      00013F 22               [24] 2457 	ret
      000140                       2458 00256$:
                                   2459 ;	..\COMMON\easyax5043.c:347: fifo_cmd = radio_read8(AX5043_REG_FIFODATA); // read command
      000140 90 40 29         [24] 2460 	mov	dptr,#0x4029
      000143 E0               [24] 2461 	movx	a,@dptr
      000144 FE               [12] 2462 	mov	r6,a
                                   2463 ;	..\COMMON\easyax5043.c:348: len = (fifo_cmd & 0xE0) >> 5; // top 3 bits encode payload len
      000145 74 E0            [12] 2464 	mov	a,#0xe0
      000147 5E               [12] 2465 	anl	a,r6
      000148 FD               [12] 2466 	mov	r5,a
      000149 C4               [12] 2467 	swap	a
      00014A 03               [12] 2468 	rr	a
      00014B 54 07            [12] 2469 	anl	a,#0x07
      00014D FF               [12] 2470 	mov	r7,a
                                   2471 ;	..\COMMON\easyax5043.c:349: if (len == 7)
      00014E BF 07 05         [24] 2472 	cjne	r7,#0x07,00107$
                                   2473 ;	..\COMMON\easyax5043.c:350: len = radio_read8(AX5043_REG_FIFODATA); // 7 means variable length, -> get length byte
      000151 90 40 29         [24] 2474 	mov	dptr,#0x4029
      000154 E0               [24] 2475 	movx	a,@dptr
      000155 FF               [12] 2476 	mov	r7,a
      000156                       2477 00107$:
                                   2478 ;	..\COMMON\easyax5043.c:351: fifo_cmd &= 0x1F;
      000156 53 06 1F         [24] 2479 	anl	ar6,#0x1f
                                   2480 ;	..\COMMON\easyax5043.c:352: switch (fifo_cmd) {
      000159 BE 01 02         [24] 2481 	cjne	r6,#0x01,00259$
      00015C 80 21            [24] 2482 	sjmp	00108$
      00015E                       2483 00259$:
      00015E BE 10 03         [24] 2484 	cjne	r6,#0x10,00260$
      000161 02r03rA2         [24] 2485 	ljmp	00145$
      000164                       2486 00260$:
      000164 BE 11 03         [24] 2487 	cjne	r6,#0x11,00261$
      000167 02r03r75         [24] 2488 	ljmp	00142$
      00016A                       2489 00261$:
      00016A BE 12 03         [24] 2490 	cjne	r6,#0x12,00262$
      00016D 02r03r25         [24] 2491 	ljmp	00138$
      000170                       2492 00262$:
      000170 BE 13 03         [24] 2493 	cjne	r6,#0x13,00263$
      000173 02r02rDE         [24] 2494 	ljmp	00134$
      000176                       2495 00263$:
      000176 BE 15 03         [24] 2496 	cjne	r6,#0x15,00264$
      000179 02r03rCB         [24] 2497 	ljmp	00148$
      00017C                       2498 00264$:
      00017C 02r04r43         [24] 2499 	ljmp	00152$
                                   2500 ;	..\COMMON\easyax5043.c:353: case AX5043_FIFOCMD_DATA:
      00017F                       2501 00108$:
                                   2502 ;	..\COMMON\easyax5043.c:354: if (!len)
      00017F EF               [12] 2503 	mov	a,r7
      000180 60 B5            [24] 2504 	jz	00159$
                                   2505 ;	..\COMMON\easyax5043.c:357: flags = radio_read8(AX5043_REG_FIFODATA);
      000182 90 40 29         [24] 2506 	mov	dptr,#0x4029
      000185 E0               [24] 2507 	movx	a,@dptr
                                   2508 ;	..\COMMON\easyax5043.c:358: --len;
      000186 1F               [12] 2509 	dec	r7
                                   2510 ;	..\COMMON\easyax5043.c:359: ax5043_readfifo(axradio_rxbuffer, len);
      000187 C0 07            [24] 2511 	push	ar7
      000189 C0 07            [24] 2512 	push	ar7
      00018B 90r01r2D         [24] 2513 	mov	dptr,#_axradio_rxbuffer
      00018E 75 F0 00         [24] 2514 	mov	b,#0x00
      000191 12r00r00         [24] 2515 	lcall	_ax5043_readfifo
      000194 15 81            [12] 2516 	dec	sp
      000196 D0 07            [24] 2517 	pop	ar7
                                   2518 ;	..\COMMON\easyax5043.c:360: if(axradio_mode == AXRADIO_MODE_WOR_RECEIVE || axradio_mode == AXRADIO_MODE_WOR_ACK_RECEIVE) {
      000198 74 21            [12] 2519 	mov	a,#0x21
      00019A B5*00 02         [24] 2520 	cjne	a,_axradio_mode,00266$
      00019D 80 05            [24] 2521 	sjmp	00111$
      00019F                       2522 00266$:
      00019F 74 23            [12] 2523 	mov	a,#0x23
      0001A1 B5*00 21         [24] 2524 	cjne	a,_axradio_mode,00112$
      0001A4                       2525 00111$:
                                   2526 ;	..\COMMON\easyax5043.c:361: f30_saved = radio_read8(AX5043_REG_0xF30);
      0001A4 90 4F 30         [24] 2527 	mov	dptr,#0x4f30
      0001A7 E0               [24] 2528 	movx	a,@dptr
      0001A8 90r00r00         [24] 2529 	mov	dptr,#_f30_saved
      0001AB F0               [24] 2530 	movx	@dptr,a
                                   2531 ;	..\COMMON\easyax5043.c:362: f31_saved = radio_read8(AX5043_REG_0xF31);
      0001AC 90 4F 31         [24] 2532 	mov	dptr,#0x4f31
      0001AF E0               [24] 2533 	movx	a,@dptr
      0001B0 90r00r01         [24] 2534 	mov	dptr,#_f31_saved
      0001B3 F0               [24] 2535 	movx	@dptr,a
                                   2536 ;	..\COMMON\easyax5043.c:363: f32_saved = radio_read8(AX5043_REG_0xF32);
      0001B4 90 4F 32         [24] 2537 	mov	dptr,#0x4f32
      0001B7 E0               [24] 2538 	movx	a,@dptr
      0001B8 90r00r02         [24] 2539 	mov	dptr,#_f32_saved
      0001BB F0               [24] 2540 	movx	@dptr,a
                                   2541 ;	..\COMMON\easyax5043.c:364: f33_saved = radio_read8(AX5043_REG_0xF33);
      0001BC 90 4F 33         [24] 2542 	mov	dptr,#0x4f33
      0001BF E0               [24] 2543 	movx	a,@dptr
      0001C0 FE               [12] 2544 	mov	r6,a
      0001C1 90r00r03         [24] 2545 	mov	dptr,#_f33_saved
      0001C4 F0               [24] 2546 	movx	@dptr,a
      0001C5                       2547 00112$:
                                   2548 ;	..\COMMON\easyax5043.c:366: if (axradio_mode == AXRADIO_MODE_WOR_RECEIVE ||
      0001C5 74 21            [12] 2549 	mov	a,#0x21
      0001C7 B5*00 02         [24] 2550 	cjne	a,_axradio_mode,00269$
      0001CA 80 05            [24] 2551 	sjmp	00114$
      0001CC                       2552 00269$:
                                   2553 ;	..\COMMON\easyax5043.c:367: axradio_mode == AXRADIO_MODE_SYNC_SLAVE)
      0001CC 74 32            [12] 2554 	mov	a,#0x32
      0001CE B5*00 05         [24] 2555 	cjne	a,_axradio_mode,00120$
                                   2556 ;	..\COMMON\easyax5043.c:368: radio_write8(AX5043_REG_PWRMODE, AX5043_PWRSTATE_POWERDOWN);
      0001D1                       2557 00114$:
      0001D1 90 40 02         [24] 2558 	mov	dptr,#0x4002
      0001D4 E4               [12] 2559 	clr	a
      0001D5 F0               [24] 2560 	movx	@dptr,a
                                   2561 ;	..\COMMON\easyax5043.c:369: radio_write8(AX5043_REG_IRQMASK0, (radio_read8(AX5043_REG_IRQMASK0) & (uint8_t)~0x01)); // disable FIFO not empty irq
      0001D6                       2562 00120$:
      0001D6 90 40 07         [24] 2563 	mov	dptr,#0x4007
      0001D9 E0               [24] 2564 	movx	a,@dptr
      0001DA 54 FE            [12] 2565 	anl	a,#0xfe
      0001DC F0               [24] 2566 	movx	@dptr,a
                                   2567 ;	..\COMMON\easyax5043.c:370: wtimer_remove_callback(&axradio_cb_receive.cb);
      0001DD 90r02r31         [24] 2568 	mov	dptr,#_axradio_cb_receive
      0001E0 C0 07            [24] 2569 	push	ar7
      0001E2 12r00r00         [24] 2570 	lcall	_wtimer_remove_callback
      0001E5 D0 07            [24] 2571 	pop	ar7
                                   2572 ;	..\COMMON\easyax5043.c:371: axradio_cb_receive.st.error = AXRADIO_ERR_NOERROR;
      0001E7 90r02r36         [24] 2573 	mov	dptr,#(_axradio_cb_receive + 0x0005)
      0001EA E4               [12] 2574 	clr	a
      0001EB F0               [24] 2575 	movx	@dptr,a
                                   2576 ;	..\COMMON\easyax5043.c:372: axradio_cb_receive.st.rx.mac.raw = axradio_rxbuffer;
      0001EC 90r02r4F         [24] 2577 	mov	dptr,#(_axradio_cb_receive + 0x001e)
      0001EF 74r2D            [12] 2578 	mov	a,#_axradio_rxbuffer
      0001F1 F0               [24] 2579 	movx	@dptr,a
      0001F2 74s01            [12] 2580 	mov	a,#(_axradio_rxbuffer >> 8)
      0001F4 A3               [24] 2581 	inc	dptr
      0001F5 F0               [24] 2582 	movx	@dptr,a
                                   2583 ;	..\COMMON\easyax5043.c:373: if (AXRADIO_MODE_IS_STREAM_RECEIVE(axradio_mode)) {
      0001F6 74 F8            [12] 2584 	mov	a,#0xf8
      0001F8 55*00            [12] 2585 	anl	a,_axradio_mode
      0001FA FE               [12] 2586 	mov	r6,a
      0001FB BE 28 02         [24] 2587 	cjne	r6,#0x28,00272$
      0001FE 80 03            [24] 2588 	sjmp	00273$
      000200                       2589 00272$:
      000200 02r02r8C         [24] 2590 	ljmp	00127$
      000203                       2591 00273$:
                                   2592 ;	..\COMMON\easyax5043.c:374: axradio_cb_receive.st.rx.pktdata = axradio_rxbuffer;
      000203 90r02r51         [24] 2593 	mov	dptr,#(_axradio_cb_receive + 0x0020)
      000206 74r2D            [12] 2594 	mov	a,#_axradio_rxbuffer
      000208 F0               [24] 2595 	movx	@dptr,a
      000209 74s01            [12] 2596 	mov	a,#(_axradio_rxbuffer >> 8)
      00020B A3               [24] 2597 	inc	dptr
      00020C F0               [24] 2598 	movx	@dptr,a
                                   2599 ;	..\COMMON\easyax5043.c:375: axradio_cb_receive.st.rx.pktlen = len;
      00020D 8F 05            [24] 2600 	mov	ar5,r7
      00020F 7E 00            [12] 2601 	mov	r6,#0x00
      000211 90r02r53         [24] 2602 	mov	dptr,#(_axradio_cb_receive + 0x0022)
      000214 ED               [12] 2603 	mov	a,r5
      000215 F0               [24] 2604 	movx	@dptr,a
      000216 EE               [12] 2605 	mov	a,r6
      000217 A3               [24] 2606 	inc	dptr
      000218 F0               [24] 2607 	movx	@dptr,a
                                   2608 ;	..\COMMON\easyax5043.c:377: int8_t r = radio_read8(AX5043_REG_RSSI);
      000219 90 40 40         [24] 2609 	mov	dptr,#0x4040
      00021C E0               [24] 2610 	movx	a,@dptr
                                   2611 ;	..\COMMON\easyax5043.c:378: axradio_cb_receive.st.rx.phy.rssi = r - (int16_t)axradio_phy_rssioffset;
      00021D FE               [12] 2612 	mov	r6,a
      00021E 33               [12] 2613 	rlc	a
      00021F 95 E0            [12] 2614 	subb	a,acc
      000221 FD               [12] 2615 	mov	r5,a
      000222 90r00r00         [24] 2616 	mov	dptr,#_axradio_phy_rssioffset
      000225 E4               [12] 2617 	clr	a
      000226 93               [24] 2618 	movc	a,@a+dptr
      000227 FC               [12] 2619 	mov	r4,a
      000228 33               [12] 2620 	rlc	a
      000229 95 E0            [12] 2621 	subb	a,acc
      00022B FB               [12] 2622 	mov	r3,a
      00022C EE               [12] 2623 	mov	a,r6
      00022D C3               [12] 2624 	clr	c
      00022E 9C               [12] 2625 	subb	a,r4
      00022F FE               [12] 2626 	mov	r6,a
      000230 ED               [12] 2627 	mov	a,r5
      000231 9B               [12] 2628 	subb	a,r3
      000232 FD               [12] 2629 	mov	r5,a
      000233 90r02r3B         [24] 2630 	mov	dptr,#(_axradio_cb_receive + 0x000a)
      000236 EE               [12] 2631 	mov	a,r6
      000237 F0               [24] 2632 	movx	@dptr,a
      000238 ED               [12] 2633 	mov	a,r5
      000239 A3               [24] 2634 	inc	dptr
      00023A F0               [24] 2635 	movx	@dptr,a
                                   2636 ;	..\COMMON\easyax5043.c:380: if (axradio_phy_innerfreqloop) {
      00023B 90r00r00         [24] 2637 	mov	dptr,#_axradio_phy_innerfreqloop
      00023E E4               [12] 2638 	clr	a
      00023F 93               [24] 2639 	movc	a,@a+dptr
      000240 60 23            [24] 2640 	jz	00124$
                                   2641 ;	..\COMMON\easyax5043.c:381: axradio_cb_receive.st.rx.phy.offset.o = axradio_conv_freq_fromreg(signextend16(radio_read16(AX5043_REG_TRKFREQ1)));
      000242 90 00 50         [24] 2642 	mov	dptr,#0x0050
      000245 12r00r00         [24] 2643 	lcall	_radio_read16
      000248 12r00r00         [24] 2644 	lcall	_signextend16
      00024B 12r00r00         [24] 2645 	lcall	_axradio_conv_freq_fromreg
      00024E AB 82            [24] 2646 	mov	r3,dpl
      000250 AC 83            [24] 2647 	mov	r4,dph
      000252 AD F0            [24] 2648 	mov	r5,b
      000254 FE               [12] 2649 	mov	r6,a
      000255 90r02r3D         [24] 2650 	mov	dptr,#(_axradio_cb_receive + 0x000c)
      000258 EB               [12] 2651 	mov	a,r3
      000259 F0               [24] 2652 	movx	@dptr,a
      00025A EC               [12] 2653 	mov	a,r4
      00025B A3               [24] 2654 	inc	dptr
      00025C F0               [24] 2655 	movx	@dptr,a
      00025D ED               [12] 2656 	mov	a,r5
      00025E A3               [24] 2657 	inc	dptr
      00025F F0               [24] 2658 	movx	@dptr,a
      000260 EE               [12] 2659 	mov	a,r6
      000261 A3               [24] 2660 	inc	dptr
      000262 F0               [24] 2661 	movx	@dptr,a
      000263 80 1E            [24] 2662 	sjmp	00125$
      000265                       2663 00124$:
                                   2664 ;	..\COMMON\easyax5043.c:383: axradio_cb_receive.st.rx.phy.offset.o = signextend20(radio_read24(AX5043_REG_TRKRFFREQ2));
      000265 90 00 4D         [24] 2665 	mov	dptr,#0x004d
      000268 12r00r00         [24] 2666 	lcall	_radio_read24
      00026B 12r00r00         [24] 2667 	lcall	_signextend20
      00026E AB 82            [24] 2668 	mov	r3,dpl
      000270 AC 83            [24] 2669 	mov	r4,dph
      000272 AD F0            [24] 2670 	mov	r5,b
      000274 FE               [12] 2671 	mov	r6,a
      000275 90r02r3D         [24] 2672 	mov	dptr,#(_axradio_cb_receive + 0x000c)
      000278 EB               [12] 2673 	mov	a,r3
      000279 F0               [24] 2674 	movx	@dptr,a
      00027A EC               [12] 2675 	mov	a,r4
      00027B A3               [24] 2676 	inc	dptr
      00027C F0               [24] 2677 	movx	@dptr,a
      00027D ED               [12] 2678 	mov	a,r5
      00027E A3               [24] 2679 	inc	dptr
      00027F F0               [24] 2680 	movx	@dptr,a
      000280 EE               [12] 2681 	mov	a,r6
      000281 A3               [24] 2682 	inc	dptr
      000282 F0               [24] 2683 	movx	@dptr,a
      000283                       2684 00125$:
                                   2685 ;	..\COMMON\easyax5043.c:385: wtimer_add_callback(&axradio_cb_receive.cb);
      000283 90r02r31         [24] 2686 	mov	dptr,#_axradio_cb_receive
      000286 12r00r00         [24] 2687 	lcall	_wtimer_add_callback
                                   2688 ;	..\COMMON\easyax5043.c:386: break;
      000289 02r01r37         [24] 2689 	ljmp	00159$
      00028C                       2690 00127$:
                                   2691 ;	..\COMMON\easyax5043.c:388: axradio_cb_receive.st.rx.pktdata = &axradio_rxbuffer[axradio_framing_maclen];
      00028C 90r00r00         [24] 2692 	mov	dptr,#_axradio_framing_maclen
      00028F E4               [12] 2693 	clr	a
      000290 93               [24] 2694 	movc	a,@a+dptr
      000291 FE               [12] 2695 	mov	r6,a
      000292 24r2D            [12] 2696 	add	a,#_axradio_rxbuffer
      000294 FC               [12] 2697 	mov	r4,a
      000295 E4               [12] 2698 	clr	a
      000296 34s01            [12] 2699 	addc	a,#(_axradio_rxbuffer >> 8)
      000298 FD               [12] 2700 	mov	r5,a
      000299 90r02r51         [24] 2701 	mov	dptr,#(_axradio_cb_receive + 0x0020)
      00029C EC               [12] 2702 	mov	a,r4
      00029D F0               [24] 2703 	movx	@dptr,a
      00029E ED               [12] 2704 	mov	a,r5
      00029F A3               [24] 2705 	inc	dptr
      0002A0 F0               [24] 2706 	movx	@dptr,a
                                   2707 ;	..\COMMON\easyax5043.c:389: if (len < axradio_framing_maclen) {
      0002A1 C3               [12] 2708 	clr	c
      0002A2 EF               [12] 2709 	mov	a,r7
      0002A3 9E               [12] 2710 	subb	a,r6
      0002A4 50 0A            [24] 2711 	jnc	00132$
                                   2712 ;	..\COMMON\easyax5043.c:391: axradio_cb_receive.st.rx.pktlen = 0;
      0002A6 90r02r53         [24] 2713 	mov	dptr,#(_axradio_cb_receive + 0x0022)
      0002A9 E4               [12] 2714 	clr	a
      0002AA F0               [24] 2715 	movx	@dptr,a
      0002AB A3               [24] 2716 	inc	dptr
      0002AC F0               [24] 2717 	movx	@dptr,a
      0002AD 02r01r37         [24] 2718 	ljmp	00159$
      0002B0                       2719 00132$:
                                   2720 ;	..\COMMON\easyax5043.c:393: len -= axradio_framing_maclen;
      0002B0 EF               [12] 2721 	mov	a,r7
      0002B1 C3               [12] 2722 	clr	c
      0002B2 9E               [12] 2723 	subb	a,r6
                                   2724 ;	..\COMMON\easyax5043.c:394: axradio_cb_receive.st.rx.pktlen = len;
      0002B3 FD               [12] 2725 	mov	r5,a
      0002B4 7E 00            [12] 2726 	mov	r6,#0x00
      0002B6 90r02r53         [24] 2727 	mov	dptr,#(_axradio_cb_receive + 0x0022)
      0002B9 ED               [12] 2728 	mov	a,r5
      0002BA F0               [24] 2729 	movx	@dptr,a
      0002BB EE               [12] 2730 	mov	a,r6
      0002BC A3               [24] 2731 	inc	dptr
      0002BD F0               [24] 2732 	movx	@dptr,a
                                   2733 ;	..\COMMON\easyax5043.c:395: wtimer_add_callback(&axradio_cb_receive.cb);
      0002BE 90r02r31         [24] 2734 	mov	dptr,#_axradio_cb_receive
      0002C1 12r00r00         [24] 2735 	lcall	_wtimer_add_callback
                                   2736 ;	..\COMMON\easyax5043.c:396: if (axradio_mode == AXRADIO_MODE_SYNC_SLAVE ||
      0002C4 74 32            [12] 2737 	mov	a,#0x32
      0002C6 B5*00 02         [24] 2738 	cjne	a,_axradio_mode,00276$
      0002C9 80 0A            [24] 2739 	sjmp	00128$
      0002CB                       2740 00276$:
                                   2741 ;	..\COMMON\easyax5043.c:397: axradio_mode == AXRADIO_MODE_SYNC_ACK_SLAVE)
      0002CB 74 33            [12] 2742 	mov	a,#0x33
      0002CD B5*00 02         [24] 2743 	cjne	a,_axradio_mode,00277$
      0002D0 80 03            [24] 2744 	sjmp	00278$
      0002D2                       2745 00277$:
      0002D2 02r01r37         [24] 2746 	ljmp	00159$
      0002D5                       2747 00278$:
      0002D5                       2748 00128$:
                                   2749 ;	..\COMMON\easyax5043.c:398: wtimer_remove(&axradio_timer);
      0002D5 90r02r8A         [24] 2750 	mov	dptr,#_axradio_timer
      0002D8 12r00r00         [24] 2751 	lcall	_wtimer_remove
                                   2752 ;	..\COMMON\easyax5043.c:400: break;
      0002DB 02r01r37         [24] 2753 	ljmp	00159$
                                   2754 ;	..\COMMON\easyax5043.c:402: case AX5043_FIFOCMD_RFFREQOFFS:
      0002DE                       2755 00134$:
                                   2756 ;	..\COMMON\easyax5043.c:403: if (axradio_phy_innerfreqloop || len != 3)
      0002DE 90r00r00         [24] 2757 	mov	dptr,#_axradio_phy_innerfreqloop
      0002E1 E4               [12] 2758 	clr	a
      0002E2 93               [24] 2759 	movc	a,@a+dptr
      0002E3 60 03            [24] 2760 	jz	00279$
      0002E5 02r04r43         [24] 2761 	ljmp	00152$
      0002E8                       2762 00279$:
      0002E8 BF 03 02         [24] 2763 	cjne	r7,#0x03,00280$
      0002EB 80 03            [24] 2764 	sjmp	00281$
      0002ED                       2765 00280$:
      0002ED 02r04r43         [24] 2766 	ljmp	00152$
      0002F0                       2767 00281$:
                                   2768 ;	..\COMMON\easyax5043.c:405: i = radio_read8(AX5043_REG_FIFODATA);
      0002F0 90 40 29         [24] 2769 	mov	dptr,#0x4029
      0002F3 E0               [24] 2770 	movx	a,@dptr
      0002F4 FE               [12] 2771 	mov	r6,a
                                   2772 ;	..\COMMON\easyax5043.c:406: i &= 0x0F;
      0002F5 53 06 0F         [24] 2773 	anl	ar6,#0x0f
                                   2774 ;	..\COMMON\easyax5043.c:407: i |= 1 + (uint8_t)~(i & 0x08);
      0002F8 74 08            [12] 2775 	mov	a,#0x08
      0002FA 5E               [12] 2776 	anl	a,r6
      0002FB F4               [12] 2777 	cpl	a
      0002FC FD               [12] 2778 	mov	r5,a
      0002FD 0D               [12] 2779 	inc	r5
      0002FE ED               [12] 2780 	mov	a,r5
      0002FF 42 06            [12] 2781 	orl	ar6,a
                                   2782 ;	..\COMMON\easyax5043.c:408: axradio_cb_receive.st.rx.phy.offset.b.b3 = ((int8_t)i) >> 8;
      000301 8E 05            [24] 2783 	mov	ar5,r6
      000303 ED               [12] 2784 	mov	a,r5
      000304 33               [12] 2785 	rlc	a
      000305 95 E0            [12] 2786 	subb	a,acc
      000307 FD               [12] 2787 	mov	r5,a
      000308 90r02r40         [24] 2788 	mov	dptr,#(_axradio_cb_receive + 0x000f)
      00030B F0               [24] 2789 	movx	@dptr,a
                                   2790 ;	..\COMMON\easyax5043.c:409: axradio_cb_receive.st.rx.phy.offset.b.b2 = i;
      00030C 90r02r3F         [24] 2791 	mov	dptr,#(_axradio_cb_receive + 0x000e)
      00030F EE               [12] 2792 	mov	a,r6
      000310 F0               [24] 2793 	movx	@dptr,a
                                   2794 ;	..\COMMON\easyax5043.c:410: axradio_cb_receive.st.rx.phy.offset.b.b1 = radio_read8(AX5043_REG_FIFODATA);
      000311 90 40 29         [24] 2795 	mov	dptr,#0x4029
      000314 E0               [24] 2796 	movx	a,@dptr
      000315 90r02r3E         [24] 2797 	mov	dptr,#(_axradio_cb_receive + 0x000d)
      000318 F0               [24] 2798 	movx	@dptr,a
                                   2799 ;	..\COMMON\easyax5043.c:411: axradio_cb_receive.st.rx.phy.offset.b.b0 = radio_read8(AX5043_REG_FIFODATA);
      000319 90 40 29         [24] 2800 	mov	dptr,#0x4029
      00031C E0               [24] 2801 	movx	a,@dptr
      00031D FE               [12] 2802 	mov	r6,a
      00031E 90r02r3D         [24] 2803 	mov	dptr,#(_axradio_cb_receive + 0x000c)
      000321 F0               [24] 2804 	movx	@dptr,a
                                   2805 ;	..\COMMON\easyax5043.c:412: break;
      000322 02r01r37         [24] 2806 	ljmp	00159$
                                   2807 ;	..\COMMON\easyax5043.c:414: case AX5043_FIFOCMD_FREQOFFS:
      000325                       2808 00138$:
                                   2809 ;	..\COMMON\easyax5043.c:415: if (!axradio_phy_innerfreqloop || len != 2)
      000325 90r00r00         [24] 2810 	mov	dptr,#_axradio_phy_innerfreqloop
      000328 E4               [12] 2811 	clr	a
      000329 93               [24] 2812 	movc	a,@a+dptr
      00032A 70 03            [24] 2813 	jnz	00282$
      00032C 02r04r43         [24] 2814 	ljmp	00152$
      00032F                       2815 00282$:
      00032F BF 02 02         [24] 2816 	cjne	r7,#0x02,00283$
      000332 80 03            [24] 2817 	sjmp	00284$
      000334                       2818 00283$:
      000334 02r04r43         [24] 2819 	ljmp	00152$
      000337                       2820 00284$:
                                   2821 ;	..\COMMON\easyax5043.c:417: axradio_cb_receive.st.rx.phy.offset.b.b1 = radio_read8(AX5043_REG_FIFODATA);
      000337 90 40 29         [24] 2822 	mov	dptr,#0x4029
      00033A E0               [24] 2823 	movx	a,@dptr
      00033B 90r02r3E         [24] 2824 	mov	dptr,#(_axradio_cb_receive + 0x000d)
      00033E F0               [24] 2825 	movx	@dptr,a
                                   2826 ;	..\COMMON\easyax5043.c:418: axradio_cb_receive.st.rx.phy.offset.b.b0 = radio_read8(AX5043_REG_FIFODATA);
      00033F 90 40 29         [24] 2827 	mov	dptr,#0x4029
      000342 E0               [24] 2828 	movx	a,@dptr
      000343 90r02r3D         [24] 2829 	mov	dptr,#(_axradio_cb_receive + 0x000c)
      000346 F0               [24] 2830 	movx	@dptr,a
                                   2831 ;	..\COMMON\easyax5043.c:419: axradio_cb_receive.st.rx.phy.offset.o = axradio_conv_freq_fromreg(signextend16(axradio_cb_receive.st.rx.phy.offset.o));
      000347 90r02r3D         [24] 2832 	mov	dptr,#(_axradio_cb_receive + 0x000c)
      00034A E0               [24] 2833 	movx	a,@dptr
      00034B FB               [12] 2834 	mov	r3,a
      00034C A3               [24] 2835 	inc	dptr
      00034D E0               [24] 2836 	movx	a,@dptr
      00034E FC               [12] 2837 	mov	r4,a
      00034F A3               [24] 2838 	inc	dptr
      000350 E0               [24] 2839 	movx	a,@dptr
      000351 A3               [24] 2840 	inc	dptr
      000352 E0               [24] 2841 	movx	a,@dptr
      000353 8B 82            [24] 2842 	mov	dpl,r3
      000355 8C 83            [24] 2843 	mov	dph,r4
      000357 12r00r00         [24] 2844 	lcall	_signextend16
      00035A 12r00r00         [24] 2845 	lcall	_axradio_conv_freq_fromreg
      00035D AB 82            [24] 2846 	mov	r3,dpl
      00035F AC 83            [24] 2847 	mov	r4,dph
      000361 AD F0            [24] 2848 	mov	r5,b
      000363 FE               [12] 2849 	mov	r6,a
      000364 90r02r3D         [24] 2850 	mov	dptr,#(_axradio_cb_receive + 0x000c)
      000367 EB               [12] 2851 	mov	a,r3
      000368 F0               [24] 2852 	movx	@dptr,a
      000369 EC               [12] 2853 	mov	a,r4
      00036A A3               [24] 2854 	inc	dptr
      00036B F0               [24] 2855 	movx	@dptr,a
      00036C ED               [12] 2856 	mov	a,r5
      00036D A3               [24] 2857 	inc	dptr
      00036E F0               [24] 2858 	movx	@dptr,a
      00036F EE               [12] 2859 	mov	a,r6
      000370 A3               [24] 2860 	inc	dptr
      000371 F0               [24] 2861 	movx	@dptr,a
                                   2862 ;	..\COMMON\easyax5043.c:420: break;
      000372 02r01r37         [24] 2863 	ljmp	00159$
                                   2864 ;	..\COMMON\easyax5043.c:422: case AX5043_FIFOCMD_RSSI:
      000375                       2865 00142$:
                                   2866 ;	..\COMMON\easyax5043.c:423: if (len != 1)
      000375 BF 01 02         [24] 2867 	cjne	r7,#0x01,00285$
      000378 80 03            [24] 2868 	sjmp	00286$
      00037A                       2869 00285$:
      00037A 02r04r43         [24] 2870 	ljmp	00152$
      00037D                       2871 00286$:
                                   2872 ;	..\COMMON\easyax5043.c:426: int8_t r = radio_read8(AX5043_REG_FIFODATA);
      00037D 90 40 29         [24] 2873 	mov	dptr,#0x4029
      000380 E0               [24] 2874 	movx	a,@dptr
                                   2875 ;	..\COMMON\easyax5043.c:427: axradio_cb_receive.st.rx.phy.rssi = r - (int16_t)axradio_phy_rssioffset;
      000381 FE               [12] 2876 	mov	r6,a
      000382 33               [12] 2877 	rlc	a
      000383 95 E0            [12] 2878 	subb	a,acc
      000385 FD               [12] 2879 	mov	r5,a
      000386 90r00r00         [24] 2880 	mov	dptr,#_axradio_phy_rssioffset
      000389 E4               [12] 2881 	clr	a
      00038A 93               [24] 2882 	movc	a,@a+dptr
      00038B FC               [12] 2883 	mov	r4,a
      00038C 33               [12] 2884 	rlc	a
      00038D 95 E0            [12] 2885 	subb	a,acc
      00038F FB               [12] 2886 	mov	r3,a
      000390 EE               [12] 2887 	mov	a,r6
      000391 C3               [12] 2888 	clr	c
      000392 9C               [12] 2889 	subb	a,r4
      000393 FE               [12] 2890 	mov	r6,a
      000394 ED               [12] 2891 	mov	a,r5
      000395 9B               [12] 2892 	subb	a,r3
      000396 FD               [12] 2893 	mov	r5,a
      000397 90r02r3B         [24] 2894 	mov	dptr,#(_axradio_cb_receive + 0x000a)
      00039A EE               [12] 2895 	mov	a,r6
      00039B F0               [24] 2896 	movx	@dptr,a
      00039C ED               [12] 2897 	mov	a,r5
      00039D A3               [24] 2898 	inc	dptr
      00039E F0               [24] 2899 	movx	@dptr,a
                                   2900 ;	..\COMMON\easyax5043.c:429: break;
      00039F 02r01r37         [24] 2901 	ljmp	00159$
                                   2902 ;	..\COMMON\easyax5043.c:431: case AX5043_FIFOCMD_TIMER:
      0003A2                       2903 00145$:
                                   2904 ;	..\COMMON\easyax5043.c:432: if (len != 3)
      0003A2 BF 03 02         [24] 2905 	cjne	r7,#0x03,00287$
      0003A5 80 03            [24] 2906 	sjmp	00288$
      0003A7                       2907 00287$:
      0003A7 02r04r43         [24] 2908 	ljmp	00152$
      0003AA                       2909 00288$:
                                   2910 ;	..\COMMON\easyax5043.c:436: axradio_cb_receive.st.time.b.b3 = 0;
      0003AA 90r02r3A         [24] 2911 	mov	dptr,#(_axradio_cb_receive + 0x0009)
      0003AD E4               [12] 2912 	clr	a
      0003AE F0               [24] 2913 	movx	@dptr,a
                                   2914 ;	..\COMMON\easyax5043.c:437: axradio_cb_receive.st.time.b.b2 = radio_read8(AX5043_REG_FIFODATA);
      0003AF 90 40 29         [24] 2915 	mov	dptr,#0x4029
      0003B2 E0               [24] 2916 	movx	a,@dptr
      0003B3 90r02r39         [24] 2917 	mov	dptr,#(_axradio_cb_receive + 0x0008)
      0003B6 F0               [24] 2918 	movx	@dptr,a
                                   2919 ;	..\COMMON\easyax5043.c:438: axradio_cb_receive.st.time.b.b1 = radio_read8(AX5043_REG_FIFODATA);
      0003B7 90 40 29         [24] 2920 	mov	dptr,#0x4029
      0003BA E0               [24] 2921 	movx	a,@dptr
      0003BB 90r02r38         [24] 2922 	mov	dptr,#(_axradio_cb_receive + 0x0007)
      0003BE F0               [24] 2923 	movx	@dptr,a
                                   2924 ;	..\COMMON\easyax5043.c:439: axradio_cb_receive.st.time.b.b0 = radio_read8(AX5043_REG_FIFODATA);
      0003BF 90 40 29         [24] 2925 	mov	dptr,#0x4029
      0003C2 E0               [24] 2926 	movx	a,@dptr
      0003C3 FE               [12] 2927 	mov	r6,a
      0003C4 90r02r37         [24] 2928 	mov	dptr,#(_axradio_cb_receive + 0x0006)
      0003C7 F0               [24] 2929 	movx	@dptr,a
                                   2930 ;	..\COMMON\easyax5043.c:440: break;
      0003C8 02r01r37         [24] 2931 	ljmp	00159$
                                   2932 ;	..\COMMON\easyax5043.c:442: case AX5043_FIFOCMD_ANTRSSI:
      0003CB                       2933 00148$:
                                   2934 ;	..\COMMON\easyax5043.c:443: if (!len)
      0003CB EF               [12] 2935 	mov	a,r7
      0003CC 70 03            [24] 2936 	jnz	00289$
      0003CE 02r01r37         [24] 2937 	ljmp	00159$
      0003D1                       2938 00289$:
                                   2939 ;	..\COMMON\easyax5043.c:445: update_timeanchor();
      0003D1 C0 07            [24] 2940 	push	ar7
      0003D3 12r00r00         [24] 2941 	lcall	_update_timeanchor
                                   2942 ;	..\COMMON\easyax5043.c:446: wtimer_remove_callback(&axradio_cb_channelstate.cb);
      0003D6 90r02r5F         [24] 2943 	mov	dptr,#_axradio_cb_channelstate
      0003D9 12r00r00         [24] 2944 	lcall	_wtimer_remove_callback
                                   2945 ;	..\COMMON\easyax5043.c:447: axradio_cb_channelstate.st.error = AXRADIO_ERR_NOERROR;
      0003DC 90r02r64         [24] 2946 	mov	dptr,#(_axradio_cb_channelstate + 0x0005)
      0003DF E4               [12] 2947 	clr	a
      0003E0 F0               [24] 2948 	movx	@dptr,a
                                   2949 ;	..\COMMON\easyax5043.c:449: int8_t r = radio_read8(AX5043_REG_FIFODATA);
      0003E1 90 40 29         [24] 2950 	mov	dptr,#0x4029
      0003E4 E0               [24] 2951 	movx	a,@dptr
                                   2952 ;	..\COMMON\easyax5043.c:450: axradio_cb_channelstate.st.cs.rssi = r - (int16_t)axradio_phy_rssioffset;
      0003E5 FE               [12] 2953 	mov	r6,a
      0003E6 FC               [12] 2954 	mov	r4,a
      0003E7 33               [12] 2955 	rlc	a
      0003E8 95 E0            [12] 2956 	subb	a,acc
      0003EA FD               [12] 2957 	mov	r5,a
      0003EB 90r00r00         [24] 2958 	mov	dptr,#_axradio_phy_rssioffset
      0003EE E4               [12] 2959 	clr	a
      0003EF 93               [24] 2960 	movc	a,@a+dptr
      0003F0 FB               [12] 2961 	mov	r3,a
      0003F1 33               [12] 2962 	rlc	a
      0003F2 95 E0            [12] 2963 	subb	a,acc
      0003F4 FA               [12] 2964 	mov	r2,a
      0003F5 EC               [12] 2965 	mov	a,r4
      0003F6 C3               [12] 2966 	clr	c
      0003F7 9B               [12] 2967 	subb	a,r3
      0003F8 FC               [12] 2968 	mov	r4,a
      0003F9 ED               [12] 2969 	mov	a,r5
      0003FA 9A               [12] 2970 	subb	a,r2
      0003FB FD               [12] 2971 	mov	r5,a
      0003FC 90r02r69         [24] 2972 	mov	dptr,#(_axradio_cb_channelstate + 0x000a)
      0003FF EC               [12] 2973 	mov	a,r4
      000400 F0               [24] 2974 	movx	@dptr,a
      000401 ED               [12] 2975 	mov	a,r5
      000402 A3               [24] 2976 	inc	dptr
      000403 F0               [24] 2977 	movx	@dptr,a
                                   2978 ;	..\COMMON\easyax5043.c:451: axradio_cb_channelstate.st.cs.busy = r >= axradio_phy_channelbusy;
      000404 90r00r00         [24] 2979 	mov	dptr,#_axradio_phy_channelbusy
      000407 E4               [12] 2980 	clr	a
      000408 93               [24] 2981 	movc	a,@a+dptr
      000409 FD               [12] 2982 	mov	r5,a
      00040A C3               [12] 2983 	clr	c
      00040B EE               [12] 2984 	mov	a,r6
      00040C 64 80            [12] 2985 	xrl	a,#0x80
      00040E 8D F0            [24] 2986 	mov	b,r5
      000410 63 F0 80         [24] 2987 	xrl	b,#0x80
      000413 95 F0            [12] 2988 	subb	a,b
      000415 B3               [12] 2989 	cpl	c
      000416 92*00            [24] 2990 	mov	b0,c
      000418 E4               [12] 2991 	clr	a
      000419 33               [12] 2992 	rlc	a
      00041A 90r02r6B         [24] 2993 	mov	dptr,#(_axradio_cb_channelstate + 0x000c)
      00041D F0               [24] 2994 	movx	@dptr,a
                                   2995 ;	..\COMMON\easyax5043.c:453: axradio_cb_channelstate.st.time.t = axradio_timeanchor.radiotimer;
      00041E 90r00r16         [24] 2996 	mov	dptr,#(_axradio_timeanchor + 0x0004)
      000421 E0               [24] 2997 	movx	a,@dptr
      000422 FB               [12] 2998 	mov	r3,a
      000423 A3               [24] 2999 	inc	dptr
      000424 E0               [24] 3000 	movx	a,@dptr
      000425 FC               [12] 3001 	mov	r4,a
      000426 A3               [24] 3002 	inc	dptr
      000427 E0               [24] 3003 	movx	a,@dptr
      000428 FD               [12] 3004 	mov	r5,a
      000429 A3               [24] 3005 	inc	dptr
      00042A E0               [24] 3006 	movx	a,@dptr
      00042B FE               [12] 3007 	mov	r6,a
      00042C 90r02r65         [24] 3008 	mov	dptr,#(_axradio_cb_channelstate + 0x0006)
      00042F EB               [12] 3009 	mov	a,r3
      000430 F0               [24] 3010 	movx	@dptr,a
      000431 EC               [12] 3011 	mov	a,r4
      000432 A3               [24] 3012 	inc	dptr
      000433 F0               [24] 3013 	movx	@dptr,a
      000434 ED               [12] 3014 	mov	a,r5
      000435 A3               [24] 3015 	inc	dptr
      000436 F0               [24] 3016 	movx	@dptr,a
      000437 EE               [12] 3017 	mov	a,r6
      000438 A3               [24] 3018 	inc	dptr
      000439 F0               [24] 3019 	movx	@dptr,a
                                   3020 ;	..\COMMON\easyax5043.c:454: wtimer_add_callback(&axradio_cb_channelstate.cb);
      00043A 90r02r5F         [24] 3021 	mov	dptr,#_axradio_cb_channelstate
      00043D 12r00r00         [24] 3022 	lcall	_wtimer_add_callback
      000440 D0 07            [24] 3023 	pop	ar7
                                   3024 ;	..\COMMON\easyax5043.c:455: --len;
      000442 1F               [12] 3025 	dec	r7
                                   3026 ;	..\COMMON\easyax5043.c:460: dropchunk:
      000443                       3027 00152$:
                                   3028 ;	..\COMMON\easyax5043.c:461: if (!len)
      000443 EF               [12] 3029 	mov	a,r7
      000444 70 03            [24] 3030 	jnz	00290$
      000446 02r01r37         [24] 3031 	ljmp	00159$
      000449                       3032 00290$:
                                   3033 ;	..\COMMON\easyax5043.c:464: do {
      000449                       3034 00155$:
                                   3035 ;	..\COMMON\easyax5043.c:465: radio_read8(AX5043_REG_FIFODATA);	// purge FIFO
      000449 90 40 29         [24] 3036 	mov	dptr,#0x4029
      00044C E0               [24] 3037 	movx	a,@dptr
                                   3038 ;	..\COMMON\easyax5043.c:467: while (--i);
      00044D DF FA            [24] 3039 	djnz	r7,00155$
                                   3040 ;	..\COMMON\easyax5043.c:469: } // end switch(fifo_cmd)
      00044F 02r01r37         [24] 3041 	ljmp	00159$
                                   3042 ;------------------------------------------------------------
                                   3043 ;Allocation info for local variables in function 'transmit_isr'
                                   3044 ;------------------------------------------------------------
                                   3045 ;cnt                       Allocated to registers r7 
                                   3046 ;byte                      Allocated to registers r7 
                                   3047 ;len_byte                  Allocated to registers r4 
                                   3048 ;i                         Allocated to registers r3 
                                   3049 ;byte                      Allocated to registers r6 
                                   3050 ;flags                     Allocated to registers r6 
                                   3051 ;len                       Allocated to registers r4 r5 
                                   3052 ;------------------------------------------------------------
                                   3053 ;	..\COMMON\easyax5043.c:473: static __reentrantb void transmit_isr(void) __reentrant
                                   3054 ;	-----------------------------------------
                                   3055 ;	 function transmit_isr
                                   3056 ;	-----------------------------------------
      000452                       3057 _transmit_isr:
                                   3058 ;	..\COMMON\easyax5043.c:612: axradio_trxstate = trxstate_tx_waitdone;
      000452                       3059 00226$:
                                   3060 ;	..\COMMON\easyax5043.c:476: uint8_t cnt = radio_read8(AX5043_REG_FIFOFREE0);
      000452 90 40 2D         [24] 3061 	mov	dptr,#0x402d
      000455 E0               [24] 3062 	movx	a,@dptr
      000456 FF               [12] 3063 	mov	r7,a
                                   3064 ;	..\COMMON\easyax5043.c:477: if (radio_read8(AX5043_REG_FIFOFREE1))
      000457 90 40 2C         [24] 3065 	mov	dptr,#0x402c
      00045A E0               [24] 3066 	movx	a,@dptr
      00045B 60 02            [24] 3067 	jz	00102$
                                   3068 ;	..\COMMON\easyax5043.c:478: cnt = 0xff;
      00045D 7F FF            [12] 3069 	mov	r7,#0xff
      00045F                       3070 00102$:
                                   3071 ;	..\COMMON\easyax5043.c:479: switch (axradio_trxstate) {
      00045F AE*01            [24] 3072 	mov	r6,_axradio_trxstate
      000461 BE 0A 02         [24] 3073 	cjne	r6,#0x0a,00315$
      000464 80 0D            [24] 3074 	sjmp	00103$
      000466                       3075 00315$:
      000466 BE 0B 03         [24] 3076 	cjne	r6,#0x0b,00316$
      000469 02r05r08         [24] 3077 	ljmp	00127$
      00046C                       3078 00316$:
      00046C BE 0C 03         [24] 3079 	cjne	r6,#0x0c,00317$
      00046F 02r06rDE         [24] 3080 	ljmp	00189$
      000472                       3081 00317$:
      000472 22               [24] 3082 	ret
                                   3083 ;	..\COMMON\easyax5043.c:480: case trxstate_tx_longpreamble:
      000473                       3084 00103$:
                                   3085 ;	..\COMMON\easyax5043.c:481: if (!axradio_txbuffer_cnt) {
      000473 90r00r03         [24] 3086 	mov	dptr,#_axradio_txbuffer_cnt
      000476 E0               [24] 3087 	movx	a,@dptr
      000477 FD               [12] 3088 	mov	r5,a
      000478 A3               [24] 3089 	inc	dptr
      000479 E0               [24] 3090 	movx	a,@dptr
      00047A FE               [12] 3091 	mov	r6,a
      00047B 4D               [12] 3092 	orl	a,r5
      00047C 70 37            [24] 3093 	jnz	00109$
                                   3094 ;	..\COMMON\easyax5043.c:482: axradio_trxstate = trxstate_tx_shortpreamble;
      00047E 75*01 0B         [24] 3095 	mov	_axradio_trxstate,#0x0b
                                   3096 ;	..\COMMON\easyax5043.c:483: if( axradio_mode == AXRADIO_MODE_WOR_TRANSMIT || axradio_mode == AXRADIO_MODE_WOR_ACK_TRANSMIT )
      000481 74 11            [12] 3097 	mov	a,#0x11
      000483 B5*00 02         [24] 3098 	cjne	a,_axradio_mode,00319$
      000486 80 05            [24] 3099 	sjmp	00104$
      000488                       3100 00319$:
      000488 74 13            [12] 3101 	mov	a,#0x13
      00048A B5*00 14         [24] 3102 	cjne	a,_axradio_mode,00105$
      00048D                       3103 00104$:
                                   3104 ;	..\COMMON\easyax5043.c:484: axradio_txbuffer_cnt = axradio_phy_preamble_wor_len;
      00048D 90r00r00         [24] 3105 	mov	dptr,#_axradio_phy_preamble_wor_len
      000490 E4               [12] 3106 	clr	a
      000491 93               [24] 3107 	movc	a,@a+dptr
      000492 FB               [12] 3108 	mov	r3,a
      000493 74 01            [12] 3109 	mov	a,#0x01
      000495 93               [24] 3110 	movc	a,@a+dptr
      000496 FC               [12] 3111 	mov	r4,a
      000497 90r00r03         [24] 3112 	mov	dptr,#_axradio_txbuffer_cnt
      00049A EB               [12] 3113 	mov	a,r3
      00049B F0               [24] 3114 	movx	@dptr,a
      00049C EC               [12] 3115 	mov	a,r4
      00049D A3               [24] 3116 	inc	dptr
      00049E F0               [24] 3117 	movx	@dptr,a
      00049F 80 67            [24] 3118 	sjmp	00127$
      0004A1                       3119 00105$:
                                   3120 ;	..\COMMON\easyax5043.c:486: axradio_txbuffer_cnt = axradio_phy_preamble_len;
      0004A1 90r00r00         [24] 3121 	mov	dptr,#_axradio_phy_preamble_len
      0004A4 E4               [12] 3122 	clr	a
      0004A5 93               [24] 3123 	movc	a,@a+dptr
      0004A6 FB               [12] 3124 	mov	r3,a
      0004A7 74 01            [12] 3125 	mov	a,#0x01
      0004A9 93               [24] 3126 	movc	a,@a+dptr
      0004AA FC               [12] 3127 	mov	r4,a
      0004AB 90r00r03         [24] 3128 	mov	dptr,#_axradio_txbuffer_cnt
      0004AE EB               [12] 3129 	mov	a,r3
      0004AF F0               [24] 3130 	movx	@dptr,a
      0004B0 EC               [12] 3131 	mov	a,r4
      0004B1 A3               [24] 3132 	inc	dptr
      0004B2 F0               [24] 3133 	movx	@dptr,a
                                   3134 ;	..\COMMON\easyax5043.c:487: goto shortpreamble;
      0004B3 80 53            [24] 3135 	sjmp	00127$
      0004B5                       3136 00109$:
                                   3137 ;	..\COMMON\easyax5043.c:489: if (cnt < 4)
      0004B5 BF 04 00         [24] 3138 	cjne	r7,#0x04,00322$
      0004B8                       3139 00322$:
      0004B8 50 03            [24] 3140 	jnc	00323$
      0004BA 02r07r85         [24] 3141 	ljmp	00220$
      0004BD                       3142 00323$:
                                   3143 ;	..\COMMON\easyax5043.c:491: cnt = 7;
      0004BD 7F 07            [12] 3144 	mov	r7,#0x07
                                   3145 ;	..\COMMON\easyax5043.c:492: if (axradio_txbuffer_cnt < 7)
      0004BF C3               [12] 3146 	clr	c
      0004C0 ED               [12] 3147 	mov	a,r5
      0004C1 94 07            [12] 3148 	subb	a,#0x07
      0004C3 EE               [12] 3149 	mov	a,r6
      0004C4 94 00            [12] 3150 	subb	a,#0x00
      0004C6 50 02            [24] 3151 	jnc	00113$
                                   3152 ;	..\COMMON\easyax5043.c:493: cnt = axradio_txbuffer_cnt;
      0004C8 8D 07            [24] 3153 	mov	ar7,r5
      0004CA                       3154 00113$:
                                   3155 ;	..\COMMON\easyax5043.c:494: axradio_txbuffer_cnt -= cnt;
      0004CA 8F 05            [24] 3156 	mov	ar5,r7
      0004CC 7E 00            [12] 3157 	mov	r6,#0x00
      0004CE 90r00r03         [24] 3158 	mov	dptr,#_axradio_txbuffer_cnt
      0004D1 E0               [24] 3159 	movx	a,@dptr
      0004D2 FB               [12] 3160 	mov	r3,a
      0004D3 A3               [24] 3161 	inc	dptr
      0004D4 E0               [24] 3162 	movx	a,@dptr
      0004D5 FC               [12] 3163 	mov	r4,a
      0004D6 90r00r03         [24] 3164 	mov	dptr,#_axradio_txbuffer_cnt
      0004D9 EB               [12] 3165 	mov	a,r3
      0004DA C3               [12] 3166 	clr	c
      0004DB 9D               [12] 3167 	subb	a,r5
      0004DC F0               [24] 3168 	movx	@dptr,a
      0004DD EC               [12] 3169 	mov	a,r4
      0004DE 9E               [12] 3170 	subb	a,r6
      0004DF A3               [24] 3171 	inc	dptr
      0004E0 F0               [24] 3172 	movx	@dptr,a
                                   3173 ;	..\COMMON\easyax5043.c:495: cnt <<= 5;
      0004E1 EF               [12] 3174 	mov	a,r7
      0004E2 C4               [12] 3175 	swap	a
      0004E3 23               [12] 3176 	rl	a
      0004E4 54 E0            [12] 3177 	anl	a,#0xe0
      0004E6 FF               [12] 3178 	mov	r7,a
                                   3179 ;	..\COMMON\easyax5043.c:496: radio_write8(AX5043_REG_FIFODATA, (AX5043_FIFOCMD_REPEATDATA | (3 << 5)));
      0004E7 90 40 29         [24] 3180 	mov	dptr,#0x4029
      0004EA 74 62            [12] 3181 	mov	a,#0x62
      0004EC F0               [24] 3182 	movx	@dptr,a
                                   3183 ;	..\COMMON\easyax5043.c:497: radio_write8(AX5043_REG_FIFODATA, axradio_phy_preamble_flags);
      0004ED 90r00r00         [24] 3184 	mov	dptr,#_axradio_phy_preamble_flags
      0004F0 E4               [12] 3185 	clr	a
      0004F1 93               [24] 3186 	movc	a,@a+dptr
      0004F2 90 40 29         [24] 3187 	mov	dptr,#0x4029
      0004F5 F0               [24] 3188 	movx	@dptr,a
                                   3189 ;	..\COMMON\easyax5043.c:498: radio_write8(AX5043_REG_FIFODATA, cnt);
      0004F6 90 40 29         [24] 3190 	mov	dptr,#0x4029
      0004F9 EF               [12] 3191 	mov	a,r7
      0004FA F0               [24] 3192 	movx	@dptr,a
                                   3193 ;	..\COMMON\easyax5043.c:499: radio_write8(AX5043_REG_FIFODATA, axradio_phy_preamble_byte);
      0004FB 90r00r00         [24] 3194 	mov	dptr,#_axradio_phy_preamble_byte
      0004FE E4               [12] 3195 	clr	a
      0004FF 93               [24] 3196 	movc	a,@a+dptr
      000500 FE               [12] 3197 	mov	r6,a
      000501 90 40 29         [24] 3198 	mov	dptr,#0x4029
      000504 F0               [24] 3199 	movx	@dptr,a
                                   3200 ;	..\COMMON\easyax5043.c:500: break;
      000505 02r04r52         [24] 3201 	ljmp	00226$
                                   3202 ;	..\COMMON\easyax5043.c:503: shortpreamble:
      000508                       3203 00127$:
                                   3204 ;	..\COMMON\easyax5043.c:504: if (!axradio_txbuffer_cnt) {
      000508 90r00r03         [24] 3205 	mov	dptr,#_axradio_txbuffer_cnt
      00050B E0               [24] 3206 	movx	a,@dptr
      00050C FD               [12] 3207 	mov	r5,a
      00050D A3               [24] 3208 	inc	dptr
      00050E E0               [24] 3209 	movx	a,@dptr
      00050F FE               [12] 3210 	mov	r6,a
      000510 4D               [12] 3211 	orl	a,r5
      000511 60 03            [24] 3212 	jz	00325$
      000513 02r05rEF         [24] 3213 	ljmp	00158$
      000516                       3214 00325$:
                                   3215 ;	..\COMMON\easyax5043.c:505: if (cnt < 15)
      000516 BF 0F 00         [24] 3216 	cjne	r7,#0x0f,00326$
      000519                       3217 00326$:
      000519 50 03            [24] 3218 	jnc	00327$
      00051B 02r07r85         [24] 3219 	ljmp	00220$
      00051E                       3220 00327$:
                                   3221 ;	..\COMMON\easyax5043.c:507: if (axradio_phy_preamble_appendbits) {
      00051E 90r00r00         [24] 3222 	mov	dptr,#_axradio_phy_preamble_appendbits
      000521 E4               [12] 3223 	clr	a
      000522 93               [24] 3224 	movc	a,@a+dptr
      000523 FC               [12] 3225 	mov	r4,a
      000524 60 6F            [24] 3226 	jz	00143$
                                   3227 ;	..\COMMON\easyax5043.c:509: radio_write8(AX5043_REG_FIFODATA, (AX5043_FIFOCMD_DATA | (2 << 5)));
                                   3228 ;	..\COMMON\easyax5043.c:510: radio_write8(AX5043_REG_FIFODATA, 0x1C);
      000526 90 40 29         [24] 3229 	mov	dptr,#0x4029
      000529 74 41            [12] 3230 	mov	a,#0x41
      00052B F0               [24] 3231 	movx	@dptr,a
      00052C 74 1C            [12] 3232 	mov	a,#0x1c
      00052E F0               [24] 3233 	movx	@dptr,a
                                   3234 ;	..\COMMON\easyax5043.c:511: byte = axradio_phy_preamble_appendpattern;
      00052F 90r00r00         [24] 3235 	mov	dptr,#_axradio_phy_preamble_appendpattern
      000532 E4               [12] 3236 	clr	a
      000533 93               [24] 3237 	movc	a,@a+dptr
      000534 FB               [12] 3238 	mov	r3,a
      000535 FF               [12] 3239 	mov	r7,a
                                   3240 ;	..\COMMON\easyax5043.c:512: if (radio_read8(AX5043_REG_PKTADDRCFG) & 0x80) {
      000536 90 42 00         [24] 3241 	mov	dptr,#0x4200
      000539 E0               [24] 3242 	movx	a,@dptr
      00053A FA               [12] 3243 	mov	r2,a
      00053B 30 E7 26         [24] 3244 	jnb	acc.7,00137$
                                   3245 ;	..\COMMON\easyax5043.c:514: byte &= 0xFF << (8-axradio_phy_preamble_appendbits);
      00053E 74 08            [12] 3246 	mov	a,#0x08
      000540 C3               [12] 3247 	clr	c
      000541 9C               [12] 3248 	subb	a,r4
      000542 F5 F0            [12] 3249 	mov	b,a
      000544 05 F0            [12] 3250 	inc	b
      000546 74 FF            [12] 3251 	mov	a,#0xff
      000548 80 02            [24] 3252 	sjmp	00332$
      00054A                       3253 00330$:
      00054A 25 E0            [12] 3254 	add	a,acc
      00054C                       3255 00332$:
      00054C D5 F0 FB         [24] 3256 	djnz	b,00330$
      00054F FA               [12] 3257 	mov	r2,a
      000550 52 07            [12] 3258 	anl	ar7,a
                                   3259 ;	..\COMMON\easyax5043.c:515: byte |= 0x80 >> axradio_phy_preamble_appendbits;
      000552 8C F0            [24] 3260 	mov	b,r4
      000554 05 F0            [12] 3261 	inc	b
      000556 74 80            [12] 3262 	mov	a,#0x80
      000558 80 02            [24] 3263 	sjmp	00334$
      00055A                       3264 00333$:
      00055A C3               [12] 3265 	clr	c
      00055B 13               [12] 3266 	rrc	a
      00055C                       3267 00334$:
      00055C D5 F0 FB         [24] 3268 	djnz	b,00333$
      00055F FA               [12] 3269 	mov	r2,a
      000560 42 07            [12] 3270 	orl	ar7,a
      000562 80 2C            [24] 3271 	sjmp	00139$
      000564                       3272 00137$:
                                   3273 ;	..\COMMON\easyax5043.c:518: byte &= 0xFF >> (8-axradio_phy_preamble_appendbits);
      000564 8C 02            [24] 3274 	mov	ar2,r4
      000566 7B 00            [12] 3275 	mov	r3,#0x00
      000568 74 08            [12] 3276 	mov	a,#0x08
      00056A C3               [12] 3277 	clr	c
      00056B 9A               [12] 3278 	subb	a,r2
      00056C FA               [12] 3279 	mov	r2,a
      00056D E4               [12] 3280 	clr	a
      00056E 9B               [12] 3281 	subb	a,r3
      00056F FB               [12] 3282 	mov	r3,a
      000570 8A F0            [24] 3283 	mov	b,r2
      000572 05 F0            [12] 3284 	inc	b
      000574 74 FF            [12] 3285 	mov	a,#0xff
      000576 80 02            [24] 3286 	sjmp	00336$
      000578                       3287 00335$:
      000578 C3               [12] 3288 	clr	c
      000579 13               [12] 3289 	rrc	a
      00057A                       3290 00336$:
      00057A D5 F0 FB         [24] 3291 	djnz	b,00335$
      00057D FA               [12] 3292 	mov	r2,a
      00057E 52 07            [12] 3293 	anl	ar7,a
                                   3294 ;	..\COMMON\easyax5043.c:519: byte |= 0x01 << axradio_phy_preamble_appendbits;
      000580 8C F0            [24] 3295 	mov	b,r4
      000582 05 F0            [12] 3296 	inc	b
      000584 74 01            [12] 3297 	mov	a,#0x01
      000586 80 02            [24] 3298 	sjmp	00339$
      000588                       3299 00337$:
      000588 25 E0            [12] 3300 	add	a,acc
      00058A                       3301 00339$:
      00058A D5 F0 FB         [24] 3302 	djnz	b,00337$
      00058D FC               [12] 3303 	mov	r4,a
      00058E 42 07            [12] 3304 	orl	ar7,a
                                   3305 ;	..\COMMON\easyax5043.c:521: radio_write8(AX5043_REG_FIFODATA, byte);
      000590                       3306 00139$:
      000590 90 40 29         [24] 3307 	mov	dptr,#0x4029
      000593 EF               [12] 3308 	mov	a,r7
      000594 F0               [24] 3309 	movx	@dptr,a
      000595                       3310 00143$:
                                   3311 ;	..\COMMON\easyax5043.c:527: if ((radio_read8(AX5043_REG_FRAMING) & 0x0E) == 0x06 && axradio_framing_synclen) {
      000595 90 40 12         [24] 3312 	mov	dptr,#0x4012
      000598 E0               [24] 3313 	movx	a,@dptr
      000599 FC               [12] 3314 	mov	r4,a
      00059A 53 04 0E         [24] 3315 	anl	ar4,#0x0e
      00059D BC 06 49         [24] 3316 	cjne	r4,#0x06,00155$
      0005A0 90r00r00         [24] 3317 	mov	dptr,#_axradio_framing_synclen
      0005A3 E4               [12] 3318 	clr	a
      0005A4 93               [24] 3319 	movc	a,@a+dptr
      0005A5 FC               [12] 3320 	mov	r4,a
      0005A6 E4               [12] 3321 	clr	a
      0005A7 93               [24] 3322 	movc	a,@a+dptr
      0005A8 60 3F            [24] 3323 	jz	00155$
                                   3324 ;	..\COMMON\easyax5043.c:529: uint8_t len_byte = axradio_framing_synclen;
                                   3325 ;	..\COMMON\easyax5043.c:530: uint8_t i = (len_byte & 0x07) ? 0x04 : 0;
      0005AA EC               [12] 3326 	mov	a,r4
      0005AB 54 07            [12] 3327 	anl	a,#0x07
      0005AD 60 02            [24] 3328 	jz	00230$
      0005AF 74 04            [12] 3329 	mov	a,#0x04
      0005B1                       3330 00230$:
      0005B1 FB               [12] 3331 	mov	r3,a
                                   3332 ;	..\COMMON\easyax5043.c:532: len_byte += 7;
      0005B2 74 07            [12] 3333 	mov	a,#0x07
      0005B4 2C               [12] 3334 	add	a,r4
                                   3335 ;	..\COMMON\easyax5043.c:533: len_byte >>= 3;
      0005B5 C4               [12] 3336 	swap	a
      0005B6 23               [12] 3337 	rl	a
      0005B7 54 1F            [12] 3338 	anl	a,#0x1f
                                   3339 ;	..\COMMON\easyax5043.c:534: radio_write8(AX5043_REG_FIFODATA, (AX5043_FIFOCMD_DATA | ((len_byte + 1) << 5)));
      0005B9 FC               [12] 3340 	mov	r4,a
      0005BA 04               [12] 3341 	inc	a
      0005BB C4               [12] 3342 	swap	a
      0005BC 23               [12] 3343 	rl	a
      0005BD 54 E0            [12] 3344 	anl	a,#0xe0
      0005BF FA               [12] 3345 	mov	r2,a
      0005C0 43 02 01         [24] 3346 	orl	ar2,#0x01
      0005C3 90 40 29         [24] 3347 	mov	dptr,#0x4029
      0005C6 EA               [12] 3348 	mov	a,r2
      0005C7 F0               [24] 3349 	movx	@dptr,a
                                   3350 ;	..\COMMON\easyax5043.c:535: radio_write8(AX5043_REG_FIFODATA, axradio_framing_syncflags | i);
      0005C8 90r00r00         [24] 3351 	mov	dptr,#_axradio_framing_syncflags
      0005CB E4               [12] 3352 	clr	a
      0005CC 93               [24] 3353 	movc	a,@a+dptr
      0005CD FA               [12] 3354 	mov	r2,a
      0005CE 42 03            [12] 3355 	orl	ar3,a
      0005D0 90 40 29         [24] 3356 	mov	dptr,#0x4029
      0005D3 EB               [12] 3357 	mov	a,r3
      0005D4 F0               [24] 3358 	movx	@dptr,a
                                   3359 ;	..\COMMON\easyax5043.c:536: for (i = 0; i < len_byte; ++i) {
      0005D5 7B 00            [12] 3360 	mov	r3,#0x00
      0005D7                       3361 00224$:
      0005D7 C3               [12] 3362 	clr	c
      0005D8 EB               [12] 3363 	mov	a,r3
      0005D9 9C               [12] 3364 	subb	a,r4
      0005DA 50 0D            [24] 3365 	jnc	00155$
                                   3366 ;	..\COMMON\easyax5043.c:538: radio_write8(AX5043_REG_FIFODATA, axradio_framing_syncword[i]);
      0005DC EB               [12] 3367 	mov	a,r3
      0005DD 90r00r00         [24] 3368 	mov	dptr,#_axradio_framing_syncword
      0005E0 93               [24] 3369 	movc	a,@a+dptr
      0005E1 FA               [12] 3370 	mov	r2,a
      0005E2 90 40 29         [24] 3371 	mov	dptr,#0x4029
      0005E5 F0               [24] 3372 	movx	@dptr,a
                                   3373 ;	..\COMMON\easyax5043.c:536: for (i = 0; i < len_byte; ++i) {
      0005E6 0B               [12] 3374 	inc	r3
      0005E7 80 EE            [24] 3375 	sjmp	00224$
      0005E9                       3376 00155$:
                                   3377 ;	..\COMMON\easyax5043.c:545: axradio_trxstate = trxstate_tx_packet;
      0005E9 75*01 0C         [24] 3378 	mov	_axradio_trxstate,#0x0c
                                   3379 ;	..\COMMON\easyax5043.c:546: break;
      0005EC 02r04r52         [24] 3380 	ljmp	00226$
      0005EF                       3381 00158$:
                                   3382 ;	..\COMMON\easyax5043.c:548: if (cnt < 4)
      0005EF BF 04 00         [24] 3383 	cjne	r7,#0x04,00345$
      0005F2                       3384 00345$:
      0005F2 50 03            [24] 3385 	jnc	00346$
      0005F4 02r07r85         [24] 3386 	ljmp	00220$
      0005F7                       3387 00346$:
                                   3388 ;	..\COMMON\easyax5043.c:550: cnt = 255;
      0005F7 7F FF            [12] 3389 	mov	r7,#0xff
                                   3390 ;	..\COMMON\easyax5043.c:551: if (axradio_txbuffer_cnt < 255*8)
      0005F9 C3               [12] 3391 	clr	c
      0005FA ED               [12] 3392 	mov	a,r5
      0005FB 94 F8            [12] 3393 	subb	a,#0xf8
      0005FD EE               [12] 3394 	mov	a,r6
      0005FE 94 07            [12] 3395 	subb	a,#0x07
      000600 50 12            [24] 3396 	jnc	00162$
                                   3397 ;	..\COMMON\easyax5043.c:552: cnt = axradio_txbuffer_cnt >> 3;
      000602 EE               [12] 3398 	mov	a,r6
      000603 C4               [12] 3399 	swap	a
      000604 23               [12] 3400 	rl	a
      000605 CD               [12] 3401 	xch	a,r5
      000606 C4               [12] 3402 	swap	a
      000607 23               [12] 3403 	rl	a
      000608 54 1F            [12] 3404 	anl	a,#0x1f
      00060A 6D               [12] 3405 	xrl	a,r5
      00060B CD               [12] 3406 	xch	a,r5
      00060C 54 1F            [12] 3407 	anl	a,#0x1f
      00060E CD               [12] 3408 	xch	a,r5
      00060F 6D               [12] 3409 	xrl	a,r5
      000610 CD               [12] 3410 	xch	a,r5
      000611 FE               [12] 3411 	mov	r6,a
      000612 8D 07            [24] 3412 	mov	ar7,r5
      000614                       3413 00162$:
                                   3414 ;	..\COMMON\easyax5043.c:553: if (cnt) {
      000614 EF               [12] 3415 	mov	a,r7
      000615 60 45            [24] 3416 	jz	00176$
                                   3417 ;	..\COMMON\easyax5043.c:554: axradio_txbuffer_cnt -= ((uint16_t)cnt) << 3;
      000617 8F 05            [24] 3418 	mov	ar5,r7
      000619 E4               [12] 3419 	clr	a
      00061A 03               [12] 3420 	rr	a
      00061B 54 F8            [12] 3421 	anl	a,#0xf8
      00061D CD               [12] 3422 	xch	a,r5
      00061E C4               [12] 3423 	swap	a
      00061F 03               [12] 3424 	rr	a
      000620 CD               [12] 3425 	xch	a,r5
      000621 6D               [12] 3426 	xrl	a,r5
      000622 CD               [12] 3427 	xch	a,r5
      000623 54 F8            [12] 3428 	anl	a,#0xf8
      000625 CD               [12] 3429 	xch	a,r5
      000626 6D               [12] 3430 	xrl	a,r5
      000627 FE               [12] 3431 	mov	r6,a
      000628 90r00r03         [24] 3432 	mov	dptr,#_axradio_txbuffer_cnt
      00062B E0               [24] 3433 	movx	a,@dptr
      00062C FB               [12] 3434 	mov	r3,a
      00062D A3               [24] 3435 	inc	dptr
      00062E E0               [24] 3436 	movx	a,@dptr
      00062F FC               [12] 3437 	mov	r4,a
      000630 90r00r03         [24] 3438 	mov	dptr,#_axradio_txbuffer_cnt
      000633 EB               [12] 3439 	mov	a,r3
      000634 C3               [12] 3440 	clr	c
      000635 9D               [12] 3441 	subb	a,r5
      000636 F0               [24] 3442 	movx	@dptr,a
      000637 EC               [12] 3443 	mov	a,r4
      000638 9E               [12] 3444 	subb	a,r6
      000639 A3               [24] 3445 	inc	dptr
      00063A F0               [24] 3446 	movx	@dptr,a
                                   3447 ;	..\COMMON\easyax5043.c:555: radio_write8(AX5043_REG_FIFODATA, (AX5043_FIFOCMD_REPEATDATA | (3 << 5)));
      00063B 90 40 29         [24] 3448 	mov	dptr,#0x4029
      00063E 74 62            [12] 3449 	mov	a,#0x62
      000640 F0               [24] 3450 	movx	@dptr,a
                                   3451 ;	..\COMMON\easyax5043.c:556: radio_write8(AX5043_REG_FIFODATA, axradio_phy_preamble_flags);
      000641 90r00r00         [24] 3452 	mov	dptr,#_axradio_phy_preamble_flags
      000644 E4               [12] 3453 	clr	a
      000645 93               [24] 3454 	movc	a,@a+dptr
      000646 90 40 29         [24] 3455 	mov	dptr,#0x4029
      000649 F0               [24] 3456 	movx	@dptr,a
                                   3457 ;	..\COMMON\easyax5043.c:557: radio_write8(AX5043_REG_FIFODATA, cnt);
      00064A 90 40 29         [24] 3458 	mov	dptr,#0x4029
      00064D EF               [12] 3459 	mov	a,r7
      00064E F0               [24] 3460 	movx	@dptr,a
                                   3461 ;	..\COMMON\easyax5043.c:558: radio_write8(AX5043_REG_FIFODATA, axradio_phy_preamble_byte);
      00064F 90r00r00         [24] 3462 	mov	dptr,#_axradio_phy_preamble_byte
      000652 E4               [12] 3463 	clr	a
      000653 93               [24] 3464 	movc	a,@a+dptr
      000654 FE               [12] 3465 	mov	r6,a
      000655 90 40 29         [24] 3466 	mov	dptr,#0x4029
      000658 F0               [24] 3467 	movx	@dptr,a
                                   3468 ;	..\COMMON\easyax5043.c:559: break;
      000659 02r04r52         [24] 3469 	ljmp	00226$
      00065C                       3470 00176$:
                                   3471 ;	..\COMMON\easyax5043.c:562: uint8_t byte = axradio_phy_preamble_byte;
      00065C 90r00r00         [24] 3472 	mov	dptr,#_axradio_phy_preamble_byte
      00065F E4               [12] 3473 	clr	a
      000660 93               [24] 3474 	movc	a,@a+dptr
      000661 FE               [12] 3475 	mov	r6,a
                                   3476 ;	..\COMMON\easyax5043.c:563: cnt = axradio_txbuffer_cnt;
      000662 90r00r03         [24] 3477 	mov	dptr,#_axradio_txbuffer_cnt
      000665 E0               [24] 3478 	movx	a,@dptr
      000666 FC               [12] 3479 	mov	r4,a
      000667 A3               [24] 3480 	inc	dptr
      000668 E0               [24] 3481 	movx	a,@dptr
      000669 8C 07            [24] 3482 	mov	ar7,r4
                                   3483 ;	..\COMMON\easyax5043.c:564: axradio_txbuffer_cnt = 0;
      00066B 90r00r03         [24] 3484 	mov	dptr,#_axradio_txbuffer_cnt
      00066E E4               [12] 3485 	clr	a
      00066F F0               [24] 3486 	movx	@dptr,a
      000670 A3               [24] 3487 	inc	dptr
      000671 F0               [24] 3488 	movx	@dptr,a
                                   3489 ;	..\COMMON\easyax5043.c:565: radio_write8(AX5043_REG_FIFODATA, (AX5043_FIFOCMD_DATA | (2 << 5)));
                                   3490 ;	..\COMMON\easyax5043.c:566: radio_write8(AX5043_REG_FIFODATA, 0x1C);
      000672 90 40 29         [24] 3491 	mov	dptr,#0x4029
      000675 74 41            [12] 3492 	mov	a,#0x41
      000677 F0               [24] 3493 	movx	@dptr,a
      000678 74 1C            [12] 3494 	mov	a,#0x1c
      00067A F0               [24] 3495 	movx	@dptr,a
                                   3496 ;	..\COMMON\easyax5043.c:567: if (radio_read8(AX5043_REG_PKTADDRCFG) & 0x80) {
      00067B 90 42 00         [24] 3497 	mov	dptr,#0x4200
      00067E E0               [24] 3498 	movx	a,@dptr
      00067F FD               [12] 3499 	mov	r5,a
      000680 30 E7 27         [24] 3500 	jnb	acc.7,00184$
                                   3501 ;	..\COMMON\easyax5043.c:569: byte &= 0xFF << (8-cnt);
      000683 74 08            [12] 3502 	mov	a,#0x08
      000685 C3               [12] 3503 	clr	c
      000686 9F               [12] 3504 	subb	a,r7
      000687 FD               [12] 3505 	mov	r5,a
      000688 8D F0            [24] 3506 	mov	b,r5
      00068A 05 F0            [12] 3507 	inc	b
      00068C 74 FF            [12] 3508 	mov	a,#0xff
      00068E 80 02            [24] 3509 	sjmp	00352$
      000690                       3510 00350$:
      000690 25 E0            [12] 3511 	add	a,acc
      000692                       3512 00352$:
      000692 D5 F0 FB         [24] 3513 	djnz	b,00350$
      000695 FD               [12] 3514 	mov	r5,a
      000696 52 06            [12] 3515 	anl	ar6,a
                                   3516 ;	..\COMMON\easyax5043.c:570: byte |= 0x80 >> cnt;
      000698 8F F0            [24] 3517 	mov	b,r7
      00069A 05 F0            [12] 3518 	inc	b
      00069C 74 80            [12] 3519 	mov	a,#0x80
      00069E 80 02            [24] 3520 	sjmp	00354$
      0006A0                       3521 00353$:
      0006A0 C3               [12] 3522 	clr	c
      0006A1 13               [12] 3523 	rrc	a
      0006A2                       3524 00354$:
      0006A2 D5 F0 FB         [24] 3525 	djnz	b,00353$
      0006A5 FD               [12] 3526 	mov	r5,a
      0006A6 42 06            [12] 3527 	orl	ar6,a
      0006A8 80 2C            [24] 3528 	sjmp	00186$
      0006AA                       3529 00184$:
                                   3530 ;	..\COMMON\easyax5043.c:573: byte &= 0xFF >> (8-cnt);
      0006AA 8F 04            [24] 3531 	mov	ar4,r7
      0006AC 7D 00            [12] 3532 	mov	r5,#0x00
      0006AE 74 08            [12] 3533 	mov	a,#0x08
      0006B0 C3               [12] 3534 	clr	c
      0006B1 9C               [12] 3535 	subb	a,r4
      0006B2 FC               [12] 3536 	mov	r4,a
      0006B3 E4               [12] 3537 	clr	a
      0006B4 9D               [12] 3538 	subb	a,r5
      0006B5 FD               [12] 3539 	mov	r5,a
      0006B6 8C F0            [24] 3540 	mov	b,r4
      0006B8 05 F0            [12] 3541 	inc	b
      0006BA 74 FF            [12] 3542 	mov	a,#0xff
      0006BC 80 02            [24] 3543 	sjmp	00356$
      0006BE                       3544 00355$:
      0006BE C3               [12] 3545 	clr	c
      0006BF 13               [12] 3546 	rrc	a
      0006C0                       3547 00356$:
      0006C0 D5 F0 FB         [24] 3548 	djnz	b,00355$
      0006C3 FC               [12] 3549 	mov	r4,a
      0006C4 52 06            [12] 3550 	anl	ar6,a
                                   3551 ;	..\COMMON\easyax5043.c:574: byte |= 0x01 << cnt;
      0006C6 8F F0            [24] 3552 	mov	b,r7
      0006C8 05 F0            [12] 3553 	inc	b
      0006CA 74 01            [12] 3554 	mov	a,#0x01
      0006CC 80 02            [24] 3555 	sjmp	00359$
      0006CE                       3556 00357$:
      0006CE 25 E0            [12] 3557 	add	a,acc
      0006D0                       3558 00359$:
      0006D0 D5 F0 FB         [24] 3559 	djnz	b,00357$
      0006D3 FD               [12] 3560 	mov	r5,a
      0006D4 42 06            [12] 3561 	orl	ar6,a
                                   3562 ;	..\COMMON\easyax5043.c:576: radio_write8(AX5043_REG_FIFODATA, byte);
      0006D6                       3563 00186$:
      0006D6 90 40 29         [24] 3564 	mov	dptr,#0x4029
      0006D9 EE               [12] 3565 	mov	a,r6
      0006DA F0               [24] 3566 	movx	@dptr,a
                                   3567 ;	..\COMMON\easyax5043.c:578: break;
      0006DB 02r04r52         [24] 3568 	ljmp	00226$
                                   3569 ;	..\COMMON\easyax5043.c:580: case trxstate_tx_packet:
      0006DE                       3570 00189$:
                                   3571 ;	..\COMMON\easyax5043.c:581: if (cnt < 11)
      0006DE BF 0B 00         [24] 3572 	cjne	r7,#0x0b,00360$
      0006E1                       3573 00360$:
      0006E1 50 03            [24] 3574 	jnc	00361$
      0006E3 02r07r85         [24] 3575 	ljmp	00220$
      0006E6                       3576 00361$:
                                   3577 ;	..\COMMON\easyax5043.c:584: uint8_t flags = 0;
      0006E6 7E 00            [12] 3578 	mov	r6,#0x00
                                   3579 ;	..\COMMON\easyax5043.c:585: if (!axradio_txbuffer_cnt)
      0006E8 90r00r03         [24] 3580 	mov	dptr,#_axradio_txbuffer_cnt
      0006EB E0               [24] 3581 	movx	a,@dptr
      0006EC F5 F0            [12] 3582 	mov	b,a
      0006EE A3               [24] 3583 	inc	dptr
      0006EF E0               [24] 3584 	movx	a,@dptr
      0006F0 45 F0            [12] 3585 	orl	a,b
      0006F2 70 02            [24] 3586 	jnz	00193$
                                   3587 ;	..\COMMON\easyax5043.c:586: flags |= 0x01; // flag byte: pkt_start
      0006F4 7E 01            [12] 3588 	mov	r6,#0x01
      0006F6                       3589 00193$:
                                   3590 ;	..\COMMON\easyax5043.c:588: uint16_t len = axradio_txbuffer_len - axradio_txbuffer_cnt;
      0006F6 90r00r03         [24] 3591 	mov	dptr,#_axradio_txbuffer_cnt
      0006F9 E0               [24] 3592 	movx	a,@dptr
      0006FA FC               [12] 3593 	mov	r4,a
      0006FB A3               [24] 3594 	inc	dptr
      0006FC E0               [24] 3595 	movx	a,@dptr
      0006FD FD               [12] 3596 	mov	r5,a
      0006FE 90r00r01         [24] 3597 	mov	dptr,#_axradio_txbuffer_len
      000701 E0               [24] 3598 	movx	a,@dptr
      000702 FA               [12] 3599 	mov	r2,a
      000703 A3               [24] 3600 	inc	dptr
      000704 E0               [24] 3601 	movx	a,@dptr
      000705 FB               [12] 3602 	mov	r3,a
      000706 EA               [12] 3603 	mov	a,r2
      000707 C3               [12] 3604 	clr	c
      000708 9C               [12] 3605 	subb	a,r4
      000709 FC               [12] 3606 	mov	r4,a
      00070A EB               [12] 3607 	mov	a,r3
      00070B 9D               [12] 3608 	subb	a,r5
      00070C FD               [12] 3609 	mov	r5,a
                                   3610 ;	..\COMMON\easyax5043.c:589: cnt -= 3;
      00070D 1F               [12] 3611 	dec	r7
      00070E 1F               [12] 3612 	dec	r7
      00070F 1F               [12] 3613 	dec	r7
                                   3614 ;	..\COMMON\easyax5043.c:590: if (cnt >= len) {
      000710 8F 02            [24] 3615 	mov	ar2,r7
      000712 7B 00            [12] 3616 	mov	r3,#0x00
      000714 C3               [12] 3617 	clr	c
      000715 EA               [12] 3618 	mov	a,r2
      000716 9C               [12] 3619 	subb	a,r4
      000717 EB               [12] 3620 	mov	a,r3
      000718 9D               [12] 3621 	subb	a,r5
      000719 40 05            [24] 3622 	jc	00195$
                                   3623 ;	..\COMMON\easyax5043.c:591: cnt = len;
      00071B 8C 07            [24] 3624 	mov	ar7,r4
                                   3625 ;	..\COMMON\easyax5043.c:592: flags |= 0x02; // flag byte: pkt_end
      00071D 43 06 02         [24] 3626 	orl	ar6,#0x02
      000720                       3627 00195$:
                                   3628 ;	..\COMMON\easyax5043.c:595: if (!cnt)
      000720 EF               [12] 3629 	mov	a,r7
      000721 60 53            [24] 3630 	jz	00212$
                                   3631 ;	..\COMMON\easyax5043.c:597: radio_write8(AX5043_REG_FIFODATA, AX5043_FIFOCMD_DATA | (7 << 5));
      000723 90 40 29         [24] 3632 	mov	dptr,#0x4029
      000726 74 E1            [12] 3633 	mov	a,#0xe1
      000728 F0               [24] 3634 	movx	@dptr,a
                                   3635 ;	..\COMMON\easyax5043.c:598: radio_write8(AX5043_REG_FIFODATA, (cnt + 1)); // write FIFO chunk length byte (length includes the flag byte, thus the +1)
      000729 EF               [12] 3636 	mov	a,r7
      00072A 04               [12] 3637 	inc	a
      00072B 90 40 29         [24] 3638 	mov	dptr,#0x4029
      00072E F0               [24] 3639 	movx	@dptr,a
                                   3640 ;	..\COMMON\easyax5043.c:599: radio_write8(AX5043_REG_FIFODATA, flags);
      00072F 90 40 29         [24] 3641 	mov	dptr,#0x4029
      000732 EE               [12] 3642 	mov	a,r6
      000733 F0               [24] 3643 	movx	@dptr,a
                                   3644 ;	..\COMMON\easyax5043.c:600: ax5043_writefifo(&axradio_txbuffer[axradio_txbuffer_cnt], cnt);
      000734 90r00r03         [24] 3645 	mov	dptr,#_axradio_txbuffer_cnt
      000737 E0               [24] 3646 	movx	a,@dptr
      000738 FC               [12] 3647 	mov	r4,a
      000739 A3               [24] 3648 	inc	dptr
      00073A E0               [24] 3649 	movx	a,@dptr
      00073B FD               [12] 3650 	mov	r5,a
      00073C EC               [12] 3651 	mov	a,r4
      00073D 24r29            [12] 3652 	add	a,#_axradio_txbuffer
      00073F FC               [12] 3653 	mov	r4,a
      000740 ED               [12] 3654 	mov	a,r5
      000741 34s00            [12] 3655 	addc	a,#(_axradio_txbuffer >> 8)
      000743 FD               [12] 3656 	mov	r5,a
      000744 7B 00            [12] 3657 	mov	r3,#0x00
      000746 C0 07            [24] 3658 	push	ar7
      000748 C0 06            [24] 3659 	push	ar6
      00074A C0 07            [24] 3660 	push	ar7
      00074C 8C 82            [24] 3661 	mov	dpl,r4
      00074E 8D 83            [24] 3662 	mov	dph,r5
      000750 8B F0            [24] 3663 	mov	b,r3
      000752 12r00r00         [24] 3664 	lcall	_ax5043_writefifo
      000755 15 81            [12] 3665 	dec	sp
      000757 D0 06            [24] 3666 	pop	ar6
      000759 D0 07            [24] 3667 	pop	ar7
                                   3668 ;	..\COMMON\easyax5043.c:601: axradio_txbuffer_cnt += cnt;
      00075B 7D 00            [12] 3669 	mov	r5,#0x00
      00075D 90r00r03         [24] 3670 	mov	dptr,#_axradio_txbuffer_cnt
      000760 E0               [24] 3671 	movx	a,@dptr
      000761 FB               [12] 3672 	mov	r3,a
      000762 A3               [24] 3673 	inc	dptr
      000763 E0               [24] 3674 	movx	a,@dptr
      000764 FC               [12] 3675 	mov	r4,a
      000765 90r00r03         [24] 3676 	mov	dptr,#_axradio_txbuffer_cnt
      000768 EF               [12] 3677 	mov	a,r7
      000769 2B               [12] 3678 	add	a,r3
      00076A F0               [24] 3679 	movx	@dptr,a
      00076B ED               [12] 3680 	mov	a,r5
      00076C 3C               [12] 3681 	addc	a,r4
      00076D A3               [24] 3682 	inc	dptr
      00076E F0               [24] 3683 	movx	@dptr,a
                                   3684 ;	..\COMMON\easyax5043.c:602: if (flags & 0x02)
      00076F EE               [12] 3685 	mov	a,r6
      000770 20 E1 03         [24] 3686 	jb	acc.1,00212$
                                   3687 ;	..\COMMON\easyax5043.c:603: goto pktend;
                                   3688 ;	..\COMMON\easyax5043.c:607: default:
                                   3689 ;	..\COMMON\easyax5043.c:608: return;
                                   3690 ;	..\COMMON\easyax5043.c:611: pktend:
      000773 02r04r52         [24] 3691 	ljmp	00226$
      000776                       3692 00212$:
                                   3693 ;	..\COMMON\easyax5043.c:612: axradio_trxstate = trxstate_tx_waitdone;
      000776 75*01 0D         [24] 3694 	mov	_axradio_trxstate,#0x0d
                                   3695 ;	..\COMMON\easyax5043.c:613: radio_write8(AX5043_REG_RADIOEVENTMASK0, 0x01); // enable REVRDONE event
      000779 90 40 09         [24] 3696 	mov	dptr,#0x4009
      00077C 74 01            [12] 3697 	mov	a,#0x01
      00077E F0               [24] 3698 	movx	@dptr,a
                                   3699 ;	..\COMMON\easyax5043.c:614: radio_write8(AX5043_REG_IRQMASK0, 0x40); // enable radio controller irq
      00077F 90 40 07         [24] 3700 	mov	dptr,#0x4007
      000782 74 40            [12] 3701 	mov	a,#0x40
      000784 F0               [24] 3702 	movx	@dptr,a
                                   3703 ;	..\COMMON\easyax5043.c:616: radio_write8(AX5043_REG_FIFOSTAT, 4); // commit
      000785                       3704 00220$:
      000785 90 40 28         [24] 3705 	mov	dptr,#0x4028
      000788 74 04            [12] 3706 	mov	a,#0x04
      00078A F0               [24] 3707 	movx	@dptr,a
      00078B 22               [24] 3708 	ret
                                   3709 ;------------------------------------------------------------
                                   3710 ;Allocation info for local variables in function 'axradio_isr'
                                   3711 ;------------------------------------------------------------
                                   3712 ;radioStateTemp            Allocated to registers 
                                   3713 ;evt                       Allocated to registers r7 
                                   3714 ;------------------------------------------------------------
                                   3715 ;	..\COMMON\easyax5043.c:620: void axradio_isr(void) __interrupt INT_RADIO
                                   3716 ;	-----------------------------------------
                                   3717 ;	 function axradio_isr
                                   3718 ;	-----------------------------------------
      00078C                       3719 _axradio_isr:
      00078C C0*00            [24] 3720 	push	bits
      00078E C0 E0            [24] 3721 	push	acc
      000790 C0 F0            [24] 3722 	push	b
      000792 C0 82            [24] 3723 	push	dpl
      000794 C0 83            [24] 3724 	push	dph
      000796 C0 07            [24] 3725 	push	(0+7)
      000798 C0 06            [24] 3726 	push	(0+6)
      00079A C0 05            [24] 3727 	push	(0+5)
      00079C C0 04            [24] 3728 	push	(0+4)
      00079E C0 03            [24] 3729 	push	(0+3)
      0007A0 C0 02            [24] 3730 	push	(0+2)
      0007A2 C0 01            [24] 3731 	push	(0+1)
      0007A4 C0 00            [24] 3732 	push	(0+0)
      0007A6 C0 D0            [24] 3733 	push	psw
      0007A8 75 D0 00         [24] 3734 	mov	psw,#0x00
                                   3735 ;	..\COMMON\easyax5043.c:633: switch (axradio_trxstate) {
      0007AB E5*01            [12] 3736 	mov	a,_axradio_trxstate
      0007AD FF               [12] 3737 	mov	r7,a
      0007AE 24 EF            [12] 3738 	add	a,#0xff - 0x10
      0007B0 50 03            [24] 3739 	jnc	00349$
      0007B2 02r07rE8         [24] 3740 	ljmp	00102$
      0007B5                       3741 00349$:
      0007B5 EF               [12] 3742 	mov	a,r7
      0007B6 F5 F0            [12] 3743 	mov	b,a
      0007B8 24 0B            [12] 3744 	add	a,#(00350$-3-.)
      0007BA 83               [24] 3745 	movc	a,@a+pc
      0007BB F5 82            [12] 3746 	mov	dpl,a
      0007BD E5 F0            [12] 3747 	mov	a,b
      0007BF 24 15            [12] 3748 	add	a,#(00351$-3-.)
      0007C1 83               [24] 3749 	movc	a,@a+pc
      0007C2 F5 83            [12] 3750 	mov	dph,a
      0007C4 E4               [12] 3751 	clr	a
      0007C5 73               [24] 3752 	jmp	@a+dptr
      0007C6                       3753 00350$:
      0007C6rE8                    3754 	.db	00101$
      0007C7r9F                    3755 	.db	00258$
      0007C8r4B                    3756 	.db	00227$
      0007C9rF4                    3757 	.db	00108$
      0007CArE8                    3758 	.db	00101$
      0007CBrFF                    3759 	.db	00112$
      0007CCrE8                    3760 	.db	00101$
      0007CDr0A                    3761 	.db	00116$
      0007CErE8                    3762 	.db	00101$
      0007CFr15                    3763 	.db	00120$
      0007D0rA8                    3764 	.db	00153$
      0007D1rA8                    3765 	.db	00154$
      0007D2rA8                    3766 	.db	00155$
      0007D3rAE                    3767 	.db	00156$
      0007D4rE2                    3768 	.db	00186$
      0007D5r27                    3769 	.db	00196$
      0007D6r4F                    3770 	.db	00211$
      0007D7                       3771 00351$:
      0007D7s07                    3772 	.db	00101$>>8
      0007D8s0B                    3773 	.db	00258$>>8
      0007D9s0B                    3774 	.db	00227$>>8
      0007DAs07                    3775 	.db	00108$>>8
      0007DBs07                    3776 	.db	00101$>>8
      0007DCs07                    3777 	.db	00112$>>8
      0007DDs07                    3778 	.db	00101$>>8
      0007DEs08                    3779 	.db	00116$>>8
      0007DFs07                    3780 	.db	00101$>>8
      0007E0s08                    3781 	.db	00120$>>8
      0007E1s08                    3782 	.db	00153$>>8
      0007E2s08                    3783 	.db	00154$>>8
      0007E3s08                    3784 	.db	00155$>>8
      0007E4s08                    3785 	.db	00156$>>8
      0007E5s09                    3786 	.db	00186$>>8
      0007E6s0A                    3787 	.db	00196$>>8
      0007E7s0A                    3788 	.db	00211$>>8
                                   3789 ;	..\COMMON\easyax5043.c:634: default:
      0007E8                       3790 00101$:
                                   3791 ;	..\COMMON\easyax5043.c:635: radio_write8(AX5043_REG_IRQMASK1, 0x00);
      0007E8                       3792 00102$:
      0007E8 90 40 06         [24] 3793 	mov	dptr,#0x4006
      0007EB E4               [12] 3794 	clr	a
      0007EC F0               [24] 3795 	movx	@dptr,a
                                   3796 ;	..\COMMON\easyax5043.c:636: radio_write8(AX5043_REG_IRQMASK0, 0x00);
      0007ED 90 40 07         [24] 3797 	mov	dptr,#0x4007
      0007F0 F0               [24] 3798 	movx	@dptr,a
                                   3799 ;	..\COMMON\easyax5043.c:637: break;
      0007F1 02r0BrA2         [24] 3800 	ljmp	00260$
                                   3801 ;	..\COMMON\easyax5043.c:639: case trxstate_wait_xtal:
      0007F4                       3802 00108$:
                                   3803 ;	..\COMMON\easyax5043.c:640: radio_write8(AX5043_REG_IRQMASK1, 0x00); // otherwise crystal ready will fire all over again
      0007F4 90 40 06         [24] 3804 	mov	dptr,#0x4006
      0007F7 E4               [12] 3805 	clr	a
      0007F8 F0               [24] 3806 	movx	@dptr,a
                                   3807 ;	..\COMMON\easyax5043.c:641: axradio_trxstate = trxstate_xtal_ready;
      0007F9 75*01 04         [24] 3808 	mov	_axradio_trxstate,#0x04
                                   3809 ;	..\COMMON\easyax5043.c:642: break;
      0007FC 02r0BrA2         [24] 3810 	ljmp	00260$
                                   3811 ;	..\COMMON\easyax5043.c:644: case trxstate_pll_ranging:
      0007FF                       3812 00112$:
                                   3813 ;	..\COMMON\easyax5043.c:645: radio_write8(AX5043_REG_IRQMASK1, 0x00); // otherwise autoranging done will fire all over again
      0007FF 90 40 06         [24] 3814 	mov	dptr,#0x4006
      000802 E4               [12] 3815 	clr	a
      000803 F0               [24] 3816 	movx	@dptr,a
                                   3817 ;	..\COMMON\easyax5043.c:646: axradio_trxstate = trxstate_pll_ranging_done;
      000804 75*01 06         [24] 3818 	mov	_axradio_trxstate,#0x06
                                   3819 ;	..\COMMON\easyax5043.c:647: break;
      000807 02r0BrA2         [24] 3820 	ljmp	00260$
                                   3821 ;	..\COMMON\easyax5043.c:649: case trxstate_pll_settling:
      00080A                       3822 00116$:
                                   3823 ;	..\COMMON\easyax5043.c:650: radio_write8(AX5043_REG_RADIOEVENTMASK0, 0x00);
      00080A 90 40 09         [24] 3824 	mov	dptr,#0x4009
      00080D E4               [12] 3825 	clr	a
      00080E F0               [24] 3826 	movx	@dptr,a
                                   3827 ;	..\COMMON\easyax5043.c:651: axradio_trxstate = trxstate_pll_settled;
      00080F 75*01 08         [24] 3828 	mov	_axradio_trxstate,#0x08
                                   3829 ;	..\COMMON\easyax5043.c:652: break;
      000812 02r0BrA2         [24] 3830 	ljmp	00260$
                                   3831 ;	..\COMMON\easyax5043.c:654: case trxstate_tx_xtalwait:
      000815                       3832 00120$:
                                   3833 ;	..\COMMON\easyax5043.c:655: radio_read8(AX5043_REG_RADIOEVENTREQ0); // make sure REVRDONE bit is cleared, so it is a reliable indicator that the packet is out
      000815 90 40 0F         [24] 3834 	mov	dptr,#0x400f
      000818 E0               [24] 3835 	movx	a,@dptr
                                   3836 ;	..\COMMON\easyax5043.c:656: radio_write8(AX5043_REG_FIFOSTAT, 3); // clear FIFO data & flags (prevent transmitting anything left over in the FIFO, this has no effect if the FIFO is not powerered, in this case it is reset any way)
      000819 90 40 28         [24] 3837 	mov	dptr,#0x4028
      00081C 74 03            [12] 3838 	mov	a,#0x03
      00081E F0               [24] 3839 	movx	@dptr,a
                                   3840 ;	..\COMMON\easyax5043.c:657: radio_write8(AX5043_REG_IRQMASK1, 0x00);
      00081F 90 40 06         [24] 3841 	mov	dptr,#0x4006
      000822 E4               [12] 3842 	clr	a
      000823 F0               [24] 3843 	movx	@dptr,a
                                   3844 ;	..\COMMON\easyax5043.c:658: radio_write8(AX5043_REG_IRQMASK0, 0x08); // enable fifo free threshold
      000824 90 40 07         [24] 3845 	mov	dptr,#0x4007
      000827 74 08            [12] 3846 	mov	a,#0x08
      000829 F0               [24] 3847 	movx	@dptr,a
                                   3848 ;	..\COMMON\easyax5043.c:659: axradio_trxstate = trxstate_tx_longpreamble;
      00082A 75*01 0A         [24] 3849 	mov	_axradio_trxstate,#0x0a
                                   3850 ;	..\COMMON\easyax5043.c:661: if ((radio_read8(AX5043_REG_MODULATION) & 0x0F) == 9) { // 4-FSK
      00082D 90 40 10         [24] 3851 	mov	dptr,#0x4010
      000830 E0               [24] 3852 	movx	a,@dptr
      000831 FF               [12] 3853 	mov	r7,a
      000832 53 07 0F         [24] 3854 	anl	ar7,#0x0f
      000835 BF 09 11         [24] 3855 	cjne	r7,#0x09,00143$
                                   3856 ;	..\COMMON\easyax5043.c:662: radio_write8(AX5043_REG_FIFODATA, (AX5043_FIFOCMD_DATA | (7 << 5)));
                                   3857 ;	..\COMMON\easyax5043.c:663: radio_write8(AX5043_REG_FIFODATA, 2);  // length (including flags)
                                   3858 ;	..\COMMON\easyax5043.c:664: radio_write8(AX5043_REG_FIFODATA, 0x01);  // flag PKTSTART -> dibit sync
      000838 90 40 29         [24] 3859 	mov	dptr,#0x4029
      00083B 74 E1            [12] 3860 	mov	a,#0xe1
      00083D F0               [24] 3861 	movx	@dptr,a
      00083E 74 02            [12] 3862 	mov	a,#0x02
      000840 F0               [24] 3863 	movx	@dptr,a
      000841 14               [12] 3864 	dec	a
      000842 F0               [24] 3865 	movx	@dptr,a
                                   3866 ;	..\COMMON\easyax5043.c:665: radio_write8(AX5043_REG_FIFODATA, 0x11); // dummy byte for forcing dibit sync
      000843 90 40 29         [24] 3867 	mov	dptr,#0x4029
      000846 74 11            [12] 3868 	mov	a,#0x11
      000848 F0               [24] 3869 	movx	@dptr,a
      000849                       3870 00143$:
                                   3871 ;	..\COMMON\easyax5043.c:672: transmit_isr();
      000849 12r04r52         [24] 3872 	lcall	_transmit_isr
                                   3873 ;	..\COMMON\easyax5043.c:673: radio_write8(AX5043_REG_PWRMODE, AX5043_PWRSTATE_FULL_TX);
      00084C 90 40 02         [24] 3874 	mov	dptr,#0x4002
      00084F 74 0D            [12] 3875 	mov	a,#0x0d
      000851 F0               [24] 3876 	movx	@dptr,a
                                   3877 ;	..\COMMON\easyax5043.c:674: update_timeanchor();
      000852 12r00r00         [24] 3878 	lcall	_update_timeanchor
                                   3879 ;	..\COMMON\easyax5043.c:675: wtimer_remove_callback(&axradio_cb_transmitstart.cb);
      000855 90r02r6C         [24] 3880 	mov	dptr,#_axradio_cb_transmitstart
      000858 12r00r00         [24] 3881 	lcall	_wtimer_remove_callback
                                   3882 ;	..\COMMON\easyax5043.c:676: switch (axradio_mode) {
      00085B AF*00            [24] 3883 	mov	r7,_axradio_mode
      00085D BF 12 02         [24] 3884 	cjne	r7,#0x12,00354$
      000860 80 03            [24] 3885 	sjmp	00148$
      000862                       3886 00354$:
      000862 BF 13 19         [24] 3887 	cjne	r7,#0x13,00151$
                                   3888 ;	..\COMMON\easyax5043.c:678: case AXRADIO_MODE_WOR_ACK_TRANSMIT:
      000865                       3889 00148$:
                                   3890 ;	..\COMMON\easyax5043.c:679: if (axradio_ack_count != axradio_framing_ack_retransmissions) {
      000865 90r00r0A         [24] 3891 	mov	dptr,#_axradio_ack_count
      000868 E0               [24] 3892 	movx	a,@dptr
      000869 FF               [12] 3893 	mov	r7,a
      00086A 90r00r00         [24] 3894 	mov	dptr,#_axradio_framing_ack_retransmissions
      00086D E4               [12] 3895 	clr	a
      00086E 93               [24] 3896 	movc	a,@a+dptr
      00086F FE               [12] 3897 	mov	r6,a
      000870 EF               [12] 3898 	mov	a,r7
      000871 B5 06 02         [24] 3899 	cjne	a,ar6,00357$
      000874 80 08            [24] 3900 	sjmp	00151$
      000876                       3901 00357$:
                                   3902 ;	..\COMMON\easyax5043.c:680: axradio_cb_transmitstart.st.error = AXRADIO_ERR_RETRANSMISSION;
      000876 90r02r71         [24] 3903 	mov	dptr,#(_axradio_cb_transmitstart + 0x0005)
      000879 74 08            [12] 3904 	mov	a,#0x08
      00087B F0               [24] 3905 	movx	@dptr,a
                                   3906 ;	..\COMMON\easyax5043.c:681: break;
                                   3907 ;	..\COMMON\easyax5043.c:684: default:
      00087C 80 05            [24] 3908 	sjmp	00152$
      00087E                       3909 00151$:
                                   3910 ;	..\COMMON\easyax5043.c:685: axradio_cb_transmitstart.st.error = AXRADIO_ERR_NOERROR;
      00087E 90r02r71         [24] 3911 	mov	dptr,#(_axradio_cb_transmitstart + 0x0005)
      000881 E4               [12] 3912 	clr	a
      000882 F0               [24] 3913 	movx	@dptr,a
                                   3914 ;	..\COMMON\easyax5043.c:687: }
      000883                       3915 00152$:
                                   3916 ;	..\COMMON\easyax5043.c:688: axradio_cb_transmitstart.st.time.t = axradio_timeanchor.radiotimer;
      000883 90r00r16         [24] 3917 	mov	dptr,#(_axradio_timeanchor + 0x0004)
      000886 E0               [24] 3918 	movx	a,@dptr
      000887 FC               [12] 3919 	mov	r4,a
      000888 A3               [24] 3920 	inc	dptr
      000889 E0               [24] 3921 	movx	a,@dptr
      00088A FD               [12] 3922 	mov	r5,a
      00088B A3               [24] 3923 	inc	dptr
      00088C E0               [24] 3924 	movx	a,@dptr
      00088D FE               [12] 3925 	mov	r6,a
      00088E A3               [24] 3926 	inc	dptr
      00088F E0               [24] 3927 	movx	a,@dptr
      000890 FF               [12] 3928 	mov	r7,a
      000891 90r02r72         [24] 3929 	mov	dptr,#(_axradio_cb_transmitstart + 0x0006)
      000894 EC               [12] 3930 	mov	a,r4
      000895 F0               [24] 3931 	movx	@dptr,a
      000896 ED               [12] 3932 	mov	a,r5
      000897 A3               [24] 3933 	inc	dptr
      000898 F0               [24] 3934 	movx	@dptr,a
      000899 EE               [12] 3935 	mov	a,r6
      00089A A3               [24] 3936 	inc	dptr
      00089B F0               [24] 3937 	movx	@dptr,a
      00089C EF               [12] 3938 	mov	a,r7
      00089D A3               [24] 3939 	inc	dptr
      00089E F0               [24] 3940 	movx	@dptr,a
                                   3941 ;	..\COMMON\easyax5043.c:689: wtimer_add_callback(&axradio_cb_transmitstart.cb);
      00089F 90r02r6C         [24] 3942 	mov	dptr,#_axradio_cb_transmitstart
      0008A2 12r00r00         [24] 3943 	lcall	_wtimer_add_callback
                                   3944 ;	..\COMMON\easyax5043.c:690: break;
      0008A5 02r0BrA2         [24] 3945 	ljmp	00260$
                                   3946 ;	..\COMMON\easyax5043.c:692: case trxstate_tx_longpreamble:
      0008A8                       3947 00153$:
                                   3948 ;	..\COMMON\easyax5043.c:693: case trxstate_tx_shortpreamble:
      0008A8                       3949 00154$:
                                   3950 ;	..\COMMON\easyax5043.c:694: case trxstate_tx_packet:
      0008A8                       3951 00155$:
                                   3952 ;	..\COMMON\easyax5043.c:695: transmit_isr();
      0008A8 12r04r52         [24] 3953 	lcall	_transmit_isr
                                   3954 ;	..\COMMON\easyax5043.c:696: break;
      0008AB 02r0BrA2         [24] 3955 	ljmp	00260$
                                   3956 ;	..\COMMON\easyax5043.c:698: case trxstate_tx_waitdone:
      0008AE                       3957 00156$:
                                   3958 ;	..\COMMON\easyax5043.c:699: radio_read8(AX5043_REG_RADIOEVENTREQ0);
      0008AE 90 40 0F         [24] 3959 	mov	dptr,#0x400f
      0008B1 E0               [24] 3960 	movx	a,@dptr
                                   3961 ;	..\COMMON\easyax5043.c:700: radioStateTemp = radio_read8(AX5043_REG_RADIOSTATE);
      0008B2 90 40 1C         [24] 3962 	mov	dptr,#0x401c
      0008B5 E0               [24] 3963 	movx	a,@dptr
      0008B6 60 03            [24] 3964 	jz	00358$
      0008B8 02r0BrA2         [24] 3965 	ljmp	00260$
      0008BB                       3966 00358$:
                                   3967 ;	..\COMMON\easyax5043.c:701: if (radioStateTemp != 0)
                                   3968 ;	..\COMMON\easyax5043.c:703: radio_write8(AX5043_REG_RADIOEVENTMASK0, 0x00);
      0008BB 90 40 09         [24] 3969 	mov	dptr,#0x4009
      0008BE E4               [12] 3970 	clr	a
      0008BF F0               [24] 3971 	movx	@dptr,a
                                   3972 ;	..\COMMON\easyax5043.c:704: switch (axradio_mode) {
      0008C0 AF*00            [24] 3973 	mov	r7,_axradio_mode
      0008C2 BF 12 02         [24] 3974 	cjne	r7,#0x12,00359$
      0008C5 80 6A            [24] 3975 	sjmp	00173$
      0008C7                       3976 00359$:
      0008C7 BF 13 02         [24] 3977 	cjne	r7,#0x13,00360$
      0008CA 80 65            [24] 3978 	sjmp	00173$
      0008CC                       3979 00360$:
      0008CC BF 20 02         [24] 3980 	cjne	r7,#0x20,00361$
      0008CF 80 1D            [24] 3981 	sjmp	00162$
      0008D1                       3982 00361$:
      0008D1 BF 21 02         [24] 3983 	cjne	r7,#0x21,00362$
      0008D4 80 36            [24] 3984 	sjmp	00167$
      0008D6                       3985 00362$:
      0008D6 BF 22 02         [24] 3986 	cjne	r7,#0x22,00363$
      0008D9 80 1C            [24] 3987 	sjmp	00163$
      0008DB                       3988 00363$:
      0008DB BF 23 02         [24] 3989 	cjne	r7,#0x23,00364$
      0008DE 80 3C            [24] 3990 	sjmp	00170$
      0008E0                       3991 00364$:
      0008E0 BF 30 03         [24] 3992 	cjne	r7,#0x30,00365$
      0008E3 02r09r65         [24] 3993 	ljmp	00174$
      0008E6                       3994 00365$:
      0008E6 BF 31 02         [24] 3995 	cjne	r7,#0x31,00366$
      0008E9 80 39            [24] 3996 	sjmp	00171$
      0008EB                       3997 00366$:
      0008EB 02r09r72         [24] 3998 	ljmp	00175$
                                   3999 ;	..\COMMON\easyax5043.c:705: case AXRADIO_MODE_ASYNC_RECEIVE:
      0008EE                       4000 00162$:
                                   4001 ;	..\COMMON\easyax5043.c:706: ax5043_init_registers_rx();
      0008EE 12r00rE9         [24] 4002 	lcall	_ax5043_init_registers_rx
                                   4003 ;	..\COMMON\easyax5043.c:707: ax5043_receiver_on_continuous();
      0008F1 12r0BrBF         [24] 4004 	lcall	_ax5043_receiver_on_continuous
                                   4005 ;	..\COMMON\easyax5043.c:708: break;
      0008F4 02r09r75         [24] 4006 	ljmp	00176$
                                   4007 ;	..\COMMON\easyax5043.c:710: case AXRADIO_MODE_ACK_RECEIVE:
      0008F7                       4008 00163$:
                                   4009 ;	..\COMMON\easyax5043.c:711: if (axradio_cb_receive.st.error == AXRADIO_ERR_PACKETDONE) {
      0008F7 90r02r36         [24] 4010 	mov	dptr,#(_axradio_cb_receive + 0x0005)
      0008FA E0               [24] 4011 	movx	a,@dptr
      0008FB FF               [12] 4012 	mov	r7,a
      0008FC BF F0 08         [24] 4013 	cjne	r7,#0xf0,00166$
                                   4014 ;	..\COMMON\easyax5043.c:712: ax5043_init_registers_rx();
      0008FF 12r00rE9         [24] 4015 	lcall	_ax5043_init_registers_rx
                                   4016 ;	..\COMMON\easyax5043.c:713: ax5043_receiver_on_continuous();
      000902 12r0BrBF         [24] 4017 	lcall	_ax5043_receiver_on_continuous
                                   4018 ;	..\COMMON\easyax5043.c:714: break;
                                   4019 ;	..\COMMON\easyax5043.c:716: offxtal:
      000905 80 6E            [24] 4020 	sjmp	00176$
      000907                       4021 00166$:
                                   4022 ;	..\COMMON\easyax5043.c:717: ax5043_off_xtal();
      000907 12r0Dr17         [24] 4023 	lcall	_ax5043_off_xtal
                                   4024 ;	..\COMMON\easyax5043.c:718: break;
                                   4025 ;	..\COMMON\easyax5043.c:720: case AXRADIO_MODE_WOR_RECEIVE:
      00090A 80 69            [24] 4026 	sjmp	00176$
      00090C                       4027 00167$:
                                   4028 ;	..\COMMON\easyax5043.c:721: if (axradio_cb_receive.st.error == AXRADIO_ERR_PACKETDONE) {
      00090C 90r02r36         [24] 4029 	mov	dptr,#(_axradio_cb_receive + 0x0005)
      00090F E0               [24] 4030 	movx	a,@dptr
      000910 FF               [12] 4031 	mov	r7,a
      000911 BF F0 F3         [24] 4032 	cjne	r7,#0xf0,00166$
                                   4033 ;	..\COMMON\easyax5043.c:722: ax5043_init_registers_rx();
      000914 12r00rE9         [24] 4034 	lcall	_ax5043_init_registers_rx
                                   4035 ;	..\COMMON\easyax5043.c:723: ax5043_receiver_on_wor();
      000917 12r0Cr26         [24] 4036 	lcall	_ax5043_receiver_on_wor
                                   4037 ;	..\COMMON\easyax5043.c:724: break;
                                   4038 ;	..\COMMON\easyax5043.c:728: case AXRADIO_MODE_WOR_ACK_RECEIVE:
      00091A 80 59            [24] 4039 	sjmp	00176$
      00091C                       4040 00170$:
                                   4041 ;	..\COMMON\easyax5043.c:729: ax5043_init_registers_rx();
      00091C 12r00rE9         [24] 4042 	lcall	_ax5043_init_registers_rx
                                   4043 ;	..\COMMON\easyax5043.c:730: ax5043_receiver_on_wor();
      00091F 12r0Cr26         [24] 4044 	lcall	_ax5043_receiver_on_wor
                                   4045 ;	..\COMMON\easyax5043.c:731: break;
                                   4046 ;	..\COMMON\easyax5043.c:733: case AXRADIO_MODE_SYNC_ACK_MASTER:
      000922 80 51            [24] 4047 	sjmp	00176$
      000924                       4048 00171$:
                                   4049 ;	..\COMMON\easyax5043.c:734: axradio_txbuffer_len = axradio_framing_minpayloadlen;
      000924 90r00r00         [24] 4050 	mov	dptr,#_axradio_framing_minpayloadlen
      000927 E4               [12] 4051 	clr	a
      000928 93               [24] 4052 	movc	a,@a+dptr
      000929 FF               [12] 4053 	mov	r7,a
      00092A 90r00r01         [24] 4054 	mov	dptr,#_axradio_txbuffer_len
      00092D F0               [24] 4055 	movx	@dptr,a
      00092E E4               [12] 4056 	clr	a
      00092F A3               [24] 4057 	inc	dptr
      000930 F0               [24] 4058 	movx	@dptr,a
                                   4059 ;	..\COMMON\easyax5043.c:738: case AXRADIO_MODE_WOR_ACK_TRANSMIT:
      000931                       4060 00173$:
                                   4061 ;	..\COMMON\easyax5043.c:739: ax5043_init_registers_rx();
      000931 12r00rE9         [24] 4062 	lcall	_ax5043_init_registers_rx
                                   4063 ;	..\COMMON\easyax5043.c:740: ax5043_receiver_on_continuous();
      000934 12r0BrBF         [24] 4064 	lcall	_ax5043_receiver_on_continuous
                                   4065 ;	..\COMMON\easyax5043.c:741: wtimer_remove(&axradio_timer);
      000937 90r02r8A         [24] 4066 	mov	dptr,#_axradio_timer
      00093A 12r00r00         [24] 4067 	lcall	_wtimer_remove
                                   4068 ;	..\COMMON\easyax5043.c:742: axradio_timer.time = axradio_framing_ack_timeout;
      00093D 90r00r00         [24] 4069 	mov	dptr,#_axradio_framing_ack_timeout
      000940 E4               [12] 4070 	clr	a
      000941 93               [24] 4071 	movc	a,@a+dptr
      000942 FC               [12] 4072 	mov	r4,a
      000943 74 01            [12] 4073 	mov	a,#0x01
      000945 93               [24] 4074 	movc	a,@a+dptr
      000946 FD               [12] 4075 	mov	r5,a
      000947 74 02            [12] 4076 	mov	a,#0x02
      000949 93               [24] 4077 	movc	a,@a+dptr
      00094A FE               [12] 4078 	mov	r6,a
      00094B 74 03            [12] 4079 	mov	a,#0x03
      00094D 93               [24] 4080 	movc	a,@a+dptr
      00094E FF               [12] 4081 	mov	r7,a
      00094F 90r02r8E         [24] 4082 	mov	dptr,#(_axradio_timer + 0x0004)
      000952 EC               [12] 4083 	mov	a,r4
      000953 F0               [24] 4084 	movx	@dptr,a
      000954 ED               [12] 4085 	mov	a,r5
      000955 A3               [24] 4086 	inc	dptr
      000956 F0               [24] 4087 	movx	@dptr,a
      000957 EE               [12] 4088 	mov	a,r6
      000958 A3               [24] 4089 	inc	dptr
      000959 F0               [24] 4090 	movx	@dptr,a
      00095A EF               [12] 4091 	mov	a,r7
      00095B A3               [24] 4092 	inc	dptr
      00095C F0               [24] 4093 	movx	@dptr,a
                                   4094 ;	..\COMMON\easyax5043.c:743: wtimer0_addrelative(&axradio_timer);
      00095D 90r02r8A         [24] 4095 	mov	dptr,#_axradio_timer
      000960 12r00r00         [24] 4096 	lcall	_wtimer0_addrelative
                                   4097 ;	..\COMMON\easyax5043.c:744: break;
                                   4098 ;	..\COMMON\easyax5043.c:746: case AXRADIO_MODE_SYNC_MASTER:
      000963 80 10            [24] 4099 	sjmp	00176$
      000965                       4100 00174$:
                                   4101 ;	..\COMMON\easyax5043.c:747: axradio_txbuffer_len = axradio_framing_minpayloadlen;
      000965 90r00r00         [24] 4102 	mov	dptr,#_axradio_framing_minpayloadlen
      000968 E4               [12] 4103 	clr	a
      000969 93               [24] 4104 	movc	a,@a+dptr
      00096A FF               [12] 4105 	mov	r7,a
      00096B 90r00r01         [24] 4106 	mov	dptr,#_axradio_txbuffer_len
      00096E F0               [24] 4107 	movx	@dptr,a
      00096F E4               [12] 4108 	clr	a
      000970 A3               [24] 4109 	inc	dptr
      000971 F0               [24] 4110 	movx	@dptr,a
                                   4111 ;	..\COMMON\easyax5043.c:750: default:
      000972                       4112 00175$:
                                   4113 ;	..\COMMON\easyax5043.c:751: ax5043_off();
      000972 12r0Dr0E         [24] 4114 	lcall	_ax5043_off
                                   4115 ;	..\COMMON\easyax5043.c:753: }
      000975                       4116 00176$:
                                   4117 ;	..\COMMON\easyax5043.c:754: if (axradio_mode != AXRADIO_MODE_SYNC_MASTER &&
      000975 74 30            [12] 4118 	mov	a,#0x30
      000977 B5*00 02         [24] 4119 	cjne	a,_axradio_mode,00371$
      00097A 80 1A            [24] 4120 	sjmp	00178$
      00097C                       4121 00371$:
                                   4122 ;	..\COMMON\easyax5043.c:755: axradio_mode != AXRADIO_MODE_SYNC_ACK_MASTER &&
      00097C 74 31            [12] 4123 	mov	a,#0x31
      00097E B5*00 02         [24] 4124 	cjne	a,_axradio_mode,00372$
      000981 80 13            [24] 4125 	sjmp	00178$
      000983                       4126 00372$:
                                   4127 ;	..\COMMON\easyax5043.c:756: axradio_mode != AXRADIO_MODE_SYNC_SLAVE &&
      000983 74 32            [12] 4128 	mov	a,#0x32
      000985 B5*00 02         [24] 4129 	cjne	a,_axradio_mode,00373$
      000988 80 0C            [24] 4130 	sjmp	00178$
      00098A                       4131 00373$:
                                   4132 ;	..\COMMON\easyax5043.c:757: axradio_mode != AXRADIO_MODE_SYNC_ACK_SLAVE)
      00098A 74 33            [12] 4133 	mov	a,#0x33
      00098C B5*00 02         [24] 4134 	cjne	a,_axradio_mode,00374$
      00098F 80 05            [24] 4135 	sjmp	00178$
      000991                       4136 00374$:
                                   4137 ;	..\COMMON\easyax5043.c:758: axradio_syncstate = syncstate_off;
      000991 90r00r00         [24] 4138 	mov	dptr,#_axradio_syncstate
      000994 E4               [12] 4139 	clr	a
      000995 F0               [24] 4140 	movx	@dptr,a
      000996                       4141 00178$:
                                   4142 ;	..\COMMON\easyax5043.c:759: update_timeanchor();
      000996 12r00r00         [24] 4143 	lcall	_update_timeanchor
                                   4144 ;	..\COMMON\easyax5043.c:760: wtimer_remove_callback(&axradio_cb_transmitend.cb);
      000999 90r02r76         [24] 4145 	mov	dptr,#_axradio_cb_transmitend
      00099C 12r00r00         [24] 4146 	lcall	_wtimer_remove_callback
                                   4147 ;	..\COMMON\easyax5043.c:761: axradio_cb_transmitend.st.error = AXRADIO_ERR_NOERROR;
      00099F 90r02r7B         [24] 4148 	mov	dptr,#(_axradio_cb_transmitend + 0x0005)
      0009A2 E4               [12] 4149 	clr	a
      0009A3 F0               [24] 4150 	movx	@dptr,a
                                   4151 ;	..\COMMON\easyax5043.c:762: if (axradio_mode == AXRADIO_MODE_ACK_TRANSMIT ||
      0009A4 74 12            [12] 4152 	mov	a,#0x12
      0009A6 B5*00 02         [24] 4153 	cjne	a,_axradio_mode,00375$
      0009A9 80 0C            [24] 4154 	sjmp	00182$
      0009AB                       4155 00375$:
                                   4156 ;	..\COMMON\easyax5043.c:763: axradio_mode == AXRADIO_MODE_WOR_ACK_TRANSMIT ||
      0009AB 74 13            [12] 4157 	mov	a,#0x13
      0009AD B5*00 02         [24] 4158 	cjne	a,_axradio_mode,00376$
      0009B0 80 05            [24] 4159 	sjmp	00182$
      0009B2                       4160 00376$:
                                   4161 ;	..\COMMON\easyax5043.c:764: axradio_mode == AXRADIO_MODE_SYNC_ACK_MASTER)
      0009B2 74 31            [12] 4162 	mov	a,#0x31
      0009B4 B5*00 06         [24] 4163 	cjne	a,_axradio_mode,00183$
      0009B7                       4164 00182$:
                                   4165 ;	..\COMMON\easyax5043.c:765: axradio_cb_transmitend.st.error = AXRADIO_ERR_BUSY;
      0009B7 90r02r7B         [24] 4166 	mov	dptr,#(_axradio_cb_transmitend + 0x0005)
      0009BA 74 02            [12] 4167 	mov	a,#0x02
      0009BC F0               [24] 4168 	movx	@dptr,a
      0009BD                       4169 00183$:
                                   4170 ;	..\COMMON\easyax5043.c:766: axradio_cb_transmitend.st.time.t = axradio_timeanchor.radiotimer;
      0009BD 90r00r16         [24] 4171 	mov	dptr,#(_axradio_timeanchor + 0x0004)
      0009C0 E0               [24] 4172 	movx	a,@dptr
      0009C1 FC               [12] 4173 	mov	r4,a
      0009C2 A3               [24] 4174 	inc	dptr
      0009C3 E0               [24] 4175 	movx	a,@dptr
      0009C4 FD               [12] 4176 	mov	r5,a
      0009C5 A3               [24] 4177 	inc	dptr
      0009C6 E0               [24] 4178 	movx	a,@dptr
      0009C7 FE               [12] 4179 	mov	r6,a
      0009C8 A3               [24] 4180 	inc	dptr
      0009C9 E0               [24] 4181 	movx	a,@dptr
      0009CA FF               [12] 4182 	mov	r7,a
      0009CB 90r02r7C         [24] 4183 	mov	dptr,#(_axradio_cb_transmitend + 0x0006)
      0009CE EC               [12] 4184 	mov	a,r4
      0009CF F0               [24] 4185 	movx	@dptr,a
      0009D0 ED               [12] 4186 	mov	a,r5
      0009D1 A3               [24] 4187 	inc	dptr
      0009D2 F0               [24] 4188 	movx	@dptr,a
      0009D3 EE               [12] 4189 	mov	a,r6
      0009D4 A3               [24] 4190 	inc	dptr
      0009D5 F0               [24] 4191 	movx	@dptr,a
      0009D6 EF               [12] 4192 	mov	a,r7
      0009D7 A3               [24] 4193 	inc	dptr
      0009D8 F0               [24] 4194 	movx	@dptr,a
                                   4195 ;	..\COMMON\easyax5043.c:767: wtimer_add_callback(&axradio_cb_transmitend.cb);
      0009D9 90r02r76         [24] 4196 	mov	dptr,#_axradio_cb_transmitend
      0009DC 12r00r00         [24] 4197 	lcall	_wtimer_add_callback
                                   4198 ;	..\COMMON\easyax5043.c:768: break;
      0009DF 02r0BrA2         [24] 4199 	ljmp	00260$
                                   4200 ;	..\COMMON\easyax5043.c:771: case trxstate_txcw_xtalwait:
      0009E2                       4201 00186$:
                                   4202 ;	..\COMMON\easyax5043.c:772: radio_write8(AX5043_REG_IRQMASK1, 0x00);
      0009E2 90 40 06         [24] 4203 	mov	dptr,#0x4006
      0009E5 E4               [12] 4204 	clr	a
      0009E6 F0               [24] 4205 	movx	@dptr,a
                                   4206 ;	..\COMMON\easyax5043.c:773: radio_write8(AX5043_REG_IRQMASK0, 0x00);
      0009E7 90 40 07         [24] 4207 	mov	dptr,#0x4007
      0009EA F0               [24] 4208 	movx	@dptr,a
                                   4209 ;	..\COMMON\easyax5043.c:774: radio_write8(AX5043_REG_PWRMODE, AX5043_PWRSTATE_FULL_TX);
      0009EB 90 40 02         [24] 4210 	mov	dptr,#0x4002
      0009EE 74 0D            [12] 4211 	mov	a,#0x0d
      0009F0 F0               [24] 4212 	movx	@dptr,a
                                   4213 ;	..\COMMON\easyax5043.c:775: axradio_trxstate = trxstate_off;
      0009F1 75*01 00         [24] 4214 	mov	_axradio_trxstate,#0x00
                                   4215 ;	..\COMMON\easyax5043.c:776: update_timeanchor();
      0009F4 12r00r00         [24] 4216 	lcall	_update_timeanchor
                                   4217 ;	..\COMMON\easyax5043.c:777: wtimer_remove_callback(&axradio_cb_transmitstart.cb);
      0009F7 90r02r6C         [24] 4218 	mov	dptr,#_axradio_cb_transmitstart
      0009FA 12r00r00         [24] 4219 	lcall	_wtimer_remove_callback
                                   4220 ;	..\COMMON\easyax5043.c:778: axradio_cb_transmitstart.st.error = AXRADIO_ERR_NOERROR;
      0009FD 90r02r71         [24] 4221 	mov	dptr,#(_axradio_cb_transmitstart + 0x0005)
      000A00 E4               [12] 4222 	clr	a
      000A01 F0               [24] 4223 	movx	@dptr,a
                                   4224 ;	..\COMMON\easyax5043.c:779: axradio_cb_transmitstart.st.time.t = axradio_timeanchor.radiotimer;
      000A02 90r00r16         [24] 4225 	mov	dptr,#(_axradio_timeanchor + 0x0004)
      000A05 E0               [24] 4226 	movx	a,@dptr
      000A06 FC               [12] 4227 	mov	r4,a
      000A07 A3               [24] 4228 	inc	dptr
      000A08 E0               [24] 4229 	movx	a,@dptr
      000A09 FD               [12] 4230 	mov	r5,a
      000A0A A3               [24] 4231 	inc	dptr
      000A0B E0               [24] 4232 	movx	a,@dptr
      000A0C FE               [12] 4233 	mov	r6,a
      000A0D A3               [24] 4234 	inc	dptr
      000A0E E0               [24] 4235 	movx	a,@dptr
      000A0F FF               [12] 4236 	mov	r7,a
      000A10 90r02r72         [24] 4237 	mov	dptr,#(_axradio_cb_transmitstart + 0x0006)
      000A13 EC               [12] 4238 	mov	a,r4
      000A14 F0               [24] 4239 	movx	@dptr,a
      000A15 ED               [12] 4240 	mov	a,r5
      000A16 A3               [24] 4241 	inc	dptr
      000A17 F0               [24] 4242 	movx	@dptr,a
      000A18 EE               [12] 4243 	mov	a,r6
      000A19 A3               [24] 4244 	inc	dptr
      000A1A F0               [24] 4245 	movx	@dptr,a
      000A1B EF               [12] 4246 	mov	a,r7
      000A1C A3               [24] 4247 	inc	dptr
      000A1D F0               [24] 4248 	movx	@dptr,a
                                   4249 ;	..\COMMON\easyax5043.c:780: wtimer_add_callback(&axradio_cb_transmitstart.cb);
      000A1E 90r02r6C         [24] 4250 	mov	dptr,#_axradio_cb_transmitstart
      000A21 12r00r00         [24] 4251 	lcall	_wtimer_add_callback
                                   4252 ;	..\COMMON\easyax5043.c:781: break;
      000A24 02r0BrA2         [24] 4253 	ljmp	00260$
                                   4254 ;	..\COMMON\easyax5043.c:783: case trxstate_txstream_xtalwait:
      000A27                       4255 00196$:
                                   4256 ;	..\COMMON\easyax5043.c:784: if (radio_read8(AX5043_REG_IRQREQUEST1) & 0x01) {
      000A27 90 40 0C         [24] 4257 	mov	dptr,#0x400c
      000A2A E0               [24] 4258 	movx	a,@dptr
      000A2B FF               [12] 4259 	mov	r7,a
      000A2C 20 E0 03         [24] 4260 	jb	acc.0,00379$
      000A2F 02r0Br01         [24] 4261 	ljmp	00221$
      000A32                       4262 00379$:
                                   4263 ;	..\COMMON\easyax5043.c:785: radio_write8(AX5043_REG_RADIOEVENTMASK0, 0x03); // enable PLL settled and done event
      000A32 90 40 09         [24] 4264 	mov	dptr,#0x4009
      000A35 74 03            [12] 4265 	mov	a,#0x03
      000A37 F0               [24] 4266 	movx	@dptr,a
                                   4267 ;	..\COMMON\easyax5043.c:786: radio_write8(AX5043_REG_IRQMASK1, 0x00);
      000A38 90 40 06         [24] 4268 	mov	dptr,#0x4006
      000A3B E4               [12] 4269 	clr	a
      000A3C F0               [24] 4270 	movx	@dptr,a
                                   4271 ;	..\COMMON\easyax5043.c:787: radio_write8(AX5043_REG_IRQMASK0, 0x40); // enable radio controller irq
      000A3D 90 40 07         [24] 4272 	mov	dptr,#0x4007
      000A40 74 40            [12] 4273 	mov	a,#0x40
      000A42 F0               [24] 4274 	movx	@dptr,a
                                   4275 ;	..\COMMON\easyax5043.c:788: radio_write8(AX5043_REG_PWRMODE, AX5043_PWRSTATE_FULL_TX);
      000A43 90 40 02         [24] 4276 	mov	dptr,#0x4002
      000A46 74 0D            [12] 4277 	mov	a,#0x0d
      000A48 F0               [24] 4278 	movx	@dptr,a
                                   4279 ;	..\COMMON\easyax5043.c:789: axradio_trxstate = trxstate_txstream;
      000A49 75*01 10         [24] 4280 	mov	_axradio_trxstate,#0x10
                                   4281 ;	..\COMMON\easyax5043.c:791: goto txstreamdatacb;
      000A4C 02r0Br01         [24] 4282 	ljmp	00221$
                                   4283 ;	..\COMMON\easyax5043.c:793: case trxstate_txstream:
      000A4F                       4284 00211$:
                                   4285 ;	..\COMMON\easyax5043.c:795: uint8_t __autodata evt = radio_read8(AX5043_REG_RADIOEVENTREQ0);
      000A4F 90 40 0F         [24] 4286 	mov	dptr,#0x400f
      000A52 E0               [24] 4287 	movx	a,@dptr
      000A53 FF               [12] 4288 	mov	r7,a
                                   4289 ;	..\COMMON\easyax5043.c:796: radio_write8(AX5043_REG_RADIOEVENTMASK0, 0x00);
      000A54 90 40 09         [24] 4290 	mov	dptr,#0x4009
      000A57 E4               [12] 4291 	clr	a
      000A58 F0               [24] 4292 	movx	@dptr,a
                                   4293 ;	..\COMMON\easyax5043.c:797: if (evt & 0x03)
      000A59 EF               [12] 4294 	mov	a,r7
      000A5A 54 03            [12] 4295 	anl	a,#0x03
      000A5C 60 07            [24] 4296 	jz	00216$
                                   4297 ;	..\COMMON\easyax5043.c:798: update_timeanchor();
      000A5E C0 07            [24] 4298 	push	ar7
      000A60 12r00r00         [24] 4299 	lcall	_update_timeanchor
      000A63 D0 07            [24] 4300 	pop	ar7
      000A65                       4301 00216$:
                                   4302 ;	..\COMMON\easyax5043.c:799: if (evt & 0x01) {
      000A65 EF               [12] 4303 	mov	a,r7
      000A66 30 E0 34         [24] 4304 	jnb	acc.0,00218$
                                   4305 ;	..\COMMON\easyax5043.c:800: update_timeanchor();
      000A69 C0 07            [24] 4306 	push	ar7
      000A6B 12r00r00         [24] 4307 	lcall	_update_timeanchor
                                   4308 ;	..\COMMON\easyax5043.c:801: wtimer_remove_callback(&axradio_cb_transmitend.cb);
      000A6E 90r02r76         [24] 4309 	mov	dptr,#_axradio_cb_transmitend
      000A71 12r00r00         [24] 4310 	lcall	_wtimer_remove_callback
                                   4311 ;	..\COMMON\easyax5043.c:802: axradio_cb_transmitend.st.error = AXRADIO_ERR_NOERROR;
      000A74 90r02r7B         [24] 4312 	mov	dptr,#(_axradio_cb_transmitend + 0x0005)
      000A77 E4               [12] 4313 	clr	a
      000A78 F0               [24] 4314 	movx	@dptr,a
                                   4315 ;	..\COMMON\easyax5043.c:803: axradio_cb_transmitend.st.time.t = axradio_timeanchor.radiotimer;
      000A79 90r00r16         [24] 4316 	mov	dptr,#(_axradio_timeanchor + 0x0004)
      000A7C E0               [24] 4317 	movx	a,@dptr
      000A7D FB               [12] 4318 	mov	r3,a
      000A7E A3               [24] 4319 	inc	dptr
      000A7F E0               [24] 4320 	movx	a,@dptr
      000A80 FC               [12] 4321 	mov	r4,a
      000A81 A3               [24] 4322 	inc	dptr
      000A82 E0               [24] 4323 	movx	a,@dptr
      000A83 FD               [12] 4324 	mov	r5,a
      000A84 A3               [24] 4325 	inc	dptr
      000A85 E0               [24] 4326 	movx	a,@dptr
      000A86 FE               [12] 4327 	mov	r6,a
      000A87 90r02r7C         [24] 4328 	mov	dptr,#(_axradio_cb_transmitend + 0x0006)
      000A8A EB               [12] 4329 	mov	a,r3
      000A8B F0               [24] 4330 	movx	@dptr,a
      000A8C EC               [12] 4331 	mov	a,r4
      000A8D A3               [24] 4332 	inc	dptr
      000A8E F0               [24] 4333 	movx	@dptr,a
      000A8F ED               [12] 4334 	mov	a,r5
      000A90 A3               [24] 4335 	inc	dptr
      000A91 F0               [24] 4336 	movx	@dptr,a
      000A92 EE               [12] 4337 	mov	a,r6
      000A93 A3               [24] 4338 	inc	dptr
      000A94 F0               [24] 4339 	movx	@dptr,a
                                   4340 ;	..\COMMON\easyax5043.c:804: wtimer_add_callback(&axradio_cb_transmitend.cb);
      000A95 90r02r76         [24] 4341 	mov	dptr,#_axradio_cb_transmitend
      000A98 12r00r00         [24] 4342 	lcall	_wtimer_add_callback
      000A9B D0 07            [24] 4343 	pop	ar7
      000A9D                       4344 00218$:
                                   4345 ;	..\COMMON\easyax5043.c:806: if (evt & 0x02) {
      000A9D EF               [12] 4346 	mov	a,r7
      000A9E 30 E1 60         [24] 4347 	jnb	acc.1,00221$
                                   4348 ;	..\COMMON\easyax5043.c:807: update_timeanchor();
      000AA1 12r00r00         [24] 4349 	lcall	_update_timeanchor
                                   4350 ;	..\COMMON\easyax5043.c:808: wtimer_remove_callback(&axradio_cb_transmitstart.cb);
      000AA4 90r02r6C         [24] 4351 	mov	dptr,#_axradio_cb_transmitstart
      000AA7 12r00r00         [24] 4352 	lcall	_wtimer_remove_callback
                                   4353 ;	..\COMMON\easyax5043.c:809: axradio_cb_transmitstart.st.error = AXRADIO_ERR_NOERROR;
      000AAA 90r02r71         [24] 4354 	mov	dptr,#(_axradio_cb_transmitstart + 0x0005)
      000AAD E4               [12] 4355 	clr	a
      000AAE F0               [24] 4356 	movx	@dptr,a
                                   4357 ;	..\COMMON\easyax5043.c:810: axradio_cb_transmitstart.st.time.t = axradio_timeanchor.radiotimer;
      000AAF 90r00r16         [24] 4358 	mov	dptr,#(_axradio_timeanchor + 0x0004)
      000AB2 E0               [24] 4359 	movx	a,@dptr
      000AB3 FC               [12] 4360 	mov	r4,a
      000AB4 A3               [24] 4361 	inc	dptr
      000AB5 E0               [24] 4362 	movx	a,@dptr
      000AB6 FD               [12] 4363 	mov	r5,a
      000AB7 A3               [24] 4364 	inc	dptr
      000AB8 E0               [24] 4365 	movx	a,@dptr
      000AB9 FE               [12] 4366 	mov	r6,a
      000ABA A3               [24] 4367 	inc	dptr
      000ABB E0               [24] 4368 	movx	a,@dptr
      000ABC FF               [12] 4369 	mov	r7,a
      000ABD 90r02r72         [24] 4370 	mov	dptr,#(_axradio_cb_transmitstart + 0x0006)
      000AC0 EC               [12] 4371 	mov	a,r4
      000AC1 F0               [24] 4372 	movx	@dptr,a
      000AC2 ED               [12] 4373 	mov	a,r5
      000AC3 A3               [24] 4374 	inc	dptr
      000AC4 F0               [24] 4375 	movx	@dptr,a
      000AC5 EE               [12] 4376 	mov	a,r6
      000AC6 A3               [24] 4377 	inc	dptr
      000AC7 F0               [24] 4378 	movx	@dptr,a
      000AC8 EF               [12] 4379 	mov	a,r7
      000AC9 A3               [24] 4380 	inc	dptr
      000ACA F0               [24] 4381 	movx	@dptr,a
                                   4382 ;	..\COMMON\easyax5043.c:811: wtimer_add_callback(&axradio_cb_transmitstart.cb);
      000ACB 90r02r6C         [24] 4383 	mov	dptr,#_axradio_cb_transmitstart
      000ACE 12r00r00         [24] 4384 	lcall	_wtimer_add_callback
                                   4385 ;	..\COMMON\easyax5043.c:813: update_timeanchor();
      000AD1 12r00r00         [24] 4386 	lcall	_update_timeanchor
                                   4387 ;	..\COMMON\easyax5043.c:814: wtimer_remove_callback(&axradio_cb_transmitdata.cb);
      000AD4 90r02r80         [24] 4388 	mov	dptr,#_axradio_cb_transmitdata
      000AD7 12r00r00         [24] 4389 	lcall	_wtimer_remove_callback
                                   4390 ;	..\COMMON\easyax5043.c:815: axradio_cb_transmitdata.st.error = AXRADIO_ERR_NOERROR;
      000ADA 90r02r85         [24] 4391 	mov	dptr,#(_axradio_cb_transmitdata + 0x0005)
      000ADD E4               [12] 4392 	clr	a
      000ADE F0               [24] 4393 	movx	@dptr,a
                                   4394 ;	..\COMMON\easyax5043.c:816: axradio_cb_transmitdata.st.time.t = axradio_timeanchor.radiotimer;
      000ADF 90r00r16         [24] 4395 	mov	dptr,#(_axradio_timeanchor + 0x0004)
      000AE2 E0               [24] 4396 	movx	a,@dptr
      000AE3 FC               [12] 4397 	mov	r4,a
      000AE4 A3               [24] 4398 	inc	dptr
      000AE5 E0               [24] 4399 	movx	a,@dptr
      000AE6 FD               [12] 4400 	mov	r5,a
      000AE7 A3               [24] 4401 	inc	dptr
      000AE8 E0               [24] 4402 	movx	a,@dptr
      000AE9 FE               [12] 4403 	mov	r6,a
      000AEA A3               [24] 4404 	inc	dptr
      000AEB E0               [24] 4405 	movx	a,@dptr
      000AEC FF               [12] 4406 	mov	r7,a
      000AED 90r02r86         [24] 4407 	mov	dptr,#(_axradio_cb_transmitdata + 0x0006)
      000AF0 EC               [12] 4408 	mov	a,r4
      000AF1 F0               [24] 4409 	movx	@dptr,a
      000AF2 ED               [12] 4410 	mov	a,r5
      000AF3 A3               [24] 4411 	inc	dptr
      000AF4 F0               [24] 4412 	movx	@dptr,a
      000AF5 EE               [12] 4413 	mov	a,r6
      000AF6 A3               [24] 4414 	inc	dptr
      000AF7 F0               [24] 4415 	movx	@dptr,a
      000AF8 EF               [12] 4416 	mov	a,r7
      000AF9 A3               [24] 4417 	inc	dptr
      000AFA F0               [24] 4418 	movx	@dptr,a
                                   4419 ;	..\COMMON\easyax5043.c:817: wtimer_add_callback(&axradio_cb_transmitdata.cb);
      000AFB 90r02r80         [24] 4420 	mov	dptr,#_axradio_cb_transmitdata
      000AFE 12r00r00         [24] 4421 	lcall	_wtimer_add_callback
                                   4422 ;	..\COMMON\easyax5043.c:820: txstreamdatacb:
      000B01                       4423 00221$:
                                   4424 ;	..\COMMON\easyax5043.c:821: if (radio_read8(AX5043_REG_IRQREQUEST0) & radio_read8(AX5043_REG_IRQMASK0) & 0x08) {
      000B01 90 40 0D         [24] 4425 	mov	dptr,#0x400d
      000B04 E0               [24] 4426 	movx	a,@dptr
      000B05 FF               [12] 4427 	mov	r7,a
      000B06 90 40 07         [24] 4428 	mov	dptr,#0x4007
      000B09 E0               [24] 4429 	movx	a,@dptr
      000B0A FE               [12] 4430 	mov	r6,a
      000B0B 5F               [12] 4431 	anl	a,r7
      000B0C 20 E3 03         [24] 4432 	jb	acc.3,00383$
      000B0F 02r0BrA2         [24] 4433 	ljmp	00260$
      000B12                       4434 00383$:
                                   4435 ;	..\COMMON\easyax5043.c:822: radio_write8(AX5043_REG_IRQMASK0, (radio_read8(AX5043_REG_IRQMASK0) & (uint8_t)~0x08));
      000B12 90 40 07         [24] 4436 	mov	dptr,#0x4007
      000B15 E0               [24] 4437 	movx	a,@dptr
      000B16 54 F7            [12] 4438 	anl	a,#0xf7
      000B18 F0               [24] 4439 	movx	@dptr,a
                                   4440 ;	..\COMMON\easyax5043.c:823: update_timeanchor();
      000B19 12r00r00         [24] 4441 	lcall	_update_timeanchor
                                   4442 ;	..\COMMON\easyax5043.c:824: wtimer_remove_callback(&axradio_cb_transmitdata.cb);
      000B1C 90r02r80         [24] 4443 	mov	dptr,#_axradio_cb_transmitdata
      000B1F 12r00r00         [24] 4444 	lcall	_wtimer_remove_callback
                                   4445 ;	..\COMMON\easyax5043.c:825: axradio_cb_transmitdata.st.error = AXRADIO_ERR_NOERROR;
      000B22 90r02r85         [24] 4446 	mov	dptr,#(_axradio_cb_transmitdata + 0x0005)
      000B25 E4               [12] 4447 	clr	a
      000B26 F0               [24] 4448 	movx	@dptr,a
                                   4449 ;	..\COMMON\easyax5043.c:826: axradio_cb_transmitdata.st.time.t = axradio_timeanchor.radiotimer;
      000B27 90r00r16         [24] 4450 	mov	dptr,#(_axradio_timeanchor + 0x0004)
      000B2A E0               [24] 4451 	movx	a,@dptr
      000B2B FC               [12] 4452 	mov	r4,a
      000B2C A3               [24] 4453 	inc	dptr
      000B2D E0               [24] 4454 	movx	a,@dptr
      000B2E FD               [12] 4455 	mov	r5,a
      000B2F A3               [24] 4456 	inc	dptr
      000B30 E0               [24] 4457 	movx	a,@dptr
      000B31 FE               [12] 4458 	mov	r6,a
      000B32 A3               [24] 4459 	inc	dptr
      000B33 E0               [24] 4460 	movx	a,@dptr
      000B34 FF               [12] 4461 	mov	r7,a
      000B35 90r02r86         [24] 4462 	mov	dptr,#(_axradio_cb_transmitdata + 0x0006)
      000B38 EC               [12] 4463 	mov	a,r4
      000B39 F0               [24] 4464 	movx	@dptr,a
      000B3A ED               [12] 4465 	mov	a,r5
      000B3B A3               [24] 4466 	inc	dptr
      000B3C F0               [24] 4467 	movx	@dptr,a
      000B3D EE               [12] 4468 	mov	a,r6
      000B3E A3               [24] 4469 	inc	dptr
      000B3F F0               [24] 4470 	movx	@dptr,a
      000B40 EF               [12] 4471 	mov	a,r7
      000B41 A3               [24] 4472 	inc	dptr
      000B42 F0               [24] 4473 	movx	@dptr,a
                                   4474 ;	..\COMMON\easyax5043.c:827: wtimer_add_callback(&axradio_cb_transmitdata.cb);
      000B43 90r02r80         [24] 4475 	mov	dptr,#_axradio_cb_transmitdata
      000B46 12r00r00         [24] 4476 	lcall	_wtimer_add_callback
                                   4477 ;	..\COMMON\easyax5043.c:829: break;
                                   4478 ;	..\COMMON\easyax5043.c:831: case trxstate_rxwor:
      000B49 80 57            [24] 4479 	sjmp	00260$
      000B4B                       4480 00227$:
                                   4481 ;	..\COMMON\easyax5043.c:837: if (radio_read8(AX5043_REG_IRQREQUEST0) & 0x80) { // vdda ready (note irqinversion does not act upon AX5043_REG_IRQREQUEST0)
      000B4B 90 40 0D         [24] 4482 	mov	dptr,#0x400d
      000B4E E0               [24] 4483 	movx	a,@dptr
      000B4F FF               [12] 4484 	mov	r7,a
      000B50 30 E7 0A         [24] 4485 	jnb	acc.7,00231$
                                   4486 ;	..\COMMON\easyax5043.c:838: radio_write8(AX5043_REG_IRQINVERSION0, (radio_read8(AX5043_REG_IRQINVERSION0) | 0x80)); // invert pwr irq, so it does not fire continuously
      000B53 90 40 0B         [24] 4487 	mov	dptr,#0x400b
      000B56 E0               [24] 4488 	movx	a,@dptr
      000B57 44 80            [12] 4489 	orl	a,#0x80
      000B59 FF               [12] 4490 	mov	r7,a
      000B5A F0               [24] 4491 	movx	@dptr,a
                                   4492 ;	..\COMMON\easyax5043.c:840: radio_write8(AX5043_REG_IRQINVERSION0, (radio_read8(AX5043_REG_IRQINVERSION0) & (uint8_t)~0x80)); // drop pwr irq inversion --> armed again
      000B5B 80 08            [24] 4493 	sjmp	00236$
      000B5D                       4494 00231$:
      000B5D 90 40 0B         [24] 4495 	mov	dptr,#0x400b
      000B60 E0               [24] 4496 	movx	a,@dptr
      000B61 54 7F            [12] 4497 	anl	a,#0x7f
      000B63 FF               [12] 4498 	mov	r7,a
      000B64 F0               [24] 4499 	movx	@dptr,a
      000B65                       4500 00236$:
                                   4501 ;	..\COMMON\easyax5043.c:843: if (radio_read8(AX5043_REG_IRQREQUEST1) & 0x01) { // XTAL ready
      000B65 90 40 0C         [24] 4502 	mov	dptr,#0x400c
      000B68 E0               [24] 4503 	movx	a,@dptr
      000B69 FF               [12] 4504 	mov	r7,a
      000B6A 30 E0 0A         [24] 4505 	jnb	acc.0,00240$
                                   4506 ;	..\COMMON\easyax5043.c:844: radio_write8(AX5043_REG_IRQINVERSION1, (radio_read8(AX5043_REG_IRQINVERSION1) | 0x01)); // invert the xtal ready irq so it does not fire continuously
      000B6D 90 40 0A         [24] 4507 	mov	dptr,#0x400a
      000B70 E0               [24] 4508 	movx	a,@dptr
      000B71 44 01            [12] 4509 	orl	a,#0x01
      000B73 FF               [12] 4510 	mov	r7,a
      000B74 F0               [24] 4511 	movx	@dptr,a
                                   4512 ;	..\COMMON\easyax5043.c:847: radio_write8(AX5043_REG_IRQINVERSION1, (radio_read8(AX5043_REG_IRQINVERSION1) & (uint8_t)~0x01)); // drop xtal ready irq inversion --> armed again for next wake-up
      000B75 80 28            [24] 4513 	sjmp	00258$
      000B77                       4514 00240$:
      000B77 90 40 0A         [24] 4515 	mov	dptr,#0x400a
      000B7A E0               [24] 4516 	movx	a,@dptr
      000B7B 54 FE            [12] 4517 	anl	a,#0xfe
      000B7D F0               [24] 4518 	movx	@dptr,a
                                   4519 ;	..\COMMON\easyax5043.c:848: radio_write8(AX5043_REG_0xF30, f30_saved);
      000B7E 90r00r00         [24] 4520 	mov	dptr,#_f30_saved
      000B81 E0               [24] 4521 	movx	a,@dptr
      000B82 90 4F 30         [24] 4522 	mov	dptr,#0x4f30
      000B85 F0               [24] 4523 	movx	@dptr,a
                                   4524 ;	..\COMMON\easyax5043.c:849: radio_write8(AX5043_REG_0xF31, f31_saved);
      000B86 90r00r01         [24] 4525 	mov	dptr,#_f31_saved
      000B89 E0               [24] 4526 	movx	a,@dptr
      000B8A 90 4F 31         [24] 4527 	mov	dptr,#0x4f31
      000B8D F0               [24] 4528 	movx	@dptr,a
                                   4529 ;	..\COMMON\easyax5043.c:850: radio_write8(AX5043_REG_0xF32, f32_saved);
      000B8E 90r00r02         [24] 4530 	mov	dptr,#_f32_saved
      000B91 E0               [24] 4531 	movx	a,@dptr
      000B92 90 4F 32         [24] 4532 	mov	dptr,#0x4f32
      000B95 F0               [24] 4533 	movx	@dptr,a
                                   4534 ;	..\COMMON\easyax5043.c:851: radio_write8(AX5043_REG_0xF33, f33_saved);
      000B96 90r00r03         [24] 4535 	mov	dptr,#_f33_saved
      000B99 E0               [24] 4536 	movx	a,@dptr
      000B9A FF               [12] 4537 	mov	r7,a
      000B9B 90 4F 33         [24] 4538 	mov	dptr,#0x4f33
      000B9E F0               [24] 4539 	movx	@dptr,a
                                   4540 ;	..\COMMON\easyax5043.c:855: case trxstate_rx:
      000B9F                       4541 00258$:
                                   4542 ;	..\COMMON\easyax5043.c:856: receive_isr();
      000B9F 12r00rEF         [24] 4543 	lcall	_receive_isr
                                   4544 ;	..\COMMON\easyax5043.c:859: } // end switch(axradio_trxstate)
      000BA2                       4545 00260$:
      000BA2 D0 D0            [24] 4546 	pop	psw
      000BA4 D0 00            [24] 4547 	pop	(0+0)
      000BA6 D0 01            [24] 4548 	pop	(0+1)
      000BA8 D0 02            [24] 4549 	pop	(0+2)
      000BAA D0 03            [24] 4550 	pop	(0+3)
      000BAC D0 04            [24] 4551 	pop	(0+4)
      000BAE D0 05            [24] 4552 	pop	(0+5)
      000BB0 D0 06            [24] 4553 	pop	(0+6)
      000BB2 D0 07            [24] 4554 	pop	(0+7)
      000BB4 D0 83            [24] 4555 	pop	dph
      000BB6 D0 82            [24] 4556 	pop	dpl
      000BB8 D0 F0            [24] 4557 	pop	b
      000BBA D0 E0            [24] 4558 	pop	acc
      000BBC D0*00            [24] 4559 	pop	bits
      000BBE 32               [24] 4560 	reti
                                   4561 ;------------------------------------------------------------
                                   4562 ;Allocation info for local variables in function 'ax5043_receiver_on_continuous'
                                   4563 ;------------------------------------------------------------
                                   4564 ;rschanged_int             Allocated to registers r6 
                                   4565 ;------------------------------------------------------------
                                   4566 ;	..\COMMON\easyax5043.c:863: __reentrantb void ax5043_receiver_on_continuous(void) __reentrant
                                   4567 ;	-----------------------------------------
                                   4568 ;	 function ax5043_receiver_on_continuous
                                   4569 ;	-----------------------------------------
      000BBF                       4570 _ax5043_receiver_on_continuous:
                                   4571 ;	..\COMMON\easyax5043.c:865: uint8_t rschanged_int = (axradio_framing_enable_sfdcallback | (axradio_mode == AXRADIO_MODE_SYNC_ACK_SLAVE) | (axradio_mode == AXRADIO_MODE_SYNC_SLAVE) );
      000BBF 74 33            [12] 4572 	mov	a,#0x33
      000BC1 B5*00 04         [24] 4573 	cjne	a,_axradio_mode,00138$
      000BC4 74 01            [12] 4574 	mov	a,#0x01
      000BC6 80 01            [24] 4575 	sjmp	00139$
      000BC8                       4576 00138$:
      000BC8 E4               [12] 4577 	clr	a
      000BC9                       4578 00139$:
      000BC9 FF               [12] 4579 	mov	r7,a
      000BCA 90r00r00         [24] 4580 	mov	dptr,#_axradio_framing_enable_sfdcallback
      000BCD E4               [12] 4581 	clr	a
      000BCE 93               [24] 4582 	movc	a,@a+dptr
      000BCF FE               [12] 4583 	mov	r6,a
      000BD0 42 07            [12] 4584 	orl	ar7,a
      000BD2 74 32            [12] 4585 	mov	a,#0x32
      000BD4 B5*00 04         [24] 4586 	cjne	a,_axradio_mode,00140$
      000BD7 74 01            [12] 4587 	mov	a,#0x01
      000BD9 80 01            [24] 4588 	sjmp	00141$
      000BDB                       4589 00140$:
      000BDB E4               [12] 4590 	clr	a
      000BDC                       4591 00141$:
      000BDC 42 07            [12] 4592 	orl	ar7,a
                                   4593 ;	..\COMMON\easyax5043.c:866: if (rschanged_int)
      000BDE EF               [12] 4594 	mov	a,r7
      000BDF FE               [12] 4595 	mov	r6,a
      000BE0 60 06            [24] 4596 	jz	00106$
                                   4597 ;	..\COMMON\easyax5043.c:867: radio_write8(AX5043_REG_RADIOEVENTMASK0, 0x04);
      000BE2 90 40 09         [24] 4598 	mov	dptr,#0x4009
      000BE5 74 04            [12] 4599 	mov	a,#0x04
      000BE7 F0               [24] 4600 	movx	@dptr,a
                                   4601 ;	..\COMMON\easyax5043.c:868: radio_write8(AX5043_REG_RSSIREFERENCE, axradio_phy_rssireference);
      000BE8                       4602 00106$:
      000BE8 90r00r00         [24] 4603 	mov	dptr,#_axradio_phy_rssireference
      000BEB E4               [12] 4604 	clr	a
      000BEC 93               [24] 4605 	movc	a,@a+dptr
      000BED 90 42 2C         [24] 4606 	mov	dptr,#0x422c
      000BF0 F0               [24] 4607 	movx	@dptr,a
                                   4608 ;	..\COMMON\easyax5043.c:869: ax5043_set_registers_rxcont();
      000BF1 C0 06            [24] 4609 	push	ar6
      000BF3 12r00r00         [24] 4610 	lcall	_ax5043_set_registers_rxcont
      000BF6 D0 06            [24] 4611 	pop	ar6
                                   4612 ;	..\COMMON\easyax5043.c:882: radio_write8(AX5043_REG_PKTSTOREFLAGS, radio_read8(AX5043_REG_PKTSTOREFLAGS) & (uint8_t)~0x40);
      000BF8 90 42 32         [24] 4613 	mov	dptr,#0x4232
      000BFB E0               [24] 4614 	movx	a,@dptr
      000BFC 54 BF            [12] 4615 	anl	a,#0xbf
      000BFE FF               [12] 4616 	mov	r7,a
      000BFF F0               [24] 4617 	movx	@dptr,a
                                   4618 ;	..\COMMON\easyax5043.c:885: radio_write8(AX5043_REG_FIFOSTAT, 3); // clear FIFO data & flags
      000C00 90 40 28         [24] 4619 	mov	dptr,#0x4028
      000C03 74 03            [12] 4620 	mov	a,#0x03
      000C05 F0               [24] 4621 	movx	@dptr,a
                                   4622 ;	..\COMMON\easyax5043.c:886: radio_write8(AX5043_REG_PWRMODE, AX5043_PWRSTATE_FULL_RX);
      000C06 90 40 02         [24] 4623 	mov	dptr,#0x4002
      000C09 74 09            [12] 4624 	mov	a,#0x09
      000C0B F0               [24] 4625 	movx	@dptr,a
                                   4626 ;	..\COMMON\easyax5043.c:887: axradio_trxstate = trxstate_rx;
      000C0C 75*01 01         [24] 4627 	mov	_axradio_trxstate,#0x01
                                   4628 ;	..\COMMON\easyax5043.c:888: if (rschanged_int)
      000C0F EE               [12] 4629 	mov	a,r6
      000C10 60 08            [24] 4630 	jz	00121$
                                   4631 ;	..\COMMON\easyax5043.c:889: radio_write8(AX5043_REG_IRQMASK0, 0x41); //  enable FIFO not empty / radio controller irq
      000C12 90 40 07         [24] 4632 	mov	dptr,#0x4007
      000C15 74 41            [12] 4633 	mov	a,#0x41
      000C17 F0               [24] 4634 	movx	@dptr,a
                                   4635 ;	..\COMMON\easyax5043.c:891: radio_write8(AX5043_REG_IRQMASK0, 0x01); //  enable FIFO not empty
      000C18 80 06            [24] 4636 	sjmp	00127$
      000C1A                       4637 00121$:
      000C1A 90 40 07         [24] 4638 	mov	dptr,#0x4007
      000C1D 74 01            [12] 4639 	mov	a,#0x01
      000C1F F0               [24] 4640 	movx	@dptr,a
                                   4641 ;	..\COMMON\easyax5043.c:892: radio_write8(AX5043_REG_IRQMASK1, 0x00);
      000C20                       4642 00127$:
      000C20 90 40 06         [24] 4643 	mov	dptr,#0x4006
      000C23 E4               [12] 4644 	clr	a
      000C24 F0               [24] 4645 	movx	@dptr,a
      000C25 22               [24] 4646 	ret
                                   4647 ;------------------------------------------------------------
                                   4648 ;Allocation info for local variables in function 'ax5043_receiver_on_wor'
                                   4649 ;------------------------------------------------------------
                                   4650 ;wp                        Allocated to registers r6 r7 
                                   4651 ;------------------------------------------------------------
                                   4652 ;	..\COMMON\easyax5043.c:895: __reentrantb void ax5043_receiver_on_wor(void) __reentrant
                                   4653 ;	-----------------------------------------
                                   4654 ;	 function ax5043_receiver_on_wor
                                   4655 ;	-----------------------------------------
      000C26                       4656 _ax5043_receiver_on_wor:
                                   4657 ;	..\COMMON\easyax5043.c:897: radio_write8(AX5043_REG_BGNDRSSIGAIN, 0x02);
      000C26 90 42 2E         [24] 4658 	mov	dptr,#0x422e
      000C29 74 02            [12] 4659 	mov	a,#0x02
      000C2B F0               [24] 4660 	movx	@dptr,a
                                   4661 ;	..\COMMON\easyax5043.c:898: if(axradio_framing_enable_sfdcallback)
      000C2C 90r00r00         [24] 4662 	mov	dptr,#_axradio_framing_enable_sfdcallback
      000C2F E4               [12] 4663 	clr	a
      000C30 93               [24] 4664 	movc	a,@a+dptr
      000C31 60 06            [24] 4665 	jz	00109$
                                   4666 ;	..\COMMON\easyax5043.c:899: radio_write8(AX5043_REG_RADIOEVENTMASK0, 0x04);
      000C33 90 40 09         [24] 4667 	mov	dptr,#0x4009
      000C36 74 04            [12] 4668 	mov	a,#0x04
      000C38 F0               [24] 4669 	movx	@dptr,a
                                   4670 ;	..\COMMON\easyax5043.c:900: radio_write8(AX5043_REG_FIFOSTAT, 3); // clear FIFO data & flags
      000C39                       4671 00109$:
      000C39 90 40 28         [24] 4672 	mov	dptr,#0x4028
      000C3C 74 03            [12] 4673 	mov	a,#0x03
      000C3E F0               [24] 4674 	movx	@dptr,a
                                   4675 ;	..\COMMON\easyax5043.c:901: radio_write8(AX5043_REG_LPOSCCONFIG, 0x01); // start LPOSC, slow mode
      000C3F 90 43 10         [24] 4676 	mov	dptr,#0x4310
      000C42 74 01            [12] 4677 	mov	a,#0x01
      000C44 F0               [24] 4678 	movx	@dptr,a
                                   4679 ;	..\COMMON\easyax5043.c:902: radio_write8(AX5043_REG_RSSIREFERENCE, axradio_phy_rssireference);
      000C45 90r00r00         [24] 4680 	mov	dptr,#_axradio_phy_rssireference
      000C48 E4               [12] 4681 	clr	a
      000C49 93               [24] 4682 	movc	a,@a+dptr
      000C4A 90 42 2C         [24] 4683 	mov	dptr,#0x422c
      000C4D F0               [24] 4684 	movx	@dptr,a
                                   4685 ;	..\COMMON\easyax5043.c:903: ax5043_set_registers_rxwor();
      000C4E 12r00r00         [24] 4686 	lcall	_ax5043_set_registers_rxwor
                                   4687 ;	..\COMMON\easyax5043.c:904: radio_write8(AX5043_REG_PKTSTOREFLAGS, (radio_read8(AX5043_REG_PKTSTOREFLAGS) & (uint8_t)~0x40));
      000C51 90 42 32         [24] 4688 	mov	dptr,#0x4232
      000C54 E0               [24] 4689 	movx	a,@dptr
      000C55 54 BF            [12] 4690 	anl	a,#0xbf
      000C57 FF               [12] 4691 	mov	r7,a
      000C58 F0               [24] 4692 	movx	@dptr,a
                                   4693 ;	..\COMMON\easyax5043.c:906: radio_write8(AX5043_REG_PWRMODE, AX5043_PWRSTATE_WOR_RX);
      000C59 90 40 02         [24] 4694 	mov	dptr,#0x4002
      000C5C 74 0B            [12] 4695 	mov	a,#0x0b
      000C5E F0               [24] 4696 	movx	@dptr,a
                                   4697 ;	..\COMMON\easyax5043.c:907: axradio_trxstate = trxstate_rxwor;
      000C5F 75*01 02         [24] 4698 	mov	_axradio_trxstate,#0x02
                                   4699 ;	..\COMMON\easyax5043.c:908: if(axradio_framing_enable_sfdcallback)
      000C62 90r00r00         [24] 4700 	mov	dptr,#_axradio_framing_enable_sfdcallback
      000C65 E4               [12] 4701 	clr	a
      000C66 93               [24] 4702 	movc	a,@a+dptr
      000C67 60 08            [24] 4703 	jz	00127$
                                   4704 ;	..\COMMON\easyax5043.c:909: radio_write8(AX5043_REG_IRQMASK0, 0x41); //  enable FIFO not empty / radio controller irq
      000C69 90 40 07         [24] 4705 	mov	dptr,#0x4007
      000C6C 74 41            [12] 4706 	mov	a,#0x41
      000C6E F0               [24] 4707 	movx	@dptr,a
                                   4708 ;	..\COMMON\easyax5043.c:911: radio_write8(AX5043_REG_IRQMASK0, 0x01); //  enable FIFO not empty
      000C6F 80 06            [24] 4709 	sjmp	00132$
      000C71                       4710 00127$:
      000C71 90 40 07         [24] 4711 	mov	dptr,#0x4007
      000C74 74 01            [12] 4712 	mov	a,#0x01
      000C76 F0               [24] 4713 	movx	@dptr,a
      000C77                       4714 00132$:
                                   4715 ;	..\COMMON\easyax5043.c:915: if (((PALTRADIO & 0x40) && ((radio_read8(AX5043_REG_PINFUNCPWRAMP) & 0x0F) == 0x07)) || ((PALTRADIO & 0x80) && ((radio_read8(AX5043_REG_PINFUNCANTSEL) & 0x07) == 0x04))) // pass through of TCXO_EN
      000C77 90 70 46         [24] 4716 	mov	dptr,#_PALTRADIO
      000C7A E0               [24] 4717 	movx	a,@dptr
      000C7B FF               [12] 4718 	mov	r7,a
      000C7C 30 E6 0D         [24] 4719 	jnb	acc.6,00143$
      000C7F 90 40 26         [24] 4720 	mov	dptr,#0x4026
      000C82 E0               [24] 4721 	movx	a,@dptr
      000C83 FF               [12] 4722 	mov	r7,a
      000C84 53 07 0F         [24] 4723 	anl	ar7,#0x0f
      000C87 BF 07 02         [24] 4724 	cjne	r7,#0x07,00176$
      000C8A 80 13            [24] 4725 	sjmp	00133$
      000C8C                       4726 00176$:
      000C8C                       4727 00143$:
      000C8C 90 70 46         [24] 4728 	mov	dptr,#_PALTRADIO
      000C8F E0               [24] 4729 	movx	a,@dptr
      000C90 FF               [12] 4730 	mov	r7,a
      000C91 30 E7 19         [24] 4731 	jnb	acc.7,00144$
      000C94 90 40 25         [24] 4732 	mov	dptr,#0x4025
      000C97 E0               [24] 4733 	movx	a,@dptr
      000C98 FF               [12] 4734 	mov	r7,a
      000C99 53 07 07         [24] 4735 	anl	ar7,#0x07
      000C9C BF 04 0E         [24] 4736 	cjne	r7,#0x04,00144$
                                   4737 ;	..\COMMON\easyax5043.c:918: radio_write8(AX5043_REG_IRQMASK0, radio_read8(AX5043_REG_IRQMASK0) | 0x80); // power irq (AX8052F143 WOR with TCXO)
      000C9F                       4738 00133$:
      000C9F 90 40 07         [24] 4739 	mov	dptr,#0x4007
      000CA2 E0               [24] 4740 	movx	a,@dptr
      000CA3 44 80            [12] 4741 	orl	a,#0x80
      000CA5 FF               [12] 4742 	mov	r7,a
      000CA6 F0               [24] 4743 	movx	@dptr,a
                                   4744 ;	..\COMMON\easyax5043.c:919: radio_write8(AX5043_REG_POWIRQMASK, 0x90); // interrupt when vddana ready (AX8052F143 WOR with TCXO)
      000CA7 90 40 05         [24] 4745 	mov	dptr,#0x4005
      000CAA 74 90            [12] 4746 	mov	a,#0x90
      000CAC F0               [24] 4747 	movx	@dptr,a
                                   4748 ;	..\COMMON\easyax5043.c:922: radio_write8(AX5043_REG_IRQMASK1, 0x01); // xtal ready
      000CAD                       4749 00144$:
      000CAD 90 40 06         [24] 4750 	mov	dptr,#0x4006
      000CB0 74 01            [12] 4751 	mov	a,#0x01
      000CB2 F0               [24] 4752 	movx	@dptr,a
                                   4753 ;	..\COMMON\easyax5043.c:924: uint16_t wp = axradio_wor_period;
      000CB3 90r00r00         [24] 4754 	mov	dptr,#_axradio_wor_period
      000CB6 E4               [12] 4755 	clr	a
      000CB7 93               [24] 4756 	movc	a,@a+dptr
      000CB8 FE               [12] 4757 	mov	r6,a
      000CB9 74 01            [12] 4758 	mov	a,#0x01
      000CBB 93               [24] 4759 	movc	a,@a+dptr
                                   4760 ;	..\COMMON\easyax5043.c:925: radio_write8(AX5043_REG_WAKEUPFREQ1, ((wp >> 8) & 0xFF));
      000CBC FF               [12] 4761 	mov	r7,a
      000CBD FD               [12] 4762 	mov	r5,a
      000CBE 90 40 6C         [24] 4763 	mov	dptr,#0x406c
      000CC1 ED               [12] 4764 	mov	a,r5
      000CC2 F0               [24] 4765 	movx	@dptr,a
                                   4766 ;	..\COMMON\easyax5043.c:926: radio_write8(AX5043_REG_WAKEUPFREQ0, ((wp >> 0) & 0xFF)); // actually wakeup period measured in LP OSC cycles
      000CC3 8E 05            [24] 4767 	mov	ar5,r6
      000CC5 90 40 6D         [24] 4768 	mov	dptr,#0x406d
      000CC8 ED               [12] 4769 	mov	a,r5
      000CC9 F0               [24] 4770 	movx	@dptr,a
                                   4771 ;	..\COMMON\easyax5043.c:927: wp += radio_read16(AX5043_REG_WAKEUPTIMER1);
      000CCA 90 00 68         [24] 4772 	mov	dptr,#0x0068
      000CCD 12r00r00         [24] 4773 	lcall	_radio_read16
      000CD0 AC 82            [24] 4774 	mov	r4,dpl
      000CD2 AD 83            [24] 4775 	mov	r5,dph
      000CD4 EC               [12] 4776 	mov	a,r4
      000CD5 2E               [12] 4777 	add	a,r6
      000CD6 FE               [12] 4778 	mov	r6,a
      000CD7 ED               [12] 4779 	mov	a,r5
      000CD8 3F               [12] 4780 	addc	a,r7
                                   4781 ;	..\COMMON\easyax5043.c:928: radio_write8(AX5043_REG_WAKEUP1, ((wp >> 8) & 0xFF));
      000CD9 FD               [12] 4782 	mov	r5,a
      000CDA 90 40 6A         [24] 4783 	mov	dptr,#0x406a
      000CDD ED               [12] 4784 	mov	a,r5
      000CDE F0               [24] 4785 	movx	@dptr,a
                                   4786 ;	..\COMMON\easyax5043.c:929: radio_write8(AX5043_REG_WAKEUP0, ((wp >> 0) & 0xFF));
      000CDF 90 40 6B         [24] 4787 	mov	dptr,#0x406b
      000CE2 EE               [12] 4788 	mov	a,r6
      000CE3 F0               [24] 4789 	movx	@dptr,a
      000CE4 22               [24] 4790 	ret
                                   4791 ;------------------------------------------------------------
                                   4792 ;Allocation info for local variables in function 'ax5043_prepare_tx'
                                   4793 ;------------------------------------------------------------
                                   4794 ;	..\COMMON\easyax5043.c:933: __reentrantb void ax5043_prepare_tx(void) __reentrant
                                   4795 ;	-----------------------------------------
                                   4796 ;	 function ax5043_prepare_tx
                                   4797 ;	-----------------------------------------
      000CE5                       4798 _ax5043_prepare_tx:
                                   4799 ;	..\COMMON\easyax5043.c:935: radio_write8(AX5043_REG_PWRMODE, AX5043_PWRSTATE_XTAL_ON);
                                   4800 ;	..\COMMON\easyax5043.c:936: radio_write8(AX5043_REG_PWRMODE, AX5043_PWRSTATE_FIFO_ON);
      000CE5 90 40 02         [24] 4801 	mov	dptr,#0x4002
      000CE8 74 05            [12] 4802 	mov	a,#0x05
      000CEA F0               [24] 4803 	movx	@dptr,a
      000CEB 74 07            [12] 4804 	mov	a,#0x07
      000CED F0               [24] 4805 	movx	@dptr,a
                                   4806 ;	..\COMMON\easyax5043.c:937: ax5043_init_registers_tx();
      000CEE 12r00rE3         [24] 4807 	lcall	_ax5043_init_registers_tx
                                   4808 ;	..\COMMON\easyax5043.c:938: radio_write8(AX5043_REG_FIFOTHRESH1, 0);
      000CF1 90 40 2E         [24] 4809 	mov	dptr,#0x402e
      000CF4 E4               [12] 4810 	clr	a
      000CF5 F0               [24] 4811 	movx	@dptr,a
                                   4812 ;	..\COMMON\easyax5043.c:939: radio_write8(AX5043_REG_FIFOTHRESH0, 0x80);
      000CF6 90 40 2F         [24] 4813 	mov	dptr,#0x402f
      000CF9 74 80            [12] 4814 	mov	a,#0x80
      000CFB F0               [24] 4815 	movx	@dptr,a
                                   4816 ;	..\COMMON\easyax5043.c:940: axradio_trxstate = trxstate_tx_xtalwait;
      000CFC 75*01 09         [24] 4817 	mov	_axradio_trxstate,#0x09
                                   4818 ;	..\COMMON\easyax5043.c:941: radio_write8(AX5043_REG_IRQMASK0, 0x00);
      000CFF 90 40 07         [24] 4819 	mov	dptr,#0x4007
      000D02 E4               [12] 4820 	clr	a
      000D03 F0               [24] 4821 	movx	@dptr,a
                                   4822 ;	..\COMMON\easyax5043.c:942: radio_write8(AX5043_REG_IRQMASK1, 0x01); // enable xtal ready interrupt
      000D04 90 40 06         [24] 4823 	mov	dptr,#0x4006
      000D07 04               [12] 4824 	inc	a
      000D08 F0               [24] 4825 	movx	@dptr,a
                                   4826 ;	..\COMMON\easyax5043.c:943: radio_read8(AX5043_REG_POWSTICKYSTAT); // clear pwr management sticky status --> brownout gate works
      000D09 90 40 04         [24] 4827 	mov	dptr,#0x4004
      000D0C E0               [24] 4828 	movx	a,@dptr
      000D0D 22               [24] 4829 	ret
                                   4830 ;------------------------------------------------------------
                                   4831 ;Allocation info for local variables in function 'ax5043_off'
                                   4832 ;------------------------------------------------------------
                                   4833 ;	..\COMMON\easyax5043.c:946: __reentrantb void ax5043_off(void) __reentrant
                                   4834 ;	-----------------------------------------
                                   4835 ;	 function ax5043_off
                                   4836 ;	-----------------------------------------
      000D0E                       4837 _ax5043_off:
                                   4838 ;	..\COMMON\easyax5043.c:948: ax5043_off_xtal();
      000D0E 12r0Dr17         [24] 4839 	lcall	_ax5043_off_xtal
                                   4840 ;	..\COMMON\easyax5043.c:949: radio_write8(AX5043_REG_PWRMODE, AX5043_PWRSTATE_POWERDOWN);
      000D11 90 40 02         [24] 4841 	mov	dptr,#0x4002
      000D14 E4               [12] 4842 	clr	a
      000D15 F0               [24] 4843 	movx	@dptr,a
      000D16 22               [24] 4844 	ret
                                   4845 ;------------------------------------------------------------
                                   4846 ;Allocation info for local variables in function 'ax5043_off_xtal'
                                   4847 ;------------------------------------------------------------
                                   4848 ;	..\COMMON\easyax5043.c:952: __reentrantb void ax5043_off_xtal(void) __reentrant
                                   4849 ;	-----------------------------------------
                                   4850 ;	 function ax5043_off_xtal
                                   4851 ;	-----------------------------------------
      000D17                       4852 _ax5043_off_xtal:
                                   4853 ;	..\COMMON\easyax5043.c:954: radio_write8(AX5043_REG_IRQMASK0, 0x00); // IRQ off
      000D17 90 40 07         [24] 4854 	mov	dptr,#0x4007
      000D1A E4               [12] 4855 	clr	a
      000D1B F0               [24] 4856 	movx	@dptr,a
                                   4857 ;	..\COMMON\easyax5043.c:955: radio_write8(AX5043_REG_IRQMASK1, 0x00);
      000D1C 90 40 06         [24] 4858 	mov	dptr,#0x4006
      000D1F F0               [24] 4859 	movx	@dptr,a
                                   4860 ;	..\COMMON\easyax5043.c:956: radio_write8(AX5043_REG_PWRMODE, AX5043_PWRSTATE_XTAL_ON);
      000D20 90 40 02         [24] 4861 	mov	dptr,#0x4002
      000D23 74 05            [12] 4862 	mov	a,#0x05
      000D25 F0               [24] 4863 	movx	@dptr,a
                                   4864 ;	..\COMMON\easyax5043.c:957: radio_write8(AX5043_REG_LPOSCCONFIG, 0x00); // LPOSC off
      000D26 90 43 10         [24] 4865 	mov	dptr,#0x4310
      000D29 E4               [12] 4866 	clr	a
      000D2A F0               [24] 4867 	movx	@dptr,a
                                   4868 ;	..\COMMON\easyax5043.c:958: axradio_trxstate = trxstate_off;
                                   4869 ;	1-genFromRTrack replaced	mov	_axradio_trxstate,#0x00
      000D2B F5*01            [12] 4870 	mov	_axradio_trxstate,a
      000D2D 22               [24] 4871 	ret
                                   4872 ;------------------------------------------------------------
                                   4873 ;Allocation info for local variables in function 'axradio_wait_for_xtal'
                                   4874 ;------------------------------------------------------------
                                   4875 ;__00010016                Allocated to registers 
                                   4876 ;crit                      Allocated to registers r7 
                                   4877 ;crit                      Allocated to registers r7 
                                   4878 ;__00030019                Allocated to registers 
                                   4879 ;crit                      Allocated to registers 
                                   4880 ;__00020021                Allocated to registers 
                                   4881 ;crit                      Allocated to registers 
                                   4882 ;------------------------------------------------------------
                                   4883 ;	..\COMMON\easyax5043.c:961: void axradio_wait_for_xtal(void)
                                   4884 ;	-----------------------------------------
                                   4885 ;	 function axradio_wait_for_xtal
                                   4886 ;	-----------------------------------------
      000D2E                       4887 _axradio_wait_for_xtal:
                                   4888 ;	C:/Program Files (x86)/ON Semiconductor/AXSDB/libmf/include/libmftypes.h:351: criticalsection_t crit = IE & 0x80;
      000D2E 74 80            [12] 4889 	mov	a,#0x80
      000D30 55 A8            [12] 4890 	anl	a,_IE
      000D32 FF               [12] 4891 	mov	r7,a
                                   4892 ;	..\COMMON\easyax5043.c:963: criticalsection_t crit = enter_critical();
      000D33 C2 AF            [12] 4893 	clr	_EA
                                   4894 ;	..\COMMON\easyax5043.c:964: axradio_trxstate = trxstate_wait_xtal;
      000D35 75*01 03         [24] 4895 	mov	_axradio_trxstate,#0x03
                                   4896 ;	..\COMMON\easyax5043.c:965: radio_write8(AX5043_REG_IRQMASK1, (radio_read8(AX5043_REG_IRQMASK1) | 0x01)); // enable xtal ready interrupt
      000D38 90 40 06         [24] 4897 	mov	dptr,#0x4006
      000D3B E0               [24] 4898 	movx	a,@dptr
      000D3C 44 01            [12] 4899 	orl	a,#0x01
      000D3E FE               [12] 4900 	mov	r6,a
      000D3F F0               [24] 4901 	movx	@dptr,a
      000D40                       4902 00111$:
                                   4903 ;	C:/Program Files (x86)/ON Semiconductor/AXSDB/libmf/include/libmftypes.h:373: EA = 0;
      000D40 C2 AF            [12] 4904 	clr	_EA
                                   4905 ;	..\COMMON\easyax5043.c:968: if (axradio_trxstate == trxstate_xtal_ready)
      000D42 74 04            [12] 4906 	mov	a,#0x04
      000D44 B5*01 02         [24] 4907 	cjne	a,_axradio_trxstate,00121$
      000D47 80 16            [24] 4908 	sjmp	00106$
      000D49                       4909 00121$:
                                   4910 ;	..\COMMON\easyax5043.c:970: wtimer_idle(WTFLAG_CANSTANDBY);
      000D49 75 82 02         [24] 4911 	mov	dpl,#0x02
      000D4C C0 07            [24] 4912 	push	ar7
      000D4E 12r00r00         [24] 4913 	lcall	_wtimer_idle
      000D51 D0 07            [24] 4914 	pop	ar7
                                   4915 ;	C:/Program Files (x86)/ON Semiconductor/AXSDB/libmf/include/libmftypes.h:358: IE |= crit;
      000D53 EF               [12] 4916 	mov	a,r7
      000D54 42 A8            [12] 4917 	orl	_IE,a
                                   4918 ;	..\COMMON\easyax5043.c:972: wtimer_runcallbacks();
      000D56 C0 07            [24] 4919 	push	ar7
      000D58 12r00r00         [24] 4920 	lcall	_wtimer_runcallbacks
      000D5B D0 07            [24] 4921 	pop	ar7
      000D5D 80 E1            [24] 4922 	sjmp	00111$
      000D5F                       4923 00106$:
                                   4924 ;	C:/Program Files (x86)/ON Semiconductor/AXSDB/libmf/include/libmftypes.h:358: IE |= crit;
      000D5F EF               [12] 4925 	mov	a,r7
      000D60 42 A8            [12] 4926 	orl	_IE,a
                                   4927 ;	..\COMMON\easyax5043.c:974: exit_critical(crit);     //  Restore all Interrupts
      000D62 22               [24] 4928 	ret
                                   4929 ;------------------------------------------------------------
                                   4930 ;Allocation info for local variables in function 'axradio_setaddrregs'
                                   4931 ;------------------------------------------------------------
                                   4932 ;pn                        Allocated to registers r6 r7 
                                   4933 ;inv                       Allocated to registers r5 
                                   4934 ;------------------------------------------------------------
                                   4935 ;	..\COMMON\easyax5043.c:977: static void axradio_setaddrregs(void)
                                   4936 ;	-----------------------------------------
                                   4937 ;	 function axradio_setaddrregs
                                   4938 ;	-----------------------------------------
      000D63                       4939 _axradio_setaddrregs:
                                   4940 ;	..\COMMON\easyax5043.c:979: radio_write8(AX5043_REG_PKTADDR0, axradio_localaddr.addr[0]);
      000D63 90r00r1A         [24] 4941 	mov	dptr,#_axradio_localaddr
      000D66 E0               [24] 4942 	movx	a,@dptr
      000D67 90 42 07         [24] 4943 	mov	dptr,#0x4207
      000D6A F0               [24] 4944 	movx	@dptr,a
                                   4945 ;	..\COMMON\easyax5043.c:980: radio_write8(AX5043_REG_PKTADDR1, axradio_localaddr.addr[1]);
      000D6B 90r00r1B         [24] 4946 	mov	dptr,#(_axradio_localaddr + 0x0001)
      000D6E E0               [24] 4947 	movx	a,@dptr
      000D6F 90 42 06         [24] 4948 	mov	dptr,#0x4206
      000D72 F0               [24] 4949 	movx	@dptr,a
                                   4950 ;	..\COMMON\easyax5043.c:981: radio_write8(AX5043_REG_PKTADDR2, axradio_localaddr.addr[2]);
      000D73 90r00r1C         [24] 4951 	mov	dptr,#(_axradio_localaddr + 0x0002)
      000D76 E0               [24] 4952 	movx	a,@dptr
      000D77 90 42 05         [24] 4953 	mov	dptr,#0x4205
      000D7A F0               [24] 4954 	movx	@dptr,a
                                   4955 ;	..\COMMON\easyax5043.c:982: radio_write8(AX5043_REG_PKTADDR3, axradio_localaddr.addr[3]);
      000D7B 90r00r1D         [24] 4956 	mov	dptr,#(_axradio_localaddr + 0x0003)
      000D7E E0               [24] 4957 	movx	a,@dptr
      000D7F 90 42 04         [24] 4958 	mov	dptr,#0x4204
      000D82 F0               [24] 4959 	movx	@dptr,a
                                   4960 ;	..\COMMON\easyax5043.c:984: radio_write8(AX5043_REG_PKTADDRMASK0, axradio_localaddr.mask[0]);
      000D83 90r00r1F         [24] 4961 	mov	dptr,#(_axradio_localaddr + 0x0005)
      000D86 E0               [24] 4962 	movx	a,@dptr
      000D87 90 42 0B         [24] 4963 	mov	dptr,#0x420b
      000D8A F0               [24] 4964 	movx	@dptr,a
                                   4965 ;	..\COMMON\easyax5043.c:985: radio_write8(AX5043_REG_PKTADDRMASK1, axradio_localaddr.mask[1]);
      000D8B 90r00r20         [24] 4966 	mov	dptr,#(_axradio_localaddr + 0x0006)
      000D8E E0               [24] 4967 	movx	a,@dptr
      000D8F 90 42 0A         [24] 4968 	mov	dptr,#0x420a
      000D92 F0               [24] 4969 	movx	@dptr,a
                                   4970 ;	..\COMMON\easyax5043.c:986: radio_write8(AX5043_REG_PKTADDRMASK2, axradio_localaddr.mask[2]);
      000D93 90r00r21         [24] 4971 	mov	dptr,#(_axradio_localaddr + 0x0007)
      000D96 E0               [24] 4972 	movx	a,@dptr
      000D97 90 42 09         [24] 4973 	mov	dptr,#0x4209
      000D9A F0               [24] 4974 	movx	@dptr,a
                                   4975 ;	..\COMMON\easyax5043.c:987: radio_write8(AX5043_REG_PKTADDRMASK3, axradio_localaddr.mask[3]);
      000D9B 90r00r22         [24] 4976 	mov	dptr,#(_axradio_localaddr + 0x0008)
      000D9E E0               [24] 4977 	movx	a,@dptr
      000D9F FF               [12] 4978 	mov	r7,a
      000DA0 90 42 08         [24] 4979 	mov	dptr,#0x4208
      000DA3 F0               [24] 4980 	movx	@dptr,a
                                   4981 ;	..\COMMON\easyax5043.c:989: if (axradio_phy_pn9 && axradio_framing_addrlen) {
      000DA4 90r00r00         [24] 4982 	mov	dptr,#_axradio_phy_pn9
      000DA7 E4               [12] 4983 	clr	a
      000DA8 93               [24] 4984 	movc	a,@a+dptr
      000DA9 70 01            [24] 4985 	jnz	00153$
      000DAB 22               [24] 4986 	ret
      000DAC                       4987 00153$:
      000DAC 90r00r00         [24] 4988 	mov	dptr,#_axradio_framing_addrlen
      000DAF E4               [12] 4989 	clr	a
      000DB0 93               [24] 4990 	movc	a,@a+dptr
      000DB1 70 01            [24] 4991 	jnz	00154$
      000DB3 22               [24] 4992 	ret
      000DB4                       4993 00154$:
                                   4994 ;	..\COMMON\easyax5043.c:990: uint16_t __autodata pn = 0x1ff;
      000DB4 7E FF            [12] 4995 	mov	r6,#0xff
      000DB6 7F 01            [12] 4996 	mov	r7,#0x01
                                   4997 ;	..\COMMON\easyax5043.c:991: uint8_t __autodata inv = -(radio_read8(AX5043_REG_ENCODING) & 0x01);
      000DB8 90 40 11         [24] 4998 	mov	dptr,#0x4011
      000DBB E0               [24] 4999 	movx	a,@dptr
      000DBC FD               [12] 5000 	mov	r5,a
      000DBD 53 05 01         [24] 5001 	anl	ar5,#0x01
      000DC0 C3               [12] 5002 	clr	c
      000DC1 E4               [12] 5003 	clr	a
      000DC2 9D               [12] 5004 	subb	a,r5
      000DC3 FD               [12] 5005 	mov	r5,a
                                   5006 ;	..\COMMON\easyax5043.c:992: if (axradio_framing_destaddrpos != 0xff)
      000DC4 90r00r00         [24] 5007 	mov	dptr,#_axradio_framing_destaddrpos
      000DC7 E4               [12] 5008 	clr	a
      000DC8 93               [24] 5009 	movc	a,@a+dptr
      000DC9 FC               [12] 5010 	mov	r4,a
      000DCA BC FF 02         [24] 5011 	cjne	r4,#0xff,00155$
      000DCD 80 26            [24] 5012 	sjmp	00127$
      000DCF                       5013 00155$:
                                   5014 ;	..\COMMON\easyax5043.c:993: pn = pn9_advance_bits(pn, axradio_framing_destaddrpos << 3);
      000DCF E4               [12] 5015 	clr	a
      000DD0 C4               [12] 5016 	swap	a
      000DD1 03               [12] 5017 	rr	a
      000DD2 54 F8            [12] 5018 	anl	a,#0xf8
      000DD4 CC               [12] 5019 	xch	a,r4
      000DD5 C4               [12] 5020 	swap	a
      000DD6 03               [12] 5021 	rr	a
      000DD7 CC               [12] 5022 	xch	a,r4
      000DD8 6C               [12] 5023 	xrl	a,r4
      000DD9 CC               [12] 5024 	xch	a,r4
      000DDA 54 F8            [12] 5025 	anl	a,#0xf8
      000DDC CC               [12] 5026 	xch	a,r4
      000DDD 6C               [12] 5027 	xrl	a,r4
      000DDE FB               [12] 5028 	mov	r3,a
      000DDF C0 05            [24] 5029 	push	ar5
      000DE1 C0 04            [24] 5030 	push	ar4
      000DE3 C0 03            [24] 5031 	push	ar3
      000DE5 90 01 FF         [24] 5032 	mov	dptr,#0x01ff
      000DE8 12r00r00         [24] 5033 	lcall	_pn9_advance_bits
      000DEB AE 82            [24] 5034 	mov	r6,dpl
      000DED AF 83            [24] 5035 	mov	r7,dph
      000DEF 15 81            [12] 5036 	dec	sp
      000DF1 15 81            [12] 5037 	dec	sp
      000DF3 D0 05            [24] 5038 	pop	ar5
                                   5039 ;	..\COMMON\easyax5043.c:994: radio_write8(AX5043_REG_PKTADDR0, (radio_read8(AX5043_REG_PKTADDR0) ^ (pn ^ inv)));
      000DF5                       5040 00127$:
      000DF5 90 42 07         [24] 5041 	mov	dptr,#0x4207
      000DF8 E0               [24] 5042 	movx	a,@dptr
      000DF9 FC               [12] 5043 	mov	r4,a
      000DFA 7B 00            [12] 5044 	mov	r3,#0x00
      000DFC ED               [12] 5045 	mov	a,r5
      000DFD 6E               [12] 5046 	xrl	a,r6
      000DFE F9               [12] 5047 	mov	r1,a
      000DFF EB               [12] 5048 	mov	a,r3
      000E00 6F               [12] 5049 	xrl	a,r7
      000E01 FA               [12] 5050 	mov	r2,a
      000E02 8C 00            [24] 5051 	mov	ar0,r4
      000E04 7C 00            [12] 5052 	mov	r4,#0x00
      000E06 E8               [12] 5053 	mov	a,r0
      000E07 62 01            [12] 5054 	xrl	ar1,a
      000E09 EC               [12] 5055 	mov	a,r4
      000E0A 62 02            [12] 5056 	xrl	ar2,a
      000E0C 90 42 07         [24] 5057 	mov	dptr,#0x4207
      000E0F E9               [12] 5058 	mov	a,r1
      000E10 F0               [24] 5059 	movx	@dptr,a
                                   5060 ;	..\COMMON\easyax5043.c:995: pn = pn9_advance_byte(pn);
      000E11 8E 82            [24] 5061 	mov	dpl,r6
      000E13 8F 83            [24] 5062 	mov	dph,r7
      000E15 C0 05            [24] 5063 	push	ar5
      000E17 C0 03            [24] 5064 	push	ar3
      000E19 12r00r00         [24] 5065 	lcall	_pn9_advance_byte
      000E1C AE 82            [24] 5066 	mov	r6,dpl
      000E1E AF 83            [24] 5067 	mov	r7,dph
      000E20 D0 03            [24] 5068 	pop	ar3
      000E22 D0 05            [24] 5069 	pop	ar5
                                   5070 ;	..\COMMON\easyax5043.c:996: radio_write8(AX5043_REG_PKTADDR1, (radio_read8(AX5043_REG_PKTADDR1) ^ (pn ^ inv)));
      000E24 90 42 06         [24] 5071 	mov	dptr,#0x4206
      000E27 E0               [24] 5072 	movx	a,@dptr
      000E28 FC               [12] 5073 	mov	r4,a
      000E29 ED               [12] 5074 	mov	a,r5
      000E2A 6E               [12] 5075 	xrl	a,r6
      000E2B F9               [12] 5076 	mov	r1,a
      000E2C EB               [12] 5077 	mov	a,r3
      000E2D 6F               [12] 5078 	xrl	a,r7
      000E2E FA               [12] 5079 	mov	r2,a
      000E2F 8C 00            [24] 5080 	mov	ar0,r4
      000E31 7C 00            [12] 5081 	mov	r4,#0x00
      000E33 E8               [12] 5082 	mov	a,r0
      000E34 62 01            [12] 5083 	xrl	ar1,a
      000E36 EC               [12] 5084 	mov	a,r4
      000E37 62 02            [12] 5085 	xrl	ar2,a
      000E39 90 42 06         [24] 5086 	mov	dptr,#0x4206
      000E3C E9               [12] 5087 	mov	a,r1
      000E3D F0               [24] 5088 	movx	@dptr,a
                                   5089 ;	..\COMMON\easyax5043.c:997: pn = pn9_advance_byte(pn);
      000E3E 8E 82            [24] 5090 	mov	dpl,r6
      000E40 8F 83            [24] 5091 	mov	dph,r7
      000E42 C0 05            [24] 5092 	push	ar5
      000E44 C0 03            [24] 5093 	push	ar3
      000E46 12r00r00         [24] 5094 	lcall	_pn9_advance_byte
      000E49 AE 82            [24] 5095 	mov	r6,dpl
      000E4B AF 83            [24] 5096 	mov	r7,dph
      000E4D D0 03            [24] 5097 	pop	ar3
      000E4F D0 05            [24] 5098 	pop	ar5
                                   5099 ;	..\COMMON\easyax5043.c:998: radio_write8(AX5043_REG_PKTADDR2, (radio_read8(AX5043_REG_PKTADDR2) ^ (pn ^ inv)));
      000E51 90 42 05         [24] 5100 	mov	dptr,#0x4205
      000E54 E0               [24] 5101 	movx	a,@dptr
      000E55 FC               [12] 5102 	mov	r4,a
      000E56 ED               [12] 5103 	mov	a,r5
      000E57 6E               [12] 5104 	xrl	a,r6
      000E58 F9               [12] 5105 	mov	r1,a
      000E59 EB               [12] 5106 	mov	a,r3
      000E5A 6F               [12] 5107 	xrl	a,r7
      000E5B FA               [12] 5108 	mov	r2,a
      000E5C 8C 00            [24] 5109 	mov	ar0,r4
      000E5E 7C 00            [12] 5110 	mov	r4,#0x00
      000E60 E8               [12] 5111 	mov	a,r0
      000E61 62 01            [12] 5112 	xrl	ar1,a
      000E63 EC               [12] 5113 	mov	a,r4
      000E64 62 02            [12] 5114 	xrl	ar2,a
      000E66 90 42 05         [24] 5115 	mov	dptr,#0x4205
      000E69 E9               [12] 5116 	mov	a,r1
      000E6A F0               [24] 5117 	movx	@dptr,a
                                   5118 ;	..\COMMON\easyax5043.c:999: pn = pn9_advance_byte(pn);
      000E6B 8E 82            [24] 5119 	mov	dpl,r6
      000E6D 8F 83            [24] 5120 	mov	dph,r7
      000E6F C0 05            [24] 5121 	push	ar5
      000E71 C0 03            [24] 5122 	push	ar3
      000E73 12r00r00         [24] 5123 	lcall	_pn9_advance_byte
      000E76 AE 82            [24] 5124 	mov	r6,dpl
      000E78 AF 83            [24] 5125 	mov	r7,dph
      000E7A D0 03            [24] 5126 	pop	ar3
      000E7C D0 05            [24] 5127 	pop	ar5
                                   5128 ;	..\COMMON\easyax5043.c:1000: radio_write8(AX5043_REG_PKTADDR3, (radio_read8(AX5043_REG_PKTADDR3) ^ (pn ^ inv)));
      000E7E 90 42 04         [24] 5129 	mov	dptr,#0x4204
      000E81 E0               [24] 5130 	movx	a,@dptr
      000E82 FC               [12] 5131 	mov	r4,a
      000E83 ED               [12] 5132 	mov	a,r5
      000E84 62 06            [12] 5133 	xrl	ar6,a
      000E86 EB               [12] 5134 	mov	a,r3
      000E87 62 07            [12] 5135 	xrl	ar7,a
      000E89 7D 00            [12] 5136 	mov	r5,#0x00
      000E8B EC               [12] 5137 	mov	a,r4
      000E8C 62 06            [12] 5138 	xrl	ar6,a
      000E8E ED               [12] 5139 	mov	a,r5
      000E8F 62 07            [12] 5140 	xrl	ar7,a
      000E91 90 42 04         [24] 5141 	mov	dptr,#0x4204
      000E94 EE               [12] 5142 	mov	a,r6
      000E95 F0               [24] 5143 	movx	@dptr,a
      000E96 22               [24] 5144 	ret
                                   5145 ;------------------------------------------------------------
                                   5146 ;Allocation info for local variables in function 'ax5043_init_registers'
                                   5147 ;------------------------------------------------------------
                                   5148 ;	..\COMMON\easyax5043.c:1004: static void ax5043_init_registers(void)
                                   5149 ;	-----------------------------------------
                                   5150 ;	 function ax5043_init_registers
                                   5151 ;	-----------------------------------------
      000E97                       5152 _ax5043_init_registers:
                                   5153 ;	..\COMMON\easyax5043.c:1006: ax5043_set_registers();
      000E97 12r00r00         [24] 5154 	lcall	_ax5043_set_registers
                                   5155 ;	..\COMMON\easyax5043.c:1011: radio_write8(AX5043_REG_PKTLENOFFSET, (radio_read8(AX5043_REG_PKTLENOFFSET) + axradio_framing_swcrclen)); // add len offs for software CRC16 (used for both, fixed and variable length packets
      000E9A 90 42 02         [24] 5156 	mov	dptr,#0x4202
      000E9D E0               [24] 5157 	movx	a,@dptr
      000E9E FF               [12] 5158 	mov	r7,a
      000E9F 90r00r00         [24] 5159 	mov	dptr,#_axradio_framing_swcrclen
      000EA2 E4               [12] 5160 	clr	a
      000EA3 93               [24] 5161 	movc	a,@a+dptr
      000EA4 FE               [12] 5162 	mov	r6,a
      000EA5 2F               [12] 5163 	add	a,r7
      000EA6 90 42 02         [24] 5164 	mov	dptr,#0x4202
      000EA9 F0               [24] 5165 	movx	@dptr,a
                                   5166 ;	..\COMMON\easyax5043.c:1012: radio_write8(AX5043_REG_PINFUNCIRQ, 0x03); // use as IRQ pin
      000EAA 90 40 24         [24] 5167 	mov	dptr,#0x4024
      000EAD 74 03            [12] 5168 	mov	a,#0x03
      000EAF F0               [24] 5169 	movx	@dptr,a
                                   5170 ;	..\COMMON\easyax5043.c:1013: radio_write8(AX5043_REG_PKTSTOREFLAGS, (axradio_phy_innerfreqloop ? 0x13 : 0x15)); // store RF offset, RSSI and delimiter timing
      000EB0 90r00r00         [24] 5171 	mov	dptr,#_axradio_phy_innerfreqloop
      000EB3 E4               [12] 5172 	clr	a
      000EB4 93               [24] 5173 	movc	a,@a+dptr
      000EB5 FF               [12] 5174 	mov	r7,a
      000EB6 60 04            [24] 5175 	jz	00112$
      000EB8 7F 13            [12] 5176 	mov	r7,#0x13
      000EBA 80 02            [24] 5177 	sjmp	00113$
      000EBC                       5178 00112$:
      000EBC 7F 15            [12] 5179 	mov	r7,#0x15
      000EBE                       5180 00113$:
      000EBE 90 42 32         [24] 5181 	mov	dptr,#0x4232
      000EC1 EF               [12] 5182 	mov	a,r7
      000EC2 F0               [24] 5183 	movx	@dptr,a
                                   5184 ;	..\COMMON\easyax5043.c:1014: axradio_setaddrregs();
      000EC3 02r0Dr63         [24] 5185 	ljmp	_axradio_setaddrregs
                                   5186 ;------------------------------------------------------------
                                   5187 ;Allocation info for local variables in function 'axradio_sync_addtime'
                                   5188 ;------------------------------------------------------------
                                   5189 ;dt                        Allocated to registers r4 r5 r6 r7 
                                   5190 ;------------------------------------------------------------
                                   5191 ;	..\COMMON\easyax5043.c:1021: static __reentrantb void axradio_sync_addtime(uint32_t dt) __reentrant
                                   5192 ;	-----------------------------------------
                                   5193 ;	 function axradio_sync_addtime
                                   5194 ;	-----------------------------------------
      000EC6                       5195 _axradio_sync_addtime:
      000EC6 AC 82            [24] 5196 	mov	r4,dpl
      000EC8 AD 83            [24] 5197 	mov	r5,dph
      000ECA AE F0            [24] 5198 	mov	r6,b
      000ECC FF               [12] 5199 	mov	r7,a
                                   5200 ;	..\COMMON\easyax5043.c:1023: axradio_sync_time += dt;
      000ECD 90r00r0C         [24] 5201 	mov	dptr,#_axradio_sync_time
      000ED0 E0               [24] 5202 	movx	a,@dptr
      000ED1 F8               [12] 5203 	mov	r0,a
      000ED2 A3               [24] 5204 	inc	dptr
      000ED3 E0               [24] 5205 	movx	a,@dptr
      000ED4 F9               [12] 5206 	mov	r1,a
      000ED5 A3               [24] 5207 	inc	dptr
      000ED6 E0               [24] 5208 	movx	a,@dptr
      000ED7 FA               [12] 5209 	mov	r2,a
      000ED8 A3               [24] 5210 	inc	dptr
      000ED9 E0               [24] 5211 	movx	a,@dptr
      000EDA FB               [12] 5212 	mov	r3,a
      000EDB 90r00r0C         [24] 5213 	mov	dptr,#_axradio_sync_time
      000EDE EC               [12] 5214 	mov	a,r4
      000EDF 28               [12] 5215 	add	a,r0
      000EE0 F0               [24] 5216 	movx	@dptr,a
      000EE1 ED               [12] 5217 	mov	a,r5
      000EE2 39               [12] 5218 	addc	a,r1
      000EE3 A3               [24] 5219 	inc	dptr
      000EE4 F0               [24] 5220 	movx	@dptr,a
      000EE5 EE               [12] 5221 	mov	a,r6
      000EE6 3A               [12] 5222 	addc	a,r2
      000EE7 A3               [24] 5223 	inc	dptr
      000EE8 F0               [24] 5224 	movx	@dptr,a
      000EE9 EF               [12] 5225 	mov	a,r7
      000EEA 3B               [12] 5226 	addc	a,r3
      000EEB A3               [24] 5227 	inc	dptr
      000EEC F0               [24] 5228 	movx	@dptr,a
      000EED 22               [24] 5229 	ret
                                   5230 ;------------------------------------------------------------
                                   5231 ;Allocation info for local variables in function 'axradio_sync_subtime'
                                   5232 ;------------------------------------------------------------
                                   5233 ;dt                        Allocated to registers r4 r5 r6 r7 
                                   5234 ;------------------------------------------------------------
                                   5235 ;	..\COMMON\easyax5043.c:1026: static __reentrantb void axradio_sync_subtime(uint32_t dt) __reentrant
                                   5236 ;	-----------------------------------------
                                   5237 ;	 function axradio_sync_subtime
                                   5238 ;	-----------------------------------------
      000EEE                       5239 _axradio_sync_subtime:
      000EEE AC 82            [24] 5240 	mov	r4,dpl
      000EF0 AD 83            [24] 5241 	mov	r5,dph
      000EF2 AE F0            [24] 5242 	mov	r6,b
      000EF4 FF               [12] 5243 	mov	r7,a
                                   5244 ;	..\COMMON\easyax5043.c:1028: axradio_sync_time -= dt;
      000EF5 90r00r0C         [24] 5245 	mov	dptr,#_axradio_sync_time
      000EF8 E0               [24] 5246 	movx	a,@dptr
      000EF9 F8               [12] 5247 	mov	r0,a
      000EFA A3               [24] 5248 	inc	dptr
      000EFB E0               [24] 5249 	movx	a,@dptr
      000EFC F9               [12] 5250 	mov	r1,a
      000EFD A3               [24] 5251 	inc	dptr
      000EFE E0               [24] 5252 	movx	a,@dptr
      000EFF FA               [12] 5253 	mov	r2,a
      000F00 A3               [24] 5254 	inc	dptr
      000F01 E0               [24] 5255 	movx	a,@dptr
      000F02 FB               [12] 5256 	mov	r3,a
      000F03 90r00r0C         [24] 5257 	mov	dptr,#_axradio_sync_time
      000F06 E8               [12] 5258 	mov	a,r0
      000F07 C3               [12] 5259 	clr	c
      000F08 9C               [12] 5260 	subb	a,r4
      000F09 F0               [24] 5261 	movx	@dptr,a
      000F0A E9               [12] 5262 	mov	a,r1
      000F0B 9D               [12] 5263 	subb	a,r5
      000F0C A3               [24] 5264 	inc	dptr
      000F0D F0               [24] 5265 	movx	@dptr,a
      000F0E EA               [12] 5266 	mov	a,r2
      000F0F 9E               [12] 5267 	subb	a,r6
      000F10 A3               [24] 5268 	inc	dptr
      000F11 F0               [24] 5269 	movx	@dptr,a
      000F12 EB               [12] 5270 	mov	a,r3
      000F13 9F               [12] 5271 	subb	a,r7
      000F14 A3               [24] 5272 	inc	dptr
      000F15 F0               [24] 5273 	movx	@dptr,a
      000F16 22               [24] 5274 	ret
                                   5275 ;------------------------------------------------------------
                                   5276 ;Allocation info for local variables in function 'axradio_sync_settimeradv'
                                   5277 ;------------------------------------------------------------
                                   5278 ;dt                        Allocated to registers r4 r5 r6 r7 
                                   5279 ;------------------------------------------------------------
                                   5280 ;	..\COMMON\easyax5043.c:1031: static __reentrantb void axradio_sync_settimeradv(uint32_t dt) __reentrant
                                   5281 ;	-----------------------------------------
                                   5282 ;	 function axradio_sync_settimeradv
                                   5283 ;	-----------------------------------------
      000F17                       5284 _axradio_sync_settimeradv:
      000F17 AC 82            [24] 5285 	mov	r4,dpl
      000F19 AD 83            [24] 5286 	mov	r5,dph
      000F1B AE F0            [24] 5287 	mov	r6,b
      000F1D FF               [12] 5288 	mov	r7,a
                                   5289 ;	..\COMMON\easyax5043.c:1033: axradio_timer.time = axradio_sync_time;
      000F1E 90r00r0C         [24] 5290 	mov	dptr,#_axradio_sync_time
      000F21 E0               [24] 5291 	movx	a,@dptr
      000F22 F8               [12] 5292 	mov	r0,a
      000F23 A3               [24] 5293 	inc	dptr
      000F24 E0               [24] 5294 	movx	a,@dptr
      000F25 F9               [12] 5295 	mov	r1,a
      000F26 A3               [24] 5296 	inc	dptr
      000F27 E0               [24] 5297 	movx	a,@dptr
      000F28 FA               [12] 5298 	mov	r2,a
      000F29 A3               [24] 5299 	inc	dptr
      000F2A E0               [24] 5300 	movx	a,@dptr
      000F2B FB               [12] 5301 	mov	r3,a
      000F2C 90r02r8E         [24] 5302 	mov	dptr,#(_axradio_timer + 0x0004)
      000F2F E8               [12] 5303 	mov	a,r0
      000F30 F0               [24] 5304 	movx	@dptr,a
      000F31 E9               [12] 5305 	mov	a,r1
      000F32 A3               [24] 5306 	inc	dptr
      000F33 F0               [24] 5307 	movx	@dptr,a
      000F34 EA               [12] 5308 	mov	a,r2
      000F35 A3               [24] 5309 	inc	dptr
      000F36 F0               [24] 5310 	movx	@dptr,a
      000F37 EB               [12] 5311 	mov	a,r3
      000F38 A3               [24] 5312 	inc	dptr
      000F39 F0               [24] 5313 	movx	@dptr,a
                                   5314 ;	..\COMMON\easyax5043.c:1034: axradio_timer.time -= dt;
      000F3A E8               [12] 5315 	mov	a,r0
      000F3B C3               [12] 5316 	clr	c
      000F3C 9C               [12] 5317 	subb	a,r4
      000F3D FC               [12] 5318 	mov	r4,a
      000F3E E9               [12] 5319 	mov	a,r1
      000F3F 9D               [12] 5320 	subb	a,r5
      000F40 FD               [12] 5321 	mov	r5,a
      000F41 EA               [12] 5322 	mov	a,r2
      000F42 9E               [12] 5323 	subb	a,r6
      000F43 FE               [12] 5324 	mov	r6,a
      000F44 EB               [12] 5325 	mov	a,r3
      000F45 9F               [12] 5326 	subb	a,r7
      000F46 FF               [12] 5327 	mov	r7,a
      000F47 90r02r8E         [24] 5328 	mov	dptr,#(_axradio_timer + 0x0004)
      000F4A EC               [12] 5329 	mov	a,r4
      000F4B F0               [24] 5330 	movx	@dptr,a
      000F4C ED               [12] 5331 	mov	a,r5
      000F4D A3               [24] 5332 	inc	dptr
      000F4E F0               [24] 5333 	movx	@dptr,a
      000F4F EE               [12] 5334 	mov	a,r6
      000F50 A3               [24] 5335 	inc	dptr
      000F51 F0               [24] 5336 	movx	@dptr,a
      000F52 EF               [12] 5337 	mov	a,r7
      000F53 A3               [24] 5338 	inc	dptr
      000F54 F0               [24] 5339 	movx	@dptr,a
      000F55 22               [24] 5340 	ret
                                   5341 ;------------------------------------------------------------
                                   5342 ;Allocation info for local variables in function 'axradio_sync_adjustperiodcorr'
                                   5343 ;------------------------------------------------------------
                                   5344 ;dt                        Allocated to registers r4 r5 r6 r7 
                                   5345 ;------------------------------------------------------------
                                   5346 ;	..\COMMON\easyax5043.c:1037: static void axradio_sync_adjustperiodcorr(void)
                                   5347 ;	-----------------------------------------
                                   5348 ;	 function axradio_sync_adjustperiodcorr
                                   5349 ;	-----------------------------------------
      000F56                       5350 _axradio_sync_adjustperiodcorr:
                                   5351 ;	..\COMMON\easyax5043.c:1039: int32_t __autodata dt = axradio_conv_time_totimer0(axradio_cb_receive.st.time.t) - axradio_sync_time;
      000F56 90r02r37         [24] 5352 	mov	dptr,#(_axradio_cb_receive + 0x0006)
      000F59 E0               [24] 5353 	movx	a,@dptr
      000F5A FC               [12] 5354 	mov	r4,a
      000F5B A3               [24] 5355 	inc	dptr
      000F5C E0               [24] 5356 	movx	a,@dptr
      000F5D FD               [12] 5357 	mov	r5,a
      000F5E A3               [24] 5358 	inc	dptr
      000F5F E0               [24] 5359 	movx	a,@dptr
      000F60 FE               [12] 5360 	mov	r6,a
      000F61 A3               [24] 5361 	inc	dptr
      000F62 E0               [24] 5362 	movx	a,@dptr
      000F63 8C 82            [24] 5363 	mov	dpl,r4
      000F65 8D 83            [24] 5364 	mov	dph,r5
      000F67 8E F0            [24] 5365 	mov	b,r6
      000F69 12r00r42         [24] 5366 	lcall	_axradio_conv_time_totimer0
      000F6C AC 82            [24] 5367 	mov	r4,dpl
      000F6E AD 83            [24] 5368 	mov	r5,dph
      000F70 AE F0            [24] 5369 	mov	r6,b
      000F72 FF               [12] 5370 	mov	r7,a
      000F73 90r00r0C         [24] 5371 	mov	dptr,#_axradio_sync_time
      000F76 E0               [24] 5372 	movx	a,@dptr
      000F77 F8               [12] 5373 	mov	r0,a
      000F78 A3               [24] 5374 	inc	dptr
      000F79 E0               [24] 5375 	movx	a,@dptr
      000F7A F9               [12] 5376 	mov	r1,a
      000F7B A3               [24] 5377 	inc	dptr
      000F7C E0               [24] 5378 	movx	a,@dptr
      000F7D FA               [12] 5379 	mov	r2,a
      000F7E A3               [24] 5380 	inc	dptr
      000F7F E0               [24] 5381 	movx	a,@dptr
      000F80 FB               [12] 5382 	mov	r3,a
      000F81 EC               [12] 5383 	mov	a,r4
      000F82 C3               [12] 5384 	clr	c
      000F83 98               [12] 5385 	subb	a,r0
      000F84 FC               [12] 5386 	mov	r4,a
      000F85 ED               [12] 5387 	mov	a,r5
      000F86 99               [12] 5388 	subb	a,r1
      000F87 FD               [12] 5389 	mov	r5,a
      000F88 EE               [12] 5390 	mov	a,r6
      000F89 9A               [12] 5391 	subb	a,r2
      000F8A FE               [12] 5392 	mov	r6,a
      000F8B EF               [12] 5393 	mov	a,r7
      000F8C 9B               [12] 5394 	subb	a,r3
      000F8D FF               [12] 5395 	mov	r7,a
                                   5396 ;	..\COMMON\easyax5043.c:1040: axradio_cb_receive.st.rx.phy.timeoffset = dt;
      000F8E 8C 02            [24] 5397 	mov	ar2,r4
      000F90 8D 03            [24] 5398 	mov	ar3,r5
      000F92 90r02r41         [24] 5399 	mov	dptr,#(_axradio_cb_receive + 0x0010)
      000F95 EA               [12] 5400 	mov	a,r2
      000F96 F0               [24] 5401 	movx	@dptr,a
      000F97 EB               [12] 5402 	mov	a,r3
      000F98 A3               [24] 5403 	inc	dptr
      000F99 F0               [24] 5404 	movx	@dptr,a
                                   5405 ;	..\COMMON\easyax5043.c:1041: if (!checksignedlimit16(axradio_sync_periodcorr, axradio_sync_slave_maxperiod)) {
      000F9A 90r00r10         [24] 5406 	mov	dptr,#_axradio_sync_periodcorr
      000F9D E0               [24] 5407 	movx	a,@dptr
      000F9E FA               [12] 5408 	mov	r2,a
      000F9F A3               [24] 5409 	inc	dptr
      000FA0 E0               [24] 5410 	movx	a,@dptr
      000FA1 FB               [12] 5411 	mov	r3,a
      000FA2 90r00r00         [24] 5412 	mov	dptr,#_axradio_sync_slave_maxperiod
      000FA5 E4               [12] 5413 	clr	a
      000FA6 93               [24] 5414 	movc	a,@a+dptr
      000FA7 C0 E0            [24] 5415 	push	acc
      000FA9 74 01            [12] 5416 	mov	a,#0x01
      000FAB 93               [24] 5417 	movc	a,@a+dptr
      000FAC C0 E0            [24] 5418 	push	acc
      000FAE 8A 82            [24] 5419 	mov	dpl,r2
      000FB0 8B 83            [24] 5420 	mov	dph,r3
      000FB2 12r00r00         [24] 5421 	lcall	_checksignedlimit16
      000FB5 AB 82            [24] 5422 	mov	r3,dpl
      000FB7 15 81            [12] 5423 	dec	sp
      000FB9 15 81            [12] 5424 	dec	sp
      000FBB EB               [12] 5425 	mov	a,r3
      000FBC 70 4B            [24] 5426 	jnz	00102$
                                   5427 ;	..\COMMON\easyax5043.c:1042: axradio_sync_addtime(dt);
      000FBE 8C 82            [24] 5428 	mov	dpl,r4
      000FC0 8D 83            [24] 5429 	mov	dph,r5
      000FC2 8E F0            [24] 5430 	mov	b,r6
      000FC4 EF               [12] 5431 	mov	a,r7
      000FC5 C0 07            [24] 5432 	push	ar7
      000FC7 C0 06            [24] 5433 	push	ar6
      000FC9 C0 05            [24] 5434 	push	ar5
      000FCB C0 04            [24] 5435 	push	ar4
      000FCD 12r0ErC6         [24] 5436 	lcall	_axradio_sync_addtime
      000FD0 D0 04            [24] 5437 	pop	ar4
      000FD2 D0 05            [24] 5438 	pop	ar5
      000FD4 D0 06            [24] 5439 	pop	ar6
      000FD6 D0 07            [24] 5440 	pop	ar7
                                   5441 ;	..\COMMON\easyax5043.c:1043: dt <<= SYNC_K1;
      000FD8 EF               [12] 5442 	mov	a,r7
      000FD9 C4               [12] 5443 	swap	a
      000FDA 23               [12] 5444 	rl	a
      000FDB 54 E0            [12] 5445 	anl	a,#0xe0
      000FDD CE               [12] 5446 	xch	a,r6
      000FDE C4               [12] 5447 	swap	a
      000FDF 23               [12] 5448 	rl	a
      000FE0 CE               [12] 5449 	xch	a,r6
      000FE1 6E               [12] 5450 	xrl	a,r6
      000FE2 CE               [12] 5451 	xch	a,r6
      000FE3 54 E0            [12] 5452 	anl	a,#0xe0
      000FE5 CE               [12] 5453 	xch	a,r6
      000FE6 6E               [12] 5454 	xrl	a,r6
      000FE7 FF               [12] 5455 	mov	r7,a
      000FE8 ED               [12] 5456 	mov	a,r5
      000FE9 C4               [12] 5457 	swap	a
      000FEA 23               [12] 5458 	rl	a
      000FEB 54 1F            [12] 5459 	anl	a,#0x1f
      000FED 4E               [12] 5460 	orl	a,r6
      000FEE FE               [12] 5461 	mov	r6,a
      000FEF ED               [12] 5462 	mov	a,r5
      000FF0 C4               [12] 5463 	swap	a
      000FF1 23               [12] 5464 	rl	a
      000FF2 54 E0            [12] 5465 	anl	a,#0xe0
      000FF4 CC               [12] 5466 	xch	a,r4
      000FF5 C4               [12] 5467 	swap	a
      000FF6 23               [12] 5468 	rl	a
      000FF7 CC               [12] 5469 	xch	a,r4
      000FF8 6C               [12] 5470 	xrl	a,r4
      000FF9 CC               [12] 5471 	xch	a,r4
      000FFA 54 E0            [12] 5472 	anl	a,#0xe0
      000FFC CC               [12] 5473 	xch	a,r4
      000FFD 6C               [12] 5474 	xrl	a,r4
      000FFE FD               [12] 5475 	mov	r5,a
                                   5476 ;	..\COMMON\easyax5043.c:1044: axradio_sync_periodcorr = dt;
      000FFF 90r00r10         [24] 5477 	mov	dptr,#_axradio_sync_periodcorr
      001002 EC               [12] 5478 	mov	a,r4
      001003 F0               [24] 5479 	movx	@dptr,a
      001004 ED               [12] 5480 	mov	a,r5
      001005 A3               [24] 5481 	inc	dptr
      001006 F0               [24] 5482 	movx	@dptr,a
      001007 80 48            [24] 5483 	sjmp	00103$
      001009                       5484 00102$:
                                   5485 ;	..\COMMON\easyax5043.c:1046: axradio_sync_periodcorr += dt;
      001009 90r00r10         [24] 5486 	mov	dptr,#_axradio_sync_periodcorr
      00100C E0               [24] 5487 	movx	a,@dptr
      00100D FA               [12] 5488 	mov	r2,a
      00100E A3               [24] 5489 	inc	dptr
      00100F E0               [24] 5490 	movx	a,@dptr
      001010 FB               [12] 5491 	mov	r3,a
      001011 8A 00            [24] 5492 	mov	ar0,r2
      001013 EB               [12] 5493 	mov	a,r3
      001014 F9               [12] 5494 	mov	r1,a
      001015 33               [12] 5495 	rlc	a
      001016 95 E0            [12] 5496 	subb	a,acc
      001018 FA               [12] 5497 	mov	r2,a
      001019 FB               [12] 5498 	mov	r3,a
      00101A EC               [12] 5499 	mov	a,r4
      00101B 28               [12] 5500 	add	a,r0
      00101C F8               [12] 5501 	mov	r0,a
      00101D ED               [12] 5502 	mov	a,r5
      00101E 39               [12] 5503 	addc	a,r1
      00101F F9               [12] 5504 	mov	r1,a
      001020 EE               [12] 5505 	mov	a,r6
      001021 3A               [12] 5506 	addc	a,r2
      001022 EF               [12] 5507 	mov	a,r7
      001023 3B               [12] 5508 	addc	a,r3
      001024 90r00r10         [24] 5509 	mov	dptr,#_axradio_sync_periodcorr
      001027 E8               [12] 5510 	mov	a,r0
      001028 F0               [24] 5511 	movx	@dptr,a
      001029 E9               [12] 5512 	mov	a,r1
      00102A A3               [24] 5513 	inc	dptr
      00102B F0               [24] 5514 	movx	@dptr,a
                                   5515 ;	..\COMMON\easyax5043.c:1047: dt >>= SYNC_K0;
      00102C EF               [12] 5516 	mov	a,r7
      00102D A2 E7            [12] 5517 	mov	c,acc.7
      00102F 13               [12] 5518 	rrc	a
      001030 FF               [12] 5519 	mov	r7,a
      001031 EE               [12] 5520 	mov	a,r6
      001032 13               [12] 5521 	rrc	a
      001033 FE               [12] 5522 	mov	r6,a
      001034 ED               [12] 5523 	mov	a,r5
      001035 13               [12] 5524 	rrc	a
      001036 FD               [12] 5525 	mov	r5,a
      001037 EC               [12] 5526 	mov	a,r4
      001038 13               [12] 5527 	rrc	a
      001039 FC               [12] 5528 	mov	r4,a
      00103A EF               [12] 5529 	mov	a,r7
      00103B A2 E7            [12] 5530 	mov	c,acc.7
      00103D 13               [12] 5531 	rrc	a
      00103E FF               [12] 5532 	mov	r7,a
      00103F EE               [12] 5533 	mov	a,r6
      001040 13               [12] 5534 	rrc	a
      001041 FE               [12] 5535 	mov	r6,a
      001042 ED               [12] 5536 	mov	a,r5
      001043 13               [12] 5537 	rrc	a
      001044 FD               [12] 5538 	mov	r5,a
      001045 EC               [12] 5539 	mov	a,r4
      001046 13               [12] 5540 	rrc	a
                                   5541 ;	..\COMMON\easyax5043.c:1048: axradio_sync_addtime(dt);
      001047 F5 82            [12] 5542 	mov	dpl,a
      001049 8D 83            [24] 5543 	mov	dph,r5
      00104B 8E F0            [24] 5544 	mov	b,r6
      00104D EF               [12] 5545 	mov	a,r7
      00104E 12r0ErC6         [24] 5546 	lcall	_axradio_sync_addtime
      001051                       5547 00103$:
                                   5548 ;	..\COMMON\easyax5043.c:1050: axradio_sync_periodcorr = signedlimit16(axradio_sync_periodcorr, axradio_sync_slave_maxperiod);
      001051 90r00r10         [24] 5549 	mov	dptr,#_axradio_sync_periodcorr
      001054 E0               [24] 5550 	movx	a,@dptr
      001055 FE               [12] 5551 	mov	r6,a
      001056 A3               [24] 5552 	inc	dptr
      001057 E0               [24] 5553 	movx	a,@dptr
      001058 FF               [12] 5554 	mov	r7,a
      001059 90r00r00         [24] 5555 	mov	dptr,#_axradio_sync_slave_maxperiod
      00105C E4               [12] 5556 	clr	a
      00105D 93               [24] 5557 	movc	a,@a+dptr
      00105E C0 E0            [24] 5558 	push	acc
      001060 74 01            [12] 5559 	mov	a,#0x01
      001062 93               [24] 5560 	movc	a,@a+dptr
      001063 C0 E0            [24] 5561 	push	acc
      001065 8E 82            [24] 5562 	mov	dpl,r6
      001067 8F 83            [24] 5563 	mov	dph,r7
      001069 12r00r00         [24] 5564 	lcall	_signedlimit16
      00106C AE 82            [24] 5565 	mov	r6,dpl
      00106E AF 83            [24] 5566 	mov	r7,dph
      001070 15 81            [12] 5567 	dec	sp
      001072 15 81            [12] 5568 	dec	sp
      001074 90r00r10         [24] 5569 	mov	dptr,#_axradio_sync_periodcorr
      001077 EE               [12] 5570 	mov	a,r6
      001078 F0               [24] 5571 	movx	@dptr,a
      001079 EF               [12] 5572 	mov	a,r7
      00107A A3               [24] 5573 	inc	dptr
      00107B F0               [24] 5574 	movx	@dptr,a
      00107C 22               [24] 5575 	ret
                                   5576 ;------------------------------------------------------------
                                   5577 ;Allocation info for local variables in function 'axradio_sync_slave_nextperiod'
                                   5578 ;------------------------------------------------------------
                                   5579 ;c                         Allocated to registers r6 r7 
                                   5580 ;------------------------------------------------------------
                                   5581 ;	..\COMMON\easyax5043.c:1053: static void axradio_sync_slave_nextperiod()
                                   5582 ;	-----------------------------------------
                                   5583 ;	 function axradio_sync_slave_nextperiod
                                   5584 ;	-----------------------------------------
      00107D                       5585 _axradio_sync_slave_nextperiod:
                                   5586 ;	..\COMMON\easyax5043.c:1055: axradio_sync_addtime(axradio_sync_period);
      00107D 90r00r00         [24] 5587 	mov	dptr,#_axradio_sync_period
      001080 E4               [12] 5588 	clr	a
      001081 93               [24] 5589 	movc	a,@a+dptr
      001082 FC               [12] 5590 	mov	r4,a
      001083 74 01            [12] 5591 	mov	a,#0x01
      001085 93               [24] 5592 	movc	a,@a+dptr
      001086 FD               [12] 5593 	mov	r5,a
      001087 74 02            [12] 5594 	mov	a,#0x02
      001089 93               [24] 5595 	movc	a,@a+dptr
      00108A FE               [12] 5596 	mov	r6,a
      00108B 74 03            [12] 5597 	mov	a,#0x03
      00108D 93               [24] 5598 	movc	a,@a+dptr
      00108E 8C 82            [24] 5599 	mov	dpl,r4
      001090 8D 83            [24] 5600 	mov	dph,r5
      001092 8E F0            [24] 5601 	mov	b,r6
      001094 12r0ErC6         [24] 5602 	lcall	_axradio_sync_addtime
                                   5603 ;	..\COMMON\easyax5043.c:1056: if (!checksignedlimit16(axradio_sync_periodcorr, axradio_sync_slave_maxperiod))
      001097 90r00r10         [24] 5604 	mov	dptr,#_axradio_sync_periodcorr
      00109A E0               [24] 5605 	movx	a,@dptr
      00109B FE               [12] 5606 	mov	r6,a
      00109C A3               [24] 5607 	inc	dptr
      00109D E0               [24] 5608 	movx	a,@dptr
      00109E FF               [12] 5609 	mov	r7,a
      00109F 90r00r00         [24] 5610 	mov	dptr,#_axradio_sync_slave_maxperiod
      0010A2 E4               [12] 5611 	clr	a
      0010A3 93               [24] 5612 	movc	a,@a+dptr
      0010A4 C0 E0            [24] 5613 	push	acc
      0010A6 74 01            [12] 5614 	mov	a,#0x01
      0010A8 93               [24] 5615 	movc	a,@a+dptr
      0010A9 C0 E0            [24] 5616 	push	acc
      0010AB 8E 82            [24] 5617 	mov	dpl,r6
      0010AD 8F 83            [24] 5618 	mov	dph,r7
      0010AF 12r00r00         [24] 5619 	lcall	_checksignedlimit16
      0010B2 AF 82            [24] 5620 	mov	r7,dpl
      0010B4 15 81            [12] 5621 	dec	sp
      0010B6 15 81            [12] 5622 	dec	sp
      0010B8 EF               [12] 5623 	mov	a,r7
      0010B9 70 01            [24] 5624 	jnz	00102$
                                   5625 ;	..\COMMON\easyax5043.c:1057: return;
      0010BB 22               [24] 5626 	ret
      0010BC                       5627 00102$:
                                   5628 ;	..\COMMON\easyax5043.c:1059: int16_t __autodata c = axradio_sync_periodcorr;
      0010BC 90r00r10         [24] 5629 	mov	dptr,#_axradio_sync_periodcorr
      0010BF E0               [24] 5630 	movx	a,@dptr
      0010C0 FE               [12] 5631 	mov	r6,a
      0010C1 A3               [24] 5632 	inc	dptr
      0010C2 E0               [24] 5633 	movx	a,@dptr
                                   5634 ;	..\COMMON\easyax5043.c:1060: axradio_sync_addtime(c >> SYNC_K1);
      0010C3 FF               [12] 5635 	mov	r7,a
      0010C4 C4               [12] 5636 	swap	a
      0010C5 03               [12] 5637 	rr	a
      0010C6 CE               [12] 5638 	xch	a,r6
      0010C7 C4               [12] 5639 	swap	a
      0010C8 03               [12] 5640 	rr	a
      0010C9 54 07            [12] 5641 	anl	a,#0x07
      0010CB 6E               [12] 5642 	xrl	a,r6
      0010CC CE               [12] 5643 	xch	a,r6
      0010CD 54 07            [12] 5644 	anl	a,#0x07
      0010CF CE               [12] 5645 	xch	a,r6
      0010D0 6E               [12] 5646 	xrl	a,r6
      0010D1 CE               [12] 5647 	xch	a,r6
      0010D2 30 E2 02         [24] 5648 	jnb	acc.2,00109$
      0010D5 44 F8            [12] 5649 	orl	a,#0xf8
      0010D7                       5650 00109$:
      0010D7 FF               [12] 5651 	mov	r7,a
      0010D8 33               [12] 5652 	rlc	a
      0010D9 95 E0            [12] 5653 	subb	a,acc
      0010DB FD               [12] 5654 	mov	r5,a
      0010DC 8E 82            [24] 5655 	mov	dpl,r6
      0010DE 8F 83            [24] 5656 	mov	dph,r7
      0010E0 8D F0            [24] 5657 	mov	b,r5
      0010E2 02r0ErC6         [24] 5658 	ljmp	_axradio_sync_addtime
                                   5659 ;------------------------------------------------------------
                                   5660 ;Allocation info for local variables in function 'axradio_timer_callback'
                                   5661 ;------------------------------------------------------------
                                   5662 ;desc                      Allocated to registers 
                                   5663 ;r                         Allocated to registers r7 
                                   5664 ;idx                       Allocated to registers r7 
                                   5665 ;rs                        Allocated to registers r6 
                                   5666 ;idx                       Allocated to registers r7 
                                   5667 ;------------------------------------------------------------
                                   5668 ;	..\COMMON\easyax5043.c:1066: static void axradio_timer_callback(struct wtimer_desc __xdata *desc)
                                   5669 ;	-----------------------------------------
                                   5670 ;	 function axradio_timer_callback
                                   5671 ;	-----------------------------------------
      0010E5                       5672 _axradio_timer_callback:
                                   5673 ;	..\COMMON\easyax5043.c:1069: switch (axradio_mode) {
      0010E5 AF*00            [24] 5674 	mov	r7,_axradio_mode
      0010E7 BF 10 00         [24] 5675 	cjne	r7,#0x10,00326$
      0010EA                       5676 00326$:
      0010EA 50 01            [24] 5677 	jnc	00327$
      0010EC 22               [24] 5678 	ret
      0010ED                       5679 00327$:
      0010ED EF               [12] 5680 	mov	a,r7
      0010EE 24 CC            [12] 5681 	add	a,#0xff - 0x33
      0010F0 50 01            [24] 5682 	jnc	00328$
      0010F2 22               [24] 5683 	ret
      0010F3                       5684 00328$:
      0010F3 EF               [12] 5685 	mov	a,r7
      0010F4 24 F0            [12] 5686 	add	a,#0xf0
      0010F6 FF               [12] 5687 	mov	r7,a
      0010F7 24 0A            [12] 5688 	add	a,#(00329$-3-.)
      0010F9 83               [24] 5689 	movc	a,@a+pc
      0010FA F5 82            [12] 5690 	mov	dpl,a
      0010FC EF               [12] 5691 	mov	a,r7
      0010FD 24 28            [12] 5692 	add	a,#(00330$-3-.)
      0010FF 83               [24] 5693 	movc	a,@a+pc
      001100 F5 83            [12] 5694 	mov	dph,a
      001102 E4               [12] 5695 	clr	a
      001103 73               [24] 5696 	jmp	@a+dptr
      001104                       5697 00329$:
      001104rEC                    5698 	.db	00112$
      001105rEC                    5699 	.db	00113$
      001106r82                    5700 	.db	00123$
      001107r82                    5701 	.db	00124$
      001108r0F                    5702 	.db	00235$
      001109r0F                    5703 	.db	00235$
      00110Ar0F                    5704 	.db	00235$
      00110Br0F                    5705 	.db	00235$
      00110Cr0F                    5706 	.db	00235$
      00110Dr0F                    5707 	.db	00235$
      00110Er0F                    5708 	.db	00235$
      00110Fr0F                    5709 	.db	00235$
      001110r0F                    5710 	.db	00235$
      001111r0F                    5711 	.db	00235$
      001112r0F                    5712 	.db	00235$
      001113r0F                    5713 	.db	00235$
      001114r4C                    5714 	.db	00106$
      001115r4C                    5715 	.db	00107$
      001116rE4                    5716 	.db	00129$
      001117rE4                    5717 	.db	00130$
      001118r0F                    5718 	.db	00235$
      001119r0F                    5719 	.db	00235$
      00111Ar0F                    5720 	.db	00235$
      00111Br0F                    5721 	.db	00235$
      00111Cr4C                    5722 	.db	00102$
      00111Dr4C                    5723 	.db	00103$
      00111Er4C                    5724 	.db	00104$
      00111Fr4C                    5725 	.db	00105$
      001120r4C                    5726 	.db	00101$
      001121r0F                    5727 	.db	00235$
      001122r0F                    5728 	.db	00235$
      001123r0F                    5729 	.db	00235$
      001124r7C                    5730 	.db	00166$
      001125r7C                    5731 	.db	00167$
      001126r1B                    5732 	.db	00209$
      001127r1B                    5733 	.db	00210$
      001128                       5734 00330$:
      001128s11                    5735 	.db	00112$>>8
      001129s11                    5736 	.db	00113$>>8
      00112As12                    5737 	.db	00123$>>8
      00112Bs12                    5738 	.db	00124$>>8
      00112Cs19                    5739 	.db	00235$>>8
      00112Ds19                    5740 	.db	00235$>>8
      00112Es19                    5741 	.db	00235$>>8
      00112Fs19                    5742 	.db	00235$>>8
      001130s19                    5743 	.db	00235$>>8
      001131s19                    5744 	.db	00235$>>8
      001132s19                    5745 	.db	00235$>>8
      001133s19                    5746 	.db	00235$>>8
      001134s19                    5747 	.db	00235$>>8
      001135s19                    5748 	.db	00235$>>8
      001136s19                    5749 	.db	00235$>>8
      001137s19                    5750 	.db	00235$>>8
      001138s11                    5751 	.db	00106$>>8
      001139s11                    5752 	.db	00107$>>8
      00113As12                    5753 	.db	00129$>>8
      00113Bs12                    5754 	.db	00130$>>8
      00113Cs19                    5755 	.db	00235$>>8
      00113Ds19                    5756 	.db	00235$>>8
      00113Es19                    5757 	.db	00235$>>8
      00113Fs19                    5758 	.db	00235$>>8
      001140s11                    5759 	.db	00102$>>8
      001141s11                    5760 	.db	00103$>>8
      001142s11                    5761 	.db	00104$>>8
      001143s11                    5762 	.db	00105$>>8
      001144s11                    5763 	.db	00101$>>8
      001145s19                    5764 	.db	00235$>>8
      001146s19                    5765 	.db	00235$>>8
      001147s19                    5766 	.db	00235$>>8
      001148s13                    5767 	.db	00166$>>8
      001149s13                    5768 	.db	00167$>>8
      00114As15                    5769 	.db	00209$>>8
      00114Bs15                    5770 	.db	00210$>>8
                                   5771 ;	..\COMMON\easyax5043.c:1070: case AXRADIO_MODE_STREAM_RECEIVE:
      00114C                       5772 00101$:
                                   5773 ;	..\COMMON\easyax5043.c:1071: case AXRADIO_MODE_STREAM_RECEIVE_UNENC:
      00114C                       5774 00102$:
                                   5775 ;	..\COMMON\easyax5043.c:1072: case AXRADIO_MODE_STREAM_RECEIVE_SCRAM:
      00114C                       5776 00103$:
                                   5777 ;	..\COMMON\easyax5043.c:1073: case AXRADIO_MODE_STREAM_RECEIVE_UNENC_LSB:
      00114C                       5778 00104$:
                                   5779 ;	..\COMMON\easyax5043.c:1074: case AXRADIO_MODE_STREAM_RECEIVE_SCRAM_LSB:
      00114C                       5780 00105$:
                                   5781 ;	..\COMMON\easyax5043.c:1075: case AXRADIO_MODE_ASYNC_RECEIVE:
      00114C                       5782 00106$:
                                   5783 ;	..\COMMON\easyax5043.c:1076: case AXRADIO_MODE_WOR_RECEIVE:
      00114C                       5784 00107$:
                                   5785 ;	..\COMMON\easyax5043.c:1077: if (axradio_syncstate == syncstate_asynctx)
      00114C 90r00r00         [24] 5786 	mov	dptr,#_axradio_syncstate
      00114F E0               [24] 5787 	movx	a,@dptr
      001150 FF               [12] 5788 	mov	r7,a
      001151 BF 02 03         [24] 5789 	cjne	r7,#0x02,00331$
      001154 02r11rEC         [24] 5790 	ljmp	00114$
      001157                       5791 00331$:
                                   5792 ;	..\COMMON\easyax5043.c:1079: wtimer_remove(&axradio_timer);
      001157 90r02r8A         [24] 5793 	mov	dptr,#_axradio_timer
      00115A 12r00r00         [24] 5794 	lcall	_wtimer_remove
                                   5795 ;	..\COMMON\easyax5043.c:1080: rearmcstimer:
      00115D                       5796 00110$:
                                   5797 ;	..\COMMON\easyax5043.c:1081: axradio_timer.time = axradio_phy_cs_period;
      00115D 90r00r00         [24] 5798 	mov	dptr,#_axradio_phy_cs_period
      001160 E4               [12] 5799 	clr	a
      001161 93               [24] 5800 	movc	a,@a+dptr
      001162 FE               [12] 5801 	mov	r6,a
      001163 74 01            [12] 5802 	mov	a,#0x01
      001165 93               [24] 5803 	movc	a,@a+dptr
      001166 FF               [12] 5804 	mov	r7,a
      001167 7D 00            [12] 5805 	mov	r5,#0x00
      001169 7C 00            [12] 5806 	mov	r4,#0x00
      00116B 90r02r8E         [24] 5807 	mov	dptr,#(_axradio_timer + 0x0004)
      00116E EE               [12] 5808 	mov	a,r6
      00116F F0               [24] 5809 	movx	@dptr,a
      001170 EF               [12] 5810 	mov	a,r7
      001171 A3               [24] 5811 	inc	dptr
      001172 F0               [24] 5812 	movx	@dptr,a
      001173 ED               [12] 5813 	mov	a,r5
      001174 A3               [24] 5814 	inc	dptr
      001175 F0               [24] 5815 	movx	@dptr,a
      001176 EC               [12] 5816 	mov	a,r4
      001177 A3               [24] 5817 	inc	dptr
      001178 F0               [24] 5818 	movx	@dptr,a
                                   5819 ;	..\COMMON\easyax5043.c:1082: wtimer0_addrelative(&axradio_timer);
      001179 90r02r8A         [24] 5820 	mov	dptr,#_axradio_timer
      00117C 12r00r00         [24] 5821 	lcall	_wtimer0_addrelative
                                   5822 ;	..\COMMON\easyax5043.c:1083: chanstatecb:
      00117F                       5823 00111$:
                                   5824 ;	..\COMMON\easyax5043.c:1084: update_timeanchor();
      00117F 12r00r00         [24] 5825 	lcall	_update_timeanchor
                                   5826 ;	..\COMMON\easyax5043.c:1085: wtimer_remove_callback(&axradio_cb_channelstate.cb);
      001182 90r02r5F         [24] 5827 	mov	dptr,#_axradio_cb_channelstate
      001185 12r00r00         [24] 5828 	lcall	_wtimer_remove_callback
                                   5829 ;	..\COMMON\easyax5043.c:1086: axradio_cb_channelstate.st.error = AXRADIO_ERR_NOERROR;
      001188 90r02r64         [24] 5830 	mov	dptr,#(_axradio_cb_channelstate + 0x0005)
      00118B E4               [12] 5831 	clr	a
      00118C F0               [24] 5832 	movx	@dptr,a
                                   5833 ;	..\COMMON\easyax5043.c:1088: int8_t __autodata r = radio_read8(AX5043_REG_RSSI);
      00118D 90 40 40         [24] 5834 	mov	dptr,#0x4040
      001190 E0               [24] 5835 	movx	a,@dptr
                                   5836 ;	..\COMMON\easyax5043.c:1089: axradio_cb_channelstate.st.cs.rssi = r - (int16_t)axradio_phy_rssioffset;
      001191 FF               [12] 5837 	mov	r7,a
      001192 FD               [12] 5838 	mov	r5,a
      001193 33               [12] 5839 	rlc	a
      001194 95 E0            [12] 5840 	subb	a,acc
      001196 FE               [12] 5841 	mov	r6,a
      001197 90r00r00         [24] 5842 	mov	dptr,#_axradio_phy_rssioffset
      00119A E4               [12] 5843 	clr	a
      00119B 93               [24] 5844 	movc	a,@a+dptr
      00119C FC               [12] 5845 	mov	r4,a
      00119D 33               [12] 5846 	rlc	a
      00119E 95 E0            [12] 5847 	subb	a,acc
      0011A0 FB               [12] 5848 	mov	r3,a
      0011A1 ED               [12] 5849 	mov	a,r5
      0011A2 C3               [12] 5850 	clr	c
      0011A3 9C               [12] 5851 	subb	a,r4
      0011A4 FD               [12] 5852 	mov	r5,a
      0011A5 EE               [12] 5853 	mov	a,r6
      0011A6 9B               [12] 5854 	subb	a,r3
      0011A7 FE               [12] 5855 	mov	r6,a
      0011A8 90r02r69         [24] 5856 	mov	dptr,#(_axradio_cb_channelstate + 0x000a)
      0011AB ED               [12] 5857 	mov	a,r5
      0011AC F0               [24] 5858 	movx	@dptr,a
      0011AD EE               [12] 5859 	mov	a,r6
      0011AE A3               [24] 5860 	inc	dptr
      0011AF F0               [24] 5861 	movx	@dptr,a
                                   5862 ;	..\COMMON\easyax5043.c:1090: axradio_cb_channelstate.st.cs.busy = r >= axradio_phy_channelbusy;
      0011B0 90r00r00         [24] 5863 	mov	dptr,#_axradio_phy_channelbusy
      0011B3 E4               [12] 5864 	clr	a
      0011B4 93               [24] 5865 	movc	a,@a+dptr
      0011B5 FE               [12] 5866 	mov	r6,a
      0011B6 C3               [12] 5867 	clr	c
      0011B7 EF               [12] 5868 	mov	a,r7
      0011B8 64 80            [12] 5869 	xrl	a,#0x80
      0011BA 8E F0            [24] 5870 	mov	b,r6
      0011BC 63 F0 80         [24] 5871 	xrl	b,#0x80
      0011BF 95 F0            [12] 5872 	subb	a,b
      0011C1 B3               [12] 5873 	cpl	c
      0011C2 92*00            [24] 5874 	mov	_axradio_timer_callback_sloc0_1_0,c
      0011C4 E4               [12] 5875 	clr	a
      0011C5 33               [12] 5876 	rlc	a
      0011C6 90r02r6B         [24] 5877 	mov	dptr,#(_axradio_cb_channelstate + 0x000c)
      0011C9 F0               [24] 5878 	movx	@dptr,a
                                   5879 ;	..\COMMON\easyax5043.c:1092: axradio_cb_channelstate.st.time.t = axradio_timeanchor.radiotimer;
      0011CA 90r00r16         [24] 5880 	mov	dptr,#(_axradio_timeanchor + 0x0004)
      0011CD E0               [24] 5881 	movx	a,@dptr
      0011CE FC               [12] 5882 	mov	r4,a
      0011CF A3               [24] 5883 	inc	dptr
      0011D0 E0               [24] 5884 	movx	a,@dptr
      0011D1 FD               [12] 5885 	mov	r5,a
      0011D2 A3               [24] 5886 	inc	dptr
      0011D3 E0               [24] 5887 	movx	a,@dptr
      0011D4 FE               [12] 5888 	mov	r6,a
      0011D5 A3               [24] 5889 	inc	dptr
      0011D6 E0               [24] 5890 	movx	a,@dptr
      0011D7 FF               [12] 5891 	mov	r7,a
      0011D8 90r02r65         [24] 5892 	mov	dptr,#(_axradio_cb_channelstate + 0x0006)
      0011DB EC               [12] 5893 	mov	a,r4
      0011DC F0               [24] 5894 	movx	@dptr,a
      0011DD ED               [12] 5895 	mov	a,r5
      0011DE A3               [24] 5896 	inc	dptr
      0011DF F0               [24] 5897 	movx	@dptr,a
      0011E0 EE               [12] 5898 	mov	a,r6
      0011E1 A3               [24] 5899 	inc	dptr
      0011E2 F0               [24] 5900 	movx	@dptr,a
      0011E3 EF               [12] 5901 	mov	a,r7
      0011E4 A3               [24] 5902 	inc	dptr
      0011E5 F0               [24] 5903 	movx	@dptr,a
                                   5904 ;	..\COMMON\easyax5043.c:1093: wtimer_add_callback(&axradio_cb_channelstate.cb);
      0011E6 90r02r5F         [24] 5905 	mov	dptr,#_axradio_cb_channelstate
                                   5906 ;	..\COMMON\easyax5043.c:1094: break;
      0011E9 02r00r00         [24] 5907 	ljmp	_wtimer_add_callback
                                   5908 ;	..\COMMON\easyax5043.c:1096: case AXRADIO_MODE_ASYNC_TRANSMIT:
      0011EC                       5909 00112$:
                                   5910 ;	..\COMMON\easyax5043.c:1097: case AXRADIO_MODE_WOR_TRANSMIT:
      0011EC                       5911 00113$:
                                   5912 ;	..\COMMON\easyax5043.c:1098: transmitcs:
      0011EC                       5913 00114$:
                                   5914 ;	..\COMMON\easyax5043.c:1099: if (axradio_ack_count)
      0011EC 90r00r0A         [24] 5915 	mov	dptr,#_axradio_ack_count
      0011EF E0               [24] 5916 	movx	a,@dptr
      0011F0 FF               [12] 5917 	mov	r7,a
      0011F1 E0               [24] 5918 	movx	a,@dptr
      0011F2 60 06            [24] 5919 	jz	00116$
                                   5920 ;	..\COMMON\easyax5043.c:1100: --axradio_ack_count;
      0011F4 EF               [12] 5921 	mov	a,r7
      0011F5 14               [12] 5922 	dec	a
      0011F6 90r00r0A         [24] 5923 	mov	dptr,#_axradio_ack_count
      0011F9 F0               [24] 5924 	movx	@dptr,a
      0011FA                       5925 00116$:
                                   5926 ;	..\COMMON\easyax5043.c:1101: wtimer_remove(&axradio_timer);
      0011FA 90r02r8A         [24] 5927 	mov	dptr,#_axradio_timer
      0011FD 12r00r00         [24] 5928 	lcall	_wtimer_remove
                                   5929 ;	..\COMMON\easyax5043.c:1102: if ((int8_t)radio_read8(AX5043_REG_RSSI) < axradio_phy_channelbusy ||
      001200 90 40 40         [24] 5930 	mov	dptr,#0x4040
      001203 E0               [24] 5931 	movx	a,@dptr
      001204 FF               [12] 5932 	mov	r7,a
      001205 90r00r00         [24] 5933 	mov	dptr,#_axradio_phy_channelbusy
      001208 E4               [12] 5934 	clr	a
      001209 93               [24] 5935 	movc	a,@a+dptr
      00120A FE               [12] 5936 	mov	r6,a
      00120B C3               [12] 5937 	clr	c
      00120C EF               [12] 5938 	mov	a,r7
      00120D 64 80            [12] 5939 	xrl	a,#0x80
      00120F 8E F0            [24] 5940 	mov	b,r6
      001211 63 F0 80         [24] 5941 	xrl	b,#0x80
      001214 95 F0            [12] 5942 	subb	a,b
      001216 40 0F            [24] 5943 	jc	00117$
                                   5944 ;	..\COMMON\easyax5043.c:1103: (!axradio_ack_count && axradio_phy_lbt_forcetx)) {
      001218 90r00r0A         [24] 5945 	mov	dptr,#_axradio_ack_count
      00121B E0               [24] 5946 	movx	a,@dptr
      00121C FF               [12] 5947 	mov	r7,a
      00121D E0               [24] 5948 	movx	a,@dptr
      00121E 70 23            [24] 5949 	jnz	00118$
      001220 90r00r00         [24] 5950 	mov	dptr,#_axradio_phy_lbt_forcetx
      001223 E4               [12] 5951 	clr	a
      001224 93               [24] 5952 	movc	a,@a+dptr
      001225 60 1C            [24] 5953 	jz	00118$
      001227                       5954 00117$:
                                   5955 ;	..\COMMON\easyax5043.c:1104: axradio_syncstate = syncstate_off;
      001227 90r00r00         [24] 5956 	mov	dptr,#_axradio_syncstate
      00122A E4               [12] 5957 	clr	a
      00122B F0               [24] 5958 	movx	@dptr,a
                                   5959 ;	..\COMMON\easyax5043.c:1105: axradio_txbuffer_cnt = axradio_phy_preamble_longlen;
      00122C 90r00r00         [24] 5960 	mov	dptr,#_axradio_phy_preamble_longlen
                                   5961 ;	genFromRTrack removed	clr	a
      00122F 93               [24] 5962 	movc	a,@a+dptr
      001230 FD               [12] 5963 	mov	r5,a
      001231 74 01            [12] 5964 	mov	a,#0x01
      001233 93               [24] 5965 	movc	a,@a+dptr
      001234 FE               [12] 5966 	mov	r6,a
      001235 90r00r03         [24] 5967 	mov	dptr,#_axradio_txbuffer_cnt
      001238 ED               [12] 5968 	mov	a,r5
      001239 F0               [24] 5969 	movx	@dptr,a
      00123A EE               [12] 5970 	mov	a,r6
      00123B A3               [24] 5971 	inc	dptr
      00123C F0               [24] 5972 	movx	@dptr,a
                                   5973 ;	..\COMMON\easyax5043.c:1106: ax5043_prepare_tx();
      00123D 12r0CrE5         [24] 5974 	lcall	_ax5043_prepare_tx
                                   5975 ;	..\COMMON\easyax5043.c:1107: goto chanstatecb;
      001240 02r11r7F         [24] 5976 	ljmp	00111$
      001243                       5977 00118$:
                                   5978 ;	..\COMMON\easyax5043.c:1109: if (axradio_ack_count)
      001243 EF               [12] 5979 	mov	a,r7
      001244 60 03            [24] 5980 	jz	00336$
      001246 02r11r5D         [24] 5981 	ljmp	00110$
      001249                       5982 00336$:
                                   5983 ;	..\COMMON\easyax5043.c:1111: update_timeanchor();
      001249 12r00r00         [24] 5984 	lcall	_update_timeanchor
                                   5985 ;	..\COMMON\easyax5043.c:1112: axradio_syncstate = syncstate_off;
      00124C 90r00r00         [24] 5986 	mov	dptr,#_axradio_syncstate
      00124F E4               [12] 5987 	clr	a
      001250 F0               [24] 5988 	movx	@dptr,a
                                   5989 ;	..\COMMON\easyax5043.c:1113: ax5043_off();
      001251 12r0Dr0E         [24] 5990 	lcall	_ax5043_off
                                   5991 ;	..\COMMON\easyax5043.c:1114: wtimer_remove_callback(&axradio_cb_transmitstart.cb);
      001254 90r02r6C         [24] 5992 	mov	dptr,#_axradio_cb_transmitstart
      001257 12r00r00         [24] 5993 	lcall	_wtimer_remove_callback
                                   5994 ;	..\COMMON\easyax5043.c:1115: axradio_cb_transmitstart.st.error = AXRADIO_ERR_TIMEOUT;
      00125A 90r02r71         [24] 5995 	mov	dptr,#(_axradio_cb_transmitstart + 0x0005)
      00125D 74 03            [12] 5996 	mov	a,#0x03
      00125F F0               [24] 5997 	movx	@dptr,a
                                   5998 ;	..\COMMON\easyax5043.c:1116: axradio_cb_transmitstart.st.time.t = axradio_timeanchor.radiotimer;
      001260 90r00r16         [24] 5999 	mov	dptr,#(_axradio_timeanchor + 0x0004)
      001263 E0               [24] 6000 	movx	a,@dptr
      001264 FC               [12] 6001 	mov	r4,a
      001265 A3               [24] 6002 	inc	dptr
      001266 E0               [24] 6003 	movx	a,@dptr
      001267 FD               [12] 6004 	mov	r5,a
      001268 A3               [24] 6005 	inc	dptr
      001269 E0               [24] 6006 	movx	a,@dptr
      00126A FE               [12] 6007 	mov	r6,a
      00126B A3               [24] 6008 	inc	dptr
      00126C E0               [24] 6009 	movx	a,@dptr
      00126D FF               [12] 6010 	mov	r7,a
      00126E 90r02r72         [24] 6011 	mov	dptr,#(_axradio_cb_transmitstart + 0x0006)
      001271 EC               [12] 6012 	mov	a,r4
      001272 F0               [24] 6013 	movx	@dptr,a
      001273 ED               [12] 6014 	mov	a,r5
      001274 A3               [24] 6015 	inc	dptr
      001275 F0               [24] 6016 	movx	@dptr,a
      001276 EE               [12] 6017 	mov	a,r6
      001277 A3               [24] 6018 	inc	dptr
      001278 F0               [24] 6019 	movx	@dptr,a
      001279 EF               [12] 6020 	mov	a,r7
      00127A A3               [24] 6021 	inc	dptr
      00127B F0               [24] 6022 	movx	@dptr,a
                                   6023 ;	..\COMMON\easyax5043.c:1117: wtimer_add_callback(&axradio_cb_transmitstart.cb);
      00127C 90r02r6C         [24] 6024 	mov	dptr,#_axradio_cb_transmitstart
                                   6025 ;	..\COMMON\easyax5043.c:1118: break;
      00127F 02r00r00         [24] 6026 	ljmp	_wtimer_add_callback
                                   6027 ;	..\COMMON\easyax5043.c:1120: case AXRADIO_MODE_ACK_TRANSMIT:
      001282                       6028 00123$:
                                   6029 ;	..\COMMON\easyax5043.c:1121: case AXRADIO_MODE_WOR_ACK_TRANSMIT:
      001282                       6030 00124$:
                                   6031 ;	..\COMMON\easyax5043.c:1122: if (axradio_syncstate == syncstate_lbt)
      001282 90r00r00         [24] 6032 	mov	dptr,#_axradio_syncstate
      001285 E0               [24] 6033 	movx	a,@dptr
      001286 FF               [12] 6034 	mov	r7,a
      001287 BF 01 03         [24] 6035 	cjne	r7,#0x01,00337$
      00128A 02r11rEC         [24] 6036 	ljmp	00114$
      00128D                       6037 00337$:
                                   6038 ;	..\COMMON\easyax5043.c:1124: ax5043_off();
      00128D 12r0Dr0E         [24] 6039 	lcall	_ax5043_off
                                   6040 ;	..\COMMON\easyax5043.c:1125: if (!axradio_ack_count) {
      001290 90r00r0A         [24] 6041 	mov	dptr,#_axradio_ack_count
      001293 E0               [24] 6042 	movx	a,@dptr
      001294 FF               [12] 6043 	mov	r7,a
      001295 E0               [24] 6044 	movx	a,@dptr
      001296 70 31            [24] 6045 	jnz	00128$
                                   6046 ;	..\COMMON\easyax5043.c:1126: update_timeanchor();
      001298 12r00r00         [24] 6047 	lcall	_update_timeanchor
                                   6048 ;	..\COMMON\easyax5043.c:1127: wtimer_remove_callback(&axradio_cb_transmitend.cb);
      00129B 90r02r76         [24] 6049 	mov	dptr,#_axradio_cb_transmitend
      00129E 12r00r00         [24] 6050 	lcall	_wtimer_remove_callback
                                   6051 ;	..\COMMON\easyax5043.c:1128: axradio_cb_transmitend.st.error = AXRADIO_ERR_TIMEOUT;
      0012A1 90r02r7B         [24] 6052 	mov	dptr,#(_axradio_cb_transmitend + 0x0005)
      0012A4 74 03            [12] 6053 	mov	a,#0x03
      0012A6 F0               [24] 6054 	movx	@dptr,a
                                   6055 ;	..\COMMON\easyax5043.c:1129: axradio_cb_transmitend.st.time.t = axradio_timeanchor.radiotimer;
      0012A7 90r00r16         [24] 6056 	mov	dptr,#(_axradio_timeanchor + 0x0004)
      0012AA E0               [24] 6057 	movx	a,@dptr
      0012AB FB               [12] 6058 	mov	r3,a
      0012AC A3               [24] 6059 	inc	dptr
      0012AD E0               [24] 6060 	movx	a,@dptr
      0012AE FC               [12] 6061 	mov	r4,a
      0012AF A3               [24] 6062 	inc	dptr
      0012B0 E0               [24] 6063 	movx	a,@dptr
      0012B1 FD               [12] 6064 	mov	r5,a
      0012B2 A3               [24] 6065 	inc	dptr
      0012B3 E0               [24] 6066 	movx	a,@dptr
      0012B4 FE               [12] 6067 	mov	r6,a
      0012B5 90r02r7C         [24] 6068 	mov	dptr,#(_axradio_cb_transmitend + 0x0006)
      0012B8 EB               [12] 6069 	mov	a,r3
      0012B9 F0               [24] 6070 	movx	@dptr,a
      0012BA EC               [12] 6071 	mov	a,r4
      0012BB A3               [24] 6072 	inc	dptr
      0012BC F0               [24] 6073 	movx	@dptr,a
      0012BD ED               [12] 6074 	mov	a,r5
      0012BE A3               [24] 6075 	inc	dptr
      0012BF F0               [24] 6076 	movx	@dptr,a
      0012C0 EE               [12] 6077 	mov	a,r6
      0012C1 A3               [24] 6078 	inc	dptr
      0012C2 F0               [24] 6079 	movx	@dptr,a
                                   6080 ;	..\COMMON\easyax5043.c:1130: wtimer_add_callback(&axradio_cb_transmitend.cb);
      0012C3 90r02r76         [24] 6081 	mov	dptr,#_axradio_cb_transmitend
                                   6082 ;	..\COMMON\easyax5043.c:1131: break;
      0012C6 02r00r00         [24] 6083 	ljmp	_wtimer_add_callback
      0012C9                       6084 00128$:
                                   6085 ;	..\COMMON\easyax5043.c:1133: --axradio_ack_count;
      0012C9 EF               [12] 6086 	mov	a,r7
      0012CA 14               [12] 6087 	dec	a
      0012CB 90r00r0A         [24] 6088 	mov	dptr,#_axradio_ack_count
      0012CE F0               [24] 6089 	movx	@dptr,a
                                   6090 ;	..\COMMON\easyax5043.c:1134: axradio_txbuffer_cnt = axradio_phy_preamble_longlen;
      0012CF 90r00r00         [24] 6091 	mov	dptr,#_axradio_phy_preamble_longlen
      0012D2 E4               [12] 6092 	clr	a
      0012D3 93               [24] 6093 	movc	a,@a+dptr
      0012D4 FE               [12] 6094 	mov	r6,a
      0012D5 74 01            [12] 6095 	mov	a,#0x01
      0012D7 93               [24] 6096 	movc	a,@a+dptr
      0012D8 FF               [12] 6097 	mov	r7,a
      0012D9 90r00r03         [24] 6098 	mov	dptr,#_axradio_txbuffer_cnt
      0012DC EE               [12] 6099 	mov	a,r6
      0012DD F0               [24] 6100 	movx	@dptr,a
      0012DE EF               [12] 6101 	mov	a,r7
      0012DF A3               [24] 6102 	inc	dptr
      0012E0 F0               [24] 6103 	movx	@dptr,a
                                   6104 ;	..\COMMON\easyax5043.c:1135: ax5043_prepare_tx();
                                   6105 ;	..\COMMON\easyax5043.c:1136: break;
      0012E1 02r0CrE5         [24] 6106 	ljmp	_ax5043_prepare_tx
                                   6107 ;	..\COMMON\easyax5043.c:1138: case AXRADIO_MODE_ACK_RECEIVE:
      0012E4                       6108 00129$:
                                   6109 ;	..\COMMON\easyax5043.c:1139: case AXRADIO_MODE_WOR_ACK_RECEIVE:
      0012E4                       6110 00130$:
                                   6111 ;	..\COMMON\easyax5043.c:1140: if (axradio_syncstate == syncstate_lbt)
      0012E4 90r00r00         [24] 6112 	mov	dptr,#_axradio_syncstate
      0012E7 E0               [24] 6113 	movx	a,@dptr
      0012E8 FF               [12] 6114 	mov	r7,a
      0012E9 BF 01 03         [24] 6115 	cjne	r7,#0x01,00339$
      0012EC 02r11rEC         [24] 6116 	ljmp	00114$
      0012EF                       6117 00339$:
                                   6118 ;	..\COMMON\easyax5043.c:1143: radio_write8(AX5043_REG_FIFOSTAT, 3);
      0012EF                       6119 00134$:
      0012EF 90 40 28         [24] 6120 	mov	dptr,#0x4028
      0012F2 74 03            [12] 6121 	mov	a,#0x03
      0012F4 F0               [24] 6122 	movx	@dptr,a
                                   6123 ;	..\COMMON\easyax5043.c:1144: radio_write8(AX5043_REG_PWRMODE, AX5043_PWRSTATE_FULL_TX);
      0012F5 90 40 02         [24] 6124 	mov	dptr,#0x4002
      0012F8 74 0D            [12] 6125 	mov	a,#0x0d
      0012FA F0               [24] 6126 	movx	@dptr,a
                                   6127 ;	..\COMMON\easyax5043.c:1145: while (!(radio_read8(AX5043_REG_POWSTAT) & 0x08)); // wait for modem vdd so writing the FIFO is safe
      0012FB                       6128 00140$:
      0012FB 90 40 03         [24] 6129 	mov	dptr,#0x4003
      0012FE E0               [24] 6130 	movx	a,@dptr
      0012FF FF               [12] 6131 	mov	r7,a
      001300 30 E3 F8         [24] 6132 	jnb	acc.3,00140$
                                   6133 ;	..\COMMON\easyax5043.c:1146: ax5043_init_registers_tx();
      001303 12r00rE3         [24] 6134 	lcall	_ax5043_init_registers_tx
                                   6135 ;	..\COMMON\easyax5043.c:1147: radio_read8(AX5043_REG_RADIOEVENTREQ0); // make sure REVRDONE bit is cleared, so it is a reliable indicator that the packet is out
      001306 90 40 0F         [24] 6136 	mov	dptr,#0x400f
      001309 E0               [24] 6137 	movx	a,@dptr
                                   6138 ;	..\COMMON\easyax5043.c:1148: radio_write8(AX5043_REG_FIFOTHRESH1, 0);
      00130A 90 40 2E         [24] 6139 	mov	dptr,#0x402e
      00130D E4               [12] 6140 	clr	a
      00130E F0               [24] 6141 	movx	@dptr,a
                                   6142 ;	..\COMMON\easyax5043.c:1149: radio_write8(AX5043_REG_FIFOTHRESH0, 0x80);
      00130F 90 40 2F         [24] 6143 	mov	dptr,#0x402f
      001312 74 80            [12] 6144 	mov	a,#0x80
      001314 F0               [24] 6145 	movx	@dptr,a
                                   6146 ;	..\COMMON\easyax5043.c:1150: axradio_trxstate = trxstate_tx_longpreamble;
      001315 75*01 0A         [24] 6147 	mov	_axradio_trxstate,#0x0a
                                   6148 ;	..\COMMON\easyax5043.c:1151: axradio_txbuffer_cnt = axradio_phy_preamble_longlen;
      001318 90r00r00         [24] 6149 	mov	dptr,#_axradio_phy_preamble_longlen
      00131B E4               [12] 6150 	clr	a
      00131C 93               [24] 6151 	movc	a,@a+dptr
      00131D FE               [12] 6152 	mov	r6,a
      00131E 74 01            [12] 6153 	mov	a,#0x01
      001320 93               [24] 6154 	movc	a,@a+dptr
      001321 FF               [12] 6155 	mov	r7,a
      001322 90r00r03         [24] 6156 	mov	dptr,#_axradio_txbuffer_cnt
      001325 EE               [12] 6157 	mov	a,r6
      001326 F0               [24] 6158 	movx	@dptr,a
      001327 EF               [12] 6159 	mov	a,r7
      001328 A3               [24] 6160 	inc	dptr
      001329 F0               [24] 6161 	movx	@dptr,a
                                   6162 ;	..\COMMON\easyax5043.c:1153: if ((radio_read8(AX5043_REG_MODULATION) & 0x0F) == 9) { // 4-FSK
      00132A 90 40 10         [24] 6163 	mov	dptr,#0x4010
      00132D E0               [24] 6164 	movx	a,@dptr
      00132E FF               [12] 6165 	mov	r7,a
      00132F 53 07 0F         [24] 6166 	anl	ar7,#0x0f
      001332 BF 09 11         [24] 6167 	cjne	r7,#0x09,00163$
                                   6168 ;	..\COMMON\easyax5043.c:1154: radio_write8(AX5043_REG_FIFODATA, AX5043_FIFOCMD_DATA | (7 << 5));
                                   6169 ;	..\COMMON\easyax5043.c:1155: radio_write8(AX5043_REG_FIFODATA, 2);  // length (including flags)
                                   6170 ;	..\COMMON\easyax5043.c:1156: radio_write8(AX5043_REG_FIFODATA, 0x01);  // flag PKTSTART -> dibit sync
      001335 90 40 29         [24] 6171 	mov	dptr,#0x4029
      001338 74 E1            [12] 6172 	mov	a,#0xe1
      00133A F0               [24] 6173 	movx	@dptr,a
      00133B 74 02            [12] 6174 	mov	a,#0x02
      00133D F0               [24] 6175 	movx	@dptr,a
      00133E 14               [12] 6176 	dec	a
      00133F F0               [24] 6177 	movx	@dptr,a
                                   6178 ;	..\COMMON\easyax5043.c:1157: radio_write8(AX5043_REG_FIFODATA, 0x11); // dummy byte for forcing dibit sync
      001340 90 40 29         [24] 6179 	mov	dptr,#0x4029
      001343 74 11            [12] 6180 	mov	a,#0x11
      001345 F0               [24] 6181 	movx	@dptr,a
                                   6182 ;	..\COMMON\easyax5043.c:1164: radio_write8(AX5043_REG_IRQMASK0, 0x08); // enable fifo free threshold
      001346                       6183 00163$:
      001346 90 40 07         [24] 6184 	mov	dptr,#0x4007
      001349 74 08            [12] 6185 	mov	a,#0x08
      00134B F0               [24] 6186 	movx	@dptr,a
                                   6187 ;	..\COMMON\easyax5043.c:1165: update_timeanchor();
      00134C 12r00r00         [24] 6188 	lcall	_update_timeanchor
                                   6189 ;	..\COMMON\easyax5043.c:1166: wtimer_remove_callback(&axradio_cb_transmitstart.cb);
      00134F 90r02r6C         [24] 6190 	mov	dptr,#_axradio_cb_transmitstart
      001352 12r00r00         [24] 6191 	lcall	_wtimer_remove_callback
                                   6192 ;	..\COMMON\easyax5043.c:1167: axradio_cb_transmitstart.st.error = AXRADIO_ERR_NOERROR;
      001355 90r02r71         [24] 6193 	mov	dptr,#(_axradio_cb_transmitstart + 0x0005)
      001358 E4               [12] 6194 	clr	a
      001359 F0               [24] 6195 	movx	@dptr,a
                                   6196 ;	..\COMMON\easyax5043.c:1168: axradio_cb_transmitstart.st.time.t = axradio_timeanchor.radiotimer;
      00135A 90r00r16         [24] 6197 	mov	dptr,#(_axradio_timeanchor + 0x0004)
      00135D E0               [24] 6198 	movx	a,@dptr
      00135E FC               [12] 6199 	mov	r4,a
      00135F A3               [24] 6200 	inc	dptr
      001360 E0               [24] 6201 	movx	a,@dptr
      001361 FD               [12] 6202 	mov	r5,a
      001362 A3               [24] 6203 	inc	dptr
      001363 E0               [24] 6204 	movx	a,@dptr
      001364 FE               [12] 6205 	mov	r6,a
      001365 A3               [24] 6206 	inc	dptr
      001366 E0               [24] 6207 	movx	a,@dptr
      001367 FF               [12] 6208 	mov	r7,a
      001368 90r02r72         [24] 6209 	mov	dptr,#(_axradio_cb_transmitstart + 0x0006)
      00136B EC               [12] 6210 	mov	a,r4
      00136C F0               [24] 6211 	movx	@dptr,a
      00136D ED               [12] 6212 	mov	a,r5
      00136E A3               [24] 6213 	inc	dptr
      00136F F0               [24] 6214 	movx	@dptr,a
      001370 EE               [12] 6215 	mov	a,r6
      001371 A3               [24] 6216 	inc	dptr
      001372 F0               [24] 6217 	movx	@dptr,a
      001373 EF               [12] 6218 	mov	a,r7
      001374 A3               [24] 6219 	inc	dptr
      001375 F0               [24] 6220 	movx	@dptr,a
                                   6221 ;	..\COMMON\easyax5043.c:1169: wtimer_add_callback(&axradio_cb_transmitstart.cb);
      001376 90r02r6C         [24] 6222 	mov	dptr,#_axradio_cb_transmitstart
                                   6223 ;	..\COMMON\easyax5043.c:1170: break;
      001379 02r00r00         [24] 6224 	ljmp	_wtimer_add_callback
                                   6225 ;	..\COMMON\easyax5043.c:1172: case AXRADIO_MODE_SYNC_MASTER:
      00137C                       6226 00166$:
                                   6227 ;	..\COMMON\easyax5043.c:1173: case AXRADIO_MODE_SYNC_ACK_MASTER:
      00137C                       6228 00167$:
                                   6229 ;	..\COMMON\easyax5043.c:1174: switch (axradio_syncstate) {
      00137C 90r00r00         [24] 6230 	mov	dptr,#_axradio_syncstate
      00137F E0               [24] 6231 	movx	a,@dptr
      001380 FF               [12] 6232 	mov	r7,a
      001381 BF 04 02         [24] 6233 	cjne	r7,#0x04,00343$
      001384 80 58            [24] 6234 	sjmp	00173$
      001386                       6235 00343$:
      001386 BF 05 03         [24] 6236 	cjne	r7,#0x05,00344$
      001389 02r14rBB         [24] 6237 	ljmp	00207$
      00138C                       6238 00344$:
                                   6239 ;	..\COMMON\easyax5043.c:1176: radio_write8(AX5043_REG_PWRMODE, AX5043_PWRSTATE_XTAL_ON);
      00138C 90 40 02         [24] 6240 	mov	dptr,#0x4002
      00138F 74 05            [12] 6241 	mov	a,#0x05
      001391 F0               [24] 6242 	movx	@dptr,a
                                   6243 ;	..\COMMON\easyax5043.c:1177: ax5043_init_registers_tx();
      001392 12r00rE3         [24] 6244 	lcall	_ax5043_init_registers_tx
                                   6245 ;	..\COMMON\easyax5043.c:1178: axradio_syncstate = syncstate_master_xostartup;
      001395 90r00r00         [24] 6246 	mov	dptr,#_axradio_syncstate
      001398 74 04            [12] 6247 	mov	a,#0x04
      00139A F0               [24] 6248 	movx	@dptr,a
                                   6249 ;	..\COMMON\easyax5043.c:1179: wtimer_remove_callback(&axradio_cb_transmitdata.cb);
      00139B 90r02r80         [24] 6250 	mov	dptr,#_axradio_cb_transmitdata
      00139E 12r00r00         [24] 6251 	lcall	_wtimer_remove_callback
                                   6252 ;	..\COMMON\easyax5043.c:1180: axradio_cb_transmitdata.st.error = AXRADIO_ERR_NOERROR;
      0013A1 90r02r85         [24] 6253 	mov	dptr,#(_axradio_cb_transmitdata + 0x0005)
      0013A4 E4               [12] 6254 	clr	a
      0013A5 F0               [24] 6255 	movx	@dptr,a
                                   6256 ;	..\COMMON\easyax5043.c:1181: axradio_cb_transmitdata.st.time.t = 0;
      0013A6 90r02r86         [24] 6257 	mov	dptr,#(_axradio_cb_transmitdata + 0x0006)
      0013A9 F0               [24] 6258 	movx	@dptr,a
      0013AA A3               [24] 6259 	inc	dptr
      0013AB F0               [24] 6260 	movx	@dptr,a
      0013AC A3               [24] 6261 	inc	dptr
      0013AD F0               [24] 6262 	movx	@dptr,a
      0013AE A3               [24] 6263 	inc	dptr
      0013AF F0               [24] 6264 	movx	@dptr,a
                                   6265 ;	..\COMMON\easyax5043.c:1182: wtimer_add_callback(&axradio_cb_transmitdata.cb);
      0013B0 90r02r80         [24] 6266 	mov	dptr,#_axradio_cb_transmitdata
      0013B3 12r00r00         [24] 6267 	lcall	_wtimer_add_callback
                                   6268 ;	..\COMMON\easyax5043.c:1183: wtimer_remove(&axradio_timer);
      0013B6 90r02r8A         [24] 6269 	mov	dptr,#_axradio_timer
      0013B9 12r00r00         [24] 6270 	lcall	_wtimer_remove
                                   6271 ;	..\COMMON\easyax5043.c:1184: axradio_timer.time = axradio_sync_time;
      0013BC 90r00r0C         [24] 6272 	mov	dptr,#_axradio_sync_time
      0013BF E0               [24] 6273 	movx	a,@dptr
      0013C0 FC               [12] 6274 	mov	r4,a
      0013C1 A3               [24] 6275 	inc	dptr
      0013C2 E0               [24] 6276 	movx	a,@dptr
      0013C3 FD               [12] 6277 	mov	r5,a
      0013C4 A3               [24] 6278 	inc	dptr
      0013C5 E0               [24] 6279 	movx	a,@dptr
      0013C6 FE               [12] 6280 	mov	r6,a
      0013C7 A3               [24] 6281 	inc	dptr
      0013C8 E0               [24] 6282 	movx	a,@dptr
      0013C9 FF               [12] 6283 	mov	r7,a
      0013CA 90r02r8E         [24] 6284 	mov	dptr,#(_axradio_timer + 0x0004)
      0013CD EC               [12] 6285 	mov	a,r4
      0013CE F0               [24] 6286 	movx	@dptr,a
      0013CF ED               [12] 6287 	mov	a,r5
      0013D0 A3               [24] 6288 	inc	dptr
      0013D1 F0               [24] 6289 	movx	@dptr,a
      0013D2 EE               [12] 6290 	mov	a,r6
      0013D3 A3               [24] 6291 	inc	dptr
      0013D4 F0               [24] 6292 	movx	@dptr,a
      0013D5 EF               [12] 6293 	mov	a,r7
      0013D6 A3               [24] 6294 	inc	dptr
      0013D7 F0               [24] 6295 	movx	@dptr,a
                                   6296 ;	..\COMMON\easyax5043.c:1185: wtimer0_addabsolute(&axradio_timer);
      0013D8 90r02r8A         [24] 6297 	mov	dptr,#_axradio_timer
                                   6298 ;	..\COMMON\easyax5043.c:1186: break;
      0013DB 02r00r00         [24] 6299 	ljmp	_wtimer0_addabsolute
                                   6300 ;	..\COMMON\easyax5043.c:1189: radio_write8(AX5043_REG_FIFOSTAT, 3);
      0013DE                       6301 00173$:
      0013DE 90 40 28         [24] 6302 	mov	dptr,#0x4028
      0013E1 74 03            [12] 6303 	mov	a,#0x03
      0013E3 F0               [24] 6304 	movx	@dptr,a
                                   6305 ;	..\COMMON\easyax5043.c:1190: radio_write8(AX5043_REG_PWRMODE, AX5043_PWRSTATE_FULL_TX);
      0013E4 90 40 02         [24] 6306 	mov	dptr,#0x4002
      0013E7 74 0D            [12] 6307 	mov	a,#0x0d
      0013E9 F0               [24] 6308 	movx	@dptr,a
                                   6309 ;	..\COMMON\easyax5043.c:1191: while (!(radio_read8(AX5043_REG_POWSTAT) & 0x08)); // wait for modem vdd so writing the FIFO is safe
      0013EA                       6310 00179$:
      0013EA 90 40 03         [24] 6311 	mov	dptr,#0x4003
      0013ED E0               [24] 6312 	movx	a,@dptr
      0013EE FF               [12] 6313 	mov	r7,a
      0013EF 30 E3 F8         [24] 6314 	jnb	acc.3,00179$
                                   6315 ;	..\COMMON\easyax5043.c:1192: radio_read8(AX5043_REG_RADIOEVENTREQ0); // make sure REVRDONE bit is cleared, so it is a reliable indicator that the packet is out
      0013F2 90 40 0F         [24] 6316 	mov	dptr,#0x400f
      0013F5 E0               [24] 6317 	movx	a,@dptr
                                   6318 ;	..\COMMON\easyax5043.c:1193: radio_write8(AX5043_REG_FIFOTHRESH1, 0);
      0013F6 90 40 2E         [24] 6319 	mov	dptr,#0x402e
      0013F9 E4               [12] 6320 	clr	a
      0013FA F0               [24] 6321 	movx	@dptr,a
                                   6322 ;	..\COMMON\easyax5043.c:1194: radio_write8(AX5043_REG_FIFOTHRESH0, 0x80);
      0013FB 90 40 2F         [24] 6323 	mov	dptr,#0x402f
      0013FE 74 80            [12] 6324 	mov	a,#0x80
      001400 F0               [24] 6325 	movx	@dptr,a
                                   6326 ;	..\COMMON\easyax5043.c:1195: axradio_trxstate = trxstate_tx_longpreamble;
      001401 75*01 0A         [24] 6327 	mov	_axradio_trxstate,#0x0a
                                   6328 ;	..\COMMON\easyax5043.c:1196: axradio_txbuffer_cnt = axradio_phy_preamble_longlen;
      001404 90r00r00         [24] 6329 	mov	dptr,#_axradio_phy_preamble_longlen
      001407 E4               [12] 6330 	clr	a
      001408 93               [24] 6331 	movc	a,@a+dptr
      001409 FE               [12] 6332 	mov	r6,a
      00140A 74 01            [12] 6333 	mov	a,#0x01
      00140C 93               [24] 6334 	movc	a,@a+dptr
      00140D FF               [12] 6335 	mov	r7,a
      00140E 90r00r03         [24] 6336 	mov	dptr,#_axradio_txbuffer_cnt
      001411 EE               [12] 6337 	mov	a,r6
      001412 F0               [24] 6338 	movx	@dptr,a
      001413 EF               [12] 6339 	mov	a,r7
      001414 A3               [24] 6340 	inc	dptr
      001415 F0               [24] 6341 	movx	@dptr,a
                                   6342 ;	..\COMMON\easyax5043.c:1198: if ((radio_read8(AX5043_REG_MODULATION) & 0x0F) == 9) { // 4-FSK
      001416 90 40 10         [24] 6343 	mov	dptr,#0x4010
      001419 E0               [24] 6344 	movx	a,@dptr
      00141A FF               [12] 6345 	mov	r7,a
      00141B 53 07 0F         [24] 6346 	anl	ar7,#0x0f
      00141E BF 09 11         [24] 6347 	cjne	r7,#0x09,00201$
                                   6348 ;	..\COMMON\easyax5043.c:1199: radio_write8(AX5043_REG_FIFODATA, (AX5043_FIFOCMD_DATA | (7 << 5)));
                                   6349 ;	..\COMMON\easyax5043.c:1200: radio_write8(AX5043_REG_FIFODATA, 2);  // length (including flags)
                                   6350 ;	..\COMMON\easyax5043.c:1201: radio_write8(AX5043_REG_FIFODATA, 0x01);  // flag PKTSTART -> dibit sync
      001421 90 40 29         [24] 6351 	mov	dptr,#0x4029
      001424 74 E1            [12] 6352 	mov	a,#0xe1
      001426 F0               [24] 6353 	movx	@dptr,a
      001427 74 02            [12] 6354 	mov	a,#0x02
      001429 F0               [24] 6355 	movx	@dptr,a
      00142A 14               [12] 6356 	dec	a
      00142B F0               [24] 6357 	movx	@dptr,a
                                   6358 ;	..\COMMON\easyax5043.c:1202: radio_write8(AX5043_REG_FIFODATA, 0x11); // dummy byte for forcing dibit sync
      00142C 90 40 29         [24] 6359 	mov	dptr,#0x4029
      00142F 74 11            [12] 6360 	mov	a,#0x11
      001431 F0               [24] 6361 	movx	@dptr,a
      001432                       6362 00201$:
                                   6363 ;	..\COMMON\easyax5043.c:1209: wtimer_remove(&axradio_timer);
      001432 90r02r8A         [24] 6364 	mov	dptr,#_axradio_timer
      001435 12r00r00         [24] 6365 	lcall	_wtimer_remove
                                   6366 ;	..\COMMON\easyax5043.c:1210: update_timeanchor();
      001438 12r00r00         [24] 6367 	lcall	_update_timeanchor
                                   6368 ;	..\COMMON\easyax5043.c:1211: radio_write8(AX5043_REG_IRQMASK0, 0x08); // enable fifo free threshold
      00143B 90 40 07         [24] 6369 	mov	dptr,#0x4007
      00143E 74 08            [12] 6370 	mov	a,#0x08
      001440 F0               [24] 6371 	movx	@dptr,a
                                   6372 ;	..\COMMON\easyax5043.c:1212: axradio_sync_addtime(axradio_sync_period);
      001441 90r00r00         [24] 6373 	mov	dptr,#_axradio_sync_period
      001444 E4               [12] 6374 	clr	a
      001445 93               [24] 6375 	movc	a,@a+dptr
      001446 FC               [12] 6376 	mov	r4,a
      001447 74 01            [12] 6377 	mov	a,#0x01
      001449 93               [24] 6378 	movc	a,@a+dptr
      00144A FD               [12] 6379 	mov	r5,a
      00144B 74 02            [12] 6380 	mov	a,#0x02
      00144D 93               [24] 6381 	movc	a,@a+dptr
      00144E FE               [12] 6382 	mov	r6,a
      00144F 74 03            [12] 6383 	mov	a,#0x03
      001451 93               [24] 6384 	movc	a,@a+dptr
      001452 8C 82            [24] 6385 	mov	dpl,r4
      001454 8D 83            [24] 6386 	mov	dph,r5
      001456 8E F0            [24] 6387 	mov	b,r6
      001458 12r0ErC6         [24] 6388 	lcall	_axradio_sync_addtime
                                   6389 ;	..\COMMON\easyax5043.c:1213: axradio_syncstate = syncstate_master_waitack;
      00145B 90r00r00         [24] 6390 	mov	dptr,#_axradio_syncstate
      00145E 74 05            [12] 6391 	mov	a,#0x05
      001460 F0               [24] 6392 	movx	@dptr,a
                                   6393 ;	..\COMMON\easyax5043.c:1214: if (axradio_mode != AXRADIO_MODE_SYNC_ACK_MASTER) {
      001461 74 31            [12] 6394 	mov	a,#0x31
      001463 B5*00 02         [24] 6395 	cjne	a,_axradio_mode,00348$
      001466 80 26            [24] 6396 	sjmp	00206$
      001468                       6397 00348$:
                                   6398 ;	..\COMMON\easyax5043.c:1215: axradio_syncstate = syncstate_master_normal;
      001468 90r00r00         [24] 6399 	mov	dptr,#_axradio_syncstate
      00146B 74 03            [12] 6400 	mov	a,#0x03
      00146D F0               [24] 6401 	movx	@dptr,a
                                   6402 ;	..\COMMON\easyax5043.c:1216: axradio_sync_settimeradv(axradio_sync_xoscstartup);
      00146E 90r00r00         [24] 6403 	mov	dptr,#_axradio_sync_xoscstartup
      001471 E4               [12] 6404 	clr	a
      001472 93               [24] 6405 	movc	a,@a+dptr
      001473 FC               [12] 6406 	mov	r4,a
      001474 74 01            [12] 6407 	mov	a,#0x01
      001476 93               [24] 6408 	movc	a,@a+dptr
      001477 FD               [12] 6409 	mov	r5,a
      001478 74 02            [12] 6410 	mov	a,#0x02
      00147A 93               [24] 6411 	movc	a,@a+dptr
      00147B FE               [12] 6412 	mov	r6,a
      00147C 74 03            [12] 6413 	mov	a,#0x03
      00147E 93               [24] 6414 	movc	a,@a+dptr
      00147F 8C 82            [24] 6415 	mov	dpl,r4
      001481 8D 83            [24] 6416 	mov	dph,r5
      001483 8E F0            [24] 6417 	mov	b,r6
      001485 12r0Fr17         [24] 6418 	lcall	_axradio_sync_settimeradv
                                   6419 ;	..\COMMON\easyax5043.c:1217: wtimer0_addabsolute(&axradio_timer);
      001488 90r02r8A         [24] 6420 	mov	dptr,#_axradio_timer
      00148B 12r00r00         [24] 6421 	lcall	_wtimer0_addabsolute
      00148E                       6422 00206$:
                                   6423 ;	..\COMMON\easyax5043.c:1219: wtimer_remove_callback(&axradio_cb_transmitstart.cb);
      00148E 90r02r6C         [24] 6424 	mov	dptr,#_axradio_cb_transmitstart
      001491 12r00r00         [24] 6425 	lcall	_wtimer_remove_callback
                                   6426 ;	..\COMMON\easyax5043.c:1220: axradio_cb_transmitstart.st.error = AXRADIO_ERR_NOERROR;
      001494 90r02r71         [24] 6427 	mov	dptr,#(_axradio_cb_transmitstart + 0x0005)
      001497 E4               [12] 6428 	clr	a
      001498 F0               [24] 6429 	movx	@dptr,a
                                   6430 ;	..\COMMON\easyax5043.c:1221: axradio_cb_transmitstart.st.time.t = axradio_timeanchor.radiotimer;
      001499 90r00r16         [24] 6431 	mov	dptr,#(_axradio_timeanchor + 0x0004)
      00149C E0               [24] 6432 	movx	a,@dptr
      00149D FC               [12] 6433 	mov	r4,a
      00149E A3               [24] 6434 	inc	dptr
      00149F E0               [24] 6435 	movx	a,@dptr
      0014A0 FD               [12] 6436 	mov	r5,a
      0014A1 A3               [24] 6437 	inc	dptr
      0014A2 E0               [24] 6438 	movx	a,@dptr
      0014A3 FE               [12] 6439 	mov	r6,a
      0014A4 A3               [24] 6440 	inc	dptr
      0014A5 E0               [24] 6441 	movx	a,@dptr
      0014A6 FF               [12] 6442 	mov	r7,a
      0014A7 90r02r72         [24] 6443 	mov	dptr,#(_axradio_cb_transmitstart + 0x0006)
      0014AA EC               [12] 6444 	mov	a,r4
      0014AB F0               [24] 6445 	movx	@dptr,a
      0014AC ED               [12] 6446 	mov	a,r5
      0014AD A3               [24] 6447 	inc	dptr
      0014AE F0               [24] 6448 	movx	@dptr,a
      0014AF EE               [12] 6449 	mov	a,r6
      0014B0 A3               [24] 6450 	inc	dptr
      0014B1 F0               [24] 6451 	movx	@dptr,a
      0014B2 EF               [12] 6452 	mov	a,r7
      0014B3 A3               [24] 6453 	inc	dptr
      0014B4 F0               [24] 6454 	movx	@dptr,a
                                   6455 ;	..\COMMON\easyax5043.c:1222: wtimer_add_callback(&axradio_cb_transmitstart.cb);
      0014B5 90r02r6C         [24] 6456 	mov	dptr,#_axradio_cb_transmitstart
                                   6457 ;	..\COMMON\easyax5043.c:1223: break;
      0014B8 02r00r00         [24] 6458 	ljmp	_wtimer_add_callback
                                   6459 ;	..\COMMON\easyax5043.c:1225: case syncstate_master_waitack:
      0014BB                       6460 00207$:
                                   6461 ;	..\COMMON\easyax5043.c:1226: ax5043_off();
      0014BB 12r0Dr0E         [24] 6462 	lcall	_ax5043_off
                                   6463 ;	..\COMMON\easyax5043.c:1227: axradio_syncstate = syncstate_master_normal;
      0014BE 90r00r00         [24] 6464 	mov	dptr,#_axradio_syncstate
      0014C1 74 03            [12] 6465 	mov	a,#0x03
      0014C3 F0               [24] 6466 	movx	@dptr,a
                                   6467 ;	..\COMMON\easyax5043.c:1228: wtimer_remove(&axradio_timer);
      0014C4 90r02r8A         [24] 6468 	mov	dptr,#_axradio_timer
      0014C7 12r00r00         [24] 6469 	lcall	_wtimer_remove
                                   6470 ;	..\COMMON\easyax5043.c:1229: axradio_sync_settimeradv(axradio_sync_xoscstartup);
      0014CA 90r00r00         [24] 6471 	mov	dptr,#_axradio_sync_xoscstartup
      0014CD E4               [12] 6472 	clr	a
      0014CE 93               [24] 6473 	movc	a,@a+dptr
      0014CF FC               [12] 6474 	mov	r4,a
      0014D0 74 01            [12] 6475 	mov	a,#0x01
      0014D2 93               [24] 6476 	movc	a,@a+dptr
      0014D3 FD               [12] 6477 	mov	r5,a
      0014D4 74 02            [12] 6478 	mov	a,#0x02
      0014D6 93               [24] 6479 	movc	a,@a+dptr
      0014D7 FE               [12] 6480 	mov	r6,a
      0014D8 74 03            [12] 6481 	mov	a,#0x03
      0014DA 93               [24] 6482 	movc	a,@a+dptr
      0014DB 8C 82            [24] 6483 	mov	dpl,r4
      0014DD 8D 83            [24] 6484 	mov	dph,r5
      0014DF 8E F0            [24] 6485 	mov	b,r6
      0014E1 12r0Fr17         [24] 6486 	lcall	_axradio_sync_settimeradv
                                   6487 ;	..\COMMON\easyax5043.c:1230: wtimer0_addabsolute(&axradio_timer);
      0014E4 90r02r8A         [24] 6488 	mov	dptr,#_axradio_timer
      0014E7 12r00r00         [24] 6489 	lcall	_wtimer0_addabsolute
                                   6490 ;	..\COMMON\easyax5043.c:1231: update_timeanchor();
      0014EA 12r00r00         [24] 6491 	lcall	_update_timeanchor
                                   6492 ;	..\COMMON\easyax5043.c:1232: wtimer_remove_callback(&axradio_cb_transmitend.cb);
      0014ED 90r02r76         [24] 6493 	mov	dptr,#_axradio_cb_transmitend
      0014F0 12r00r00         [24] 6494 	lcall	_wtimer_remove_callback
                                   6495 ;	..\COMMON\easyax5043.c:1233: axradio_cb_transmitend.st.error = AXRADIO_ERR_TIMEOUT;
      0014F3 90r02r7B         [24] 6496 	mov	dptr,#(_axradio_cb_transmitend + 0x0005)
      0014F6 74 03            [12] 6497 	mov	a,#0x03
      0014F8 F0               [24] 6498 	movx	@dptr,a
                                   6499 ;	..\COMMON\easyax5043.c:1234: axradio_cb_transmitend.st.time.t = axradio_timeanchor.radiotimer;
      0014F9 90r00r16         [24] 6500 	mov	dptr,#(_axradio_timeanchor + 0x0004)
      0014FC E0               [24] 6501 	movx	a,@dptr
      0014FD FC               [12] 6502 	mov	r4,a
      0014FE A3               [24] 6503 	inc	dptr
      0014FF E0               [24] 6504 	movx	a,@dptr
      001500 FD               [12] 6505 	mov	r5,a
      001501 A3               [24] 6506 	inc	dptr
      001502 E0               [24] 6507 	movx	a,@dptr
      001503 FE               [12] 6508 	mov	r6,a
      001504 A3               [24] 6509 	inc	dptr
      001505 E0               [24] 6510 	movx	a,@dptr
      001506 FF               [12] 6511 	mov	r7,a
      001507 90r02r7C         [24] 6512 	mov	dptr,#(_axradio_cb_transmitend + 0x0006)
      00150A EC               [12] 6513 	mov	a,r4
      00150B F0               [24] 6514 	movx	@dptr,a
      00150C ED               [12] 6515 	mov	a,r5
      00150D A3               [24] 6516 	inc	dptr
      00150E F0               [24] 6517 	movx	@dptr,a
      00150F EE               [12] 6518 	mov	a,r6
      001510 A3               [24] 6519 	inc	dptr
      001511 F0               [24] 6520 	movx	@dptr,a
      001512 EF               [12] 6521 	mov	a,r7
      001513 A3               [24] 6522 	inc	dptr
      001514 F0               [24] 6523 	movx	@dptr,a
                                   6524 ;	..\COMMON\easyax5043.c:1235: wtimer_add_callback(&axradio_cb_transmitend.cb);
      001515 90r02r76         [24] 6525 	mov	dptr,#_axradio_cb_transmitend
                                   6526 ;	..\COMMON\easyax5043.c:1238: break;
      001518 02r00r00         [24] 6527 	ljmp	_wtimer_add_callback
                                   6528 ;	..\COMMON\easyax5043.c:1240: case AXRADIO_MODE_SYNC_SLAVE:
      00151B                       6529 00209$:
                                   6530 ;	..\COMMON\easyax5043.c:1241: case AXRADIO_MODE_SYNC_ACK_SLAVE:
      00151B                       6531 00210$:
                                   6532 ;	..\COMMON\easyax5043.c:1242: switch (axradio_syncstate) {
      00151B 90r00r00         [24] 6533 	mov	dptr,#_axradio_syncstate
      00151E E0               [24] 6534 	movx	a,@dptr
      00151F FF               [12] 6535 	mov  r7,a
      001520 24 F3            [12] 6536 	add	a,#0xff - 0x0c
      001522 50 03            [24] 6537 	jnc	00349$
      001524 02r15r52         [24] 6538 	ljmp	00212$
      001527                       6539 00349$:
      001527 EF               [12] 6540 	mov	a,r7
      001528 F5 F0            [12] 6541 	mov	b,a
      00152A 24 0B            [12] 6542 	add	a,#(00350$-3-.)
      00152C 83               [24] 6543 	movc	a,@a+pc
      00152D F5 82            [12] 6544 	mov	dpl,a
      00152F E5 F0            [12] 6545 	mov	a,b
      001531 24 11            [12] 6546 	add	a,#(00351$-3-.)
      001533 83               [24] 6547 	movc	a,@a+pc
      001534 F5 83            [12] 6548 	mov	dph,a
      001536 E4               [12] 6549 	clr	a
      001537 73               [24] 6550 	jmp	@a+dptr
      001538                       6551 00350$:
      001538r52                    6552 	.db	00211$
      001539r52                    6553 	.db	00211$
      00153Ar52                    6554 	.db	00211$
      00153Br52                    6555 	.db	00211$
      00153Cr52                    6556 	.db	00211$
      00153Dr52                    6557 	.db	00211$
      00153Er52                    6558 	.db	00212$
      00153FrDD                    6559 	.db	00213$
      001540r6B                    6560 	.db	00214$
      001541rBD                    6561 	.db	00218$
      001542r6E                    6562 	.db	00221$
      001543rCC                    6563 	.db	00226$
      001544rE0                    6564 	.db	00233$
      001545                       6565 00351$:
      001545s15                    6566 	.db	00211$>>8
      001546s15                    6567 	.db	00211$>>8
      001547s15                    6568 	.db	00211$>>8
      001548s15                    6569 	.db	00211$>>8
      001549s15                    6570 	.db	00211$>>8
      00154As15                    6571 	.db	00211$>>8
      00154Bs15                    6572 	.db	00212$>>8
      00154Cs15                    6573 	.db	00213$>>8
      00154Ds16                    6574 	.db	00214$>>8
      00154Es16                    6575 	.db	00218$>>8
      00154Fs17                    6576 	.db	00221$>>8
      001550s17                    6577 	.db	00226$>>8
      001551s18                    6578 	.db	00233$>>8
                                   6579 ;	..\COMMON\easyax5043.c:1243: default:
      001552                       6580 00211$:
                                   6581 ;	..\COMMON\easyax5043.c:1244: case syncstate_slave_synchunt:
      001552                       6582 00212$:
                                   6583 ;	..\COMMON\easyax5043.c:1245: ax5043_off();
      001552 12r0Dr0E         [24] 6584 	lcall	_ax5043_off
                                   6585 ;	..\COMMON\easyax5043.c:1246: axradio_syncstate = syncstate_slave_syncpause;
      001555 90r00r00         [24] 6586 	mov	dptr,#_axradio_syncstate
      001558 74 07            [12] 6587 	mov	a,#0x07
      00155A F0               [24] 6588 	movx	@dptr,a
                                   6589 ;	..\COMMON\easyax5043.c:1247: axradio_sync_addtime(axradio_sync_slave_syncpause);
      00155B 90r00r00         [24] 6590 	mov	dptr,#_axradio_sync_slave_syncpause
      00155E E4               [12] 6591 	clr	a
      00155F 93               [24] 6592 	movc	a,@a+dptr
      001560 FC               [12] 6593 	mov	r4,a
      001561 74 01            [12] 6594 	mov	a,#0x01
      001563 93               [24] 6595 	movc	a,@a+dptr
      001564 FD               [12] 6596 	mov	r5,a
      001565 74 02            [12] 6597 	mov	a,#0x02
      001567 93               [24] 6598 	movc	a,@a+dptr
      001568 FE               [12] 6599 	mov	r6,a
      001569 74 03            [12] 6600 	mov	a,#0x03
      00156B 93               [24] 6601 	movc	a,@a+dptr
      00156C 8C 82            [24] 6602 	mov	dpl,r4
      00156E 8D 83            [24] 6603 	mov	dph,r5
      001570 8E F0            [24] 6604 	mov	b,r6
      001572 12r0ErC6         [24] 6605 	lcall	_axradio_sync_addtime
                                   6606 ;	..\COMMON\easyax5043.c:1248: wtimer_remove(&axradio_timer);
      001575 90r02r8A         [24] 6607 	mov	dptr,#_axradio_timer
      001578 12r00r00         [24] 6608 	lcall	_wtimer_remove
                                   6609 ;	..\COMMON\easyax5043.c:1249: axradio_timer.time = axradio_sync_time;
      00157B 90r00r0C         [24] 6610 	mov	dptr,#_axradio_sync_time
      00157E E0               [24] 6611 	movx	a,@dptr
      00157F FC               [12] 6612 	mov	r4,a
      001580 A3               [24] 6613 	inc	dptr
      001581 E0               [24] 6614 	movx	a,@dptr
      001582 FD               [12] 6615 	mov	r5,a
      001583 A3               [24] 6616 	inc	dptr
      001584 E0               [24] 6617 	movx	a,@dptr
      001585 FE               [12] 6618 	mov	r6,a
      001586 A3               [24] 6619 	inc	dptr
      001587 E0               [24] 6620 	movx	a,@dptr
      001588 FF               [12] 6621 	mov	r7,a
      001589 90r02r8E         [24] 6622 	mov	dptr,#(_axradio_timer + 0x0004)
      00158C EC               [12] 6623 	mov	a,r4
      00158D F0               [24] 6624 	movx	@dptr,a
      00158E ED               [12] 6625 	mov	a,r5
      00158F A3               [24] 6626 	inc	dptr
      001590 F0               [24] 6627 	movx	@dptr,a
      001591 EE               [12] 6628 	mov	a,r6
      001592 A3               [24] 6629 	inc	dptr
      001593 F0               [24] 6630 	movx	@dptr,a
      001594 EF               [12] 6631 	mov	a,r7
      001595 A3               [24] 6632 	inc	dptr
      001596 F0               [24] 6633 	movx	@dptr,a
                                   6634 ;	..\COMMON\easyax5043.c:1250: wtimer0_addabsolute(&axradio_timer);
      001597 90r02r8A         [24] 6635 	mov	dptr,#_axradio_timer
      00159A 12r00r00         [24] 6636 	lcall	_wtimer0_addabsolute
                                   6637 ;	..\COMMON\easyax5043.c:1251: wtimer_remove_callback(&axradio_cb_receive.cb);
      00159D 90r02r31         [24] 6638 	mov	dptr,#_axradio_cb_receive
      0015A0 12r00r00         [24] 6639 	lcall	_wtimer_remove_callback
                                   6640 ;	..\COMMON\easyax5043.c:1252: memset_xdata(&axradio_cb_receive.st, 0, sizeof(axradio_cb_receive.st));
      0015A3 75*00 00         [24] 6641 	mov	_memset_PARM_2,#0x00
      0015A6 75*00 20         [24] 6642 	mov	_memset_PARM_3,#0x20
      0015A9 75*01 00         [24] 6643 	mov	(_memset_PARM_3 + 1),#0x00
      0015AC 90r02r35         [24] 6644 	mov	dptr,#(_axradio_cb_receive + 0x0004)
      0015AF 75 F0 00         [24] 6645 	mov	b,#0x00
      0015B2 12r00r00         [24] 6646 	lcall	_memset
                                   6647 ;	..\COMMON\easyax5043.c:1253: axradio_cb_receive.st.time.t = axradio_timeanchor.radiotimer;
      0015B5 90r00r16         [24] 6648 	mov	dptr,#(_axradio_timeanchor + 0x0004)
      0015B8 E0               [24] 6649 	movx	a,@dptr
      0015B9 FC               [12] 6650 	mov	r4,a
      0015BA A3               [24] 6651 	inc	dptr
      0015BB E0               [24] 6652 	movx	a,@dptr
      0015BC FD               [12] 6653 	mov	r5,a
      0015BD A3               [24] 6654 	inc	dptr
      0015BE E0               [24] 6655 	movx	a,@dptr
      0015BF FE               [12] 6656 	mov	r6,a
      0015C0 A3               [24] 6657 	inc	dptr
      0015C1 E0               [24] 6658 	movx	a,@dptr
      0015C2 FF               [12] 6659 	mov	r7,a
      0015C3 90r02r37         [24] 6660 	mov	dptr,#(_axradio_cb_receive + 0x0006)
      0015C6 EC               [12] 6661 	mov	a,r4
      0015C7 F0               [24] 6662 	movx	@dptr,a
      0015C8 ED               [12] 6663 	mov	a,r5
      0015C9 A3               [24] 6664 	inc	dptr
      0015CA F0               [24] 6665 	movx	@dptr,a
      0015CB EE               [12] 6666 	mov	a,r6
      0015CC A3               [24] 6667 	inc	dptr
      0015CD F0               [24] 6668 	movx	@dptr,a
      0015CE EF               [12] 6669 	mov	a,r7
      0015CF A3               [24] 6670 	inc	dptr
      0015D0 F0               [24] 6671 	movx	@dptr,a
                                   6672 ;	..\COMMON\easyax5043.c:1254: axradio_cb_receive.st.error = AXRADIO_ERR_RESYNCTIMEOUT;
      0015D1 90r02r36         [24] 6673 	mov	dptr,#(_axradio_cb_receive + 0x0005)
      0015D4 74 0A            [12] 6674 	mov	a,#0x0a
      0015D6 F0               [24] 6675 	movx	@dptr,a
                                   6676 ;	..\COMMON\easyax5043.c:1255: wtimer_add_callback(&axradio_cb_receive.cb);
      0015D7 90r02r31         [24] 6677 	mov	dptr,#_axradio_cb_receive
                                   6678 ;	..\COMMON\easyax5043.c:1256: break;
      0015DA 02r00r00         [24] 6679 	ljmp	_wtimer_add_callback
                                   6680 ;	..\COMMON\easyax5043.c:1258: case syncstate_slave_syncpause:
      0015DD                       6681 00213$:
                                   6682 ;	..\COMMON\easyax5043.c:1259: ax5043_receiver_on_continuous();
      0015DD 12r0BrBF         [24] 6683 	lcall	_ax5043_receiver_on_continuous
                                   6684 ;	..\COMMON\easyax5043.c:1260: axradio_syncstate = syncstate_slave_synchunt;
      0015E0 90r00r00         [24] 6685 	mov	dptr,#_axradio_syncstate
      0015E3 74 06            [12] 6686 	mov	a,#0x06
      0015E5 F0               [24] 6687 	movx	@dptr,a
                                   6688 ;	..\COMMON\easyax5043.c:1261: axradio_sync_addtime(axradio_sync_slave_syncwindow);
      0015E6 90r00r00         [24] 6689 	mov	dptr,#_axradio_sync_slave_syncwindow
      0015E9 E4               [12] 6690 	clr	a
      0015EA 93               [24] 6691 	movc	a,@a+dptr
      0015EB FC               [12] 6692 	mov	r4,a
      0015EC 74 01            [12] 6693 	mov	a,#0x01
      0015EE 93               [24] 6694 	movc	a,@a+dptr
      0015EF FD               [12] 6695 	mov	r5,a
      0015F0 74 02            [12] 6696 	mov	a,#0x02
      0015F2 93               [24] 6697 	movc	a,@a+dptr
      0015F3 FE               [12] 6698 	mov	r6,a
      0015F4 74 03            [12] 6699 	mov	a,#0x03
      0015F6 93               [24] 6700 	movc	a,@a+dptr
      0015F7 8C 82            [24] 6701 	mov	dpl,r4
      0015F9 8D 83            [24] 6702 	mov	dph,r5
      0015FB 8E F0            [24] 6703 	mov	b,r6
      0015FD 12r0ErC6         [24] 6704 	lcall	_axradio_sync_addtime
                                   6705 ;	..\COMMON\easyax5043.c:1262: wtimer_remove(&axradio_timer);
      001600 90r02r8A         [24] 6706 	mov	dptr,#_axradio_timer
      001603 12r00r00         [24] 6707 	lcall	_wtimer_remove
                                   6708 ;	..\COMMON\easyax5043.c:1263: axradio_timer.time = axradio_sync_time;
      001606 90r00r0C         [24] 6709 	mov	dptr,#_axradio_sync_time
      001609 E0               [24] 6710 	movx	a,@dptr
      00160A FC               [12] 6711 	mov	r4,a
      00160B A3               [24] 6712 	inc	dptr
      00160C E0               [24] 6713 	movx	a,@dptr
      00160D FD               [12] 6714 	mov	r5,a
      00160E A3               [24] 6715 	inc	dptr
      00160F E0               [24] 6716 	movx	a,@dptr
      001610 FE               [12] 6717 	mov	r6,a
      001611 A3               [24] 6718 	inc	dptr
      001612 E0               [24] 6719 	movx	a,@dptr
      001613 FF               [12] 6720 	mov	r7,a
      001614 90r02r8E         [24] 6721 	mov	dptr,#(_axradio_timer + 0x0004)
      001617 EC               [12] 6722 	mov	a,r4
      001618 F0               [24] 6723 	movx	@dptr,a
      001619 ED               [12] 6724 	mov	a,r5
      00161A A3               [24] 6725 	inc	dptr
      00161B F0               [24] 6726 	movx	@dptr,a
      00161C EE               [12] 6727 	mov	a,r6
      00161D A3               [24] 6728 	inc	dptr
      00161E F0               [24] 6729 	movx	@dptr,a
      00161F EF               [12] 6730 	mov	a,r7
      001620 A3               [24] 6731 	inc	dptr
      001621 F0               [24] 6732 	movx	@dptr,a
                                   6733 ;	..\COMMON\easyax5043.c:1264: wtimer0_addabsolute(&axradio_timer);
      001622 90r02r8A         [24] 6734 	mov	dptr,#_axradio_timer
      001625 12r00r00         [24] 6735 	lcall	_wtimer0_addabsolute
                                   6736 ;	..\COMMON\easyax5043.c:1265: update_timeanchor();
      001628 12r00r00         [24] 6737 	lcall	_update_timeanchor
                                   6738 ;	..\COMMON\easyax5043.c:1266: wtimer_remove_callback(&axradio_cb_receive.cb);
      00162B 90r02r31         [24] 6739 	mov	dptr,#_axradio_cb_receive
      00162E 12r00r00         [24] 6740 	lcall	_wtimer_remove_callback
                                   6741 ;	..\COMMON\easyax5043.c:1267: memset_xdata(&axradio_cb_receive.st, 0, sizeof(axradio_cb_receive.st));
      001631 75*00 00         [24] 6742 	mov	_memset_PARM_2,#0x00
      001634 75*00 20         [24] 6743 	mov	_memset_PARM_3,#0x20
      001637 75*01 00         [24] 6744 	mov	(_memset_PARM_3 + 1),#0x00
      00163A 90r02r35         [24] 6745 	mov	dptr,#(_axradio_cb_receive + 0x0004)
      00163D 75 F0 00         [24] 6746 	mov	b,#0x00
      001640 12r00r00         [24] 6747 	lcall	_memset
                                   6748 ;	..\COMMON\easyax5043.c:1268: axradio_cb_receive.st.time.t = axradio_timeanchor.radiotimer;
      001643 90r00r16         [24] 6749 	mov	dptr,#(_axradio_timeanchor + 0x0004)
      001646 E0               [24] 6750 	movx	a,@dptr
      001647 FC               [12] 6751 	mov	r4,a
      001648 A3               [24] 6752 	inc	dptr
      001649 E0               [24] 6753 	movx	a,@dptr
      00164A FD               [12] 6754 	mov	r5,a
      00164B A3               [24] 6755 	inc	dptr
      00164C E0               [24] 6756 	movx	a,@dptr
      00164D FE               [12] 6757 	mov	r6,a
      00164E A3               [24] 6758 	inc	dptr
      00164F E0               [24] 6759 	movx	a,@dptr
      001650 FF               [12] 6760 	mov	r7,a
      001651 90r02r37         [24] 6761 	mov	dptr,#(_axradio_cb_receive + 0x0006)
      001654 EC               [12] 6762 	mov	a,r4
      001655 F0               [24] 6763 	movx	@dptr,a
      001656 ED               [12] 6764 	mov	a,r5
      001657 A3               [24] 6765 	inc	dptr
      001658 F0               [24] 6766 	movx	@dptr,a
      001659 EE               [12] 6767 	mov	a,r6
      00165A A3               [24] 6768 	inc	dptr
      00165B F0               [24] 6769 	movx	@dptr,a
      00165C EF               [12] 6770 	mov	a,r7
      00165D A3               [24] 6771 	inc	dptr
      00165E F0               [24] 6772 	movx	@dptr,a
                                   6773 ;	..\COMMON\easyax5043.c:1269: axradio_cb_receive.st.error = AXRADIO_ERR_RESYNC;
      00165F 90r02r36         [24] 6774 	mov	dptr,#(_axradio_cb_receive + 0x0005)
      001662 74 09            [12] 6775 	mov	a,#0x09
      001664 F0               [24] 6776 	movx	@dptr,a
                                   6777 ;	..\COMMON\easyax5043.c:1270: wtimer_add_callback(&axradio_cb_receive.cb);
      001665 90r02r31         [24] 6778 	mov	dptr,#_axradio_cb_receive
                                   6779 ;	..\COMMON\easyax5043.c:1271: break;
      001668 02r00r00         [24] 6780 	ljmp	_wtimer_add_callback
                                   6781 ;	..\COMMON\easyax5043.c:1273: case syncstate_slave_rxidle:
      00166B                       6782 00214$:
                                   6783 ;	..\COMMON\easyax5043.c:1274: radio_write8(AX5043_REG_PWRMODE, AX5043_PWRSTATE_XTAL_ON);
      00166B 90 40 02         [24] 6784 	mov	dptr,#0x4002
      00166E 74 05            [12] 6785 	mov	a,#0x05
      001670 F0               [24] 6786 	movx	@dptr,a
                                   6787 ;	..\COMMON\easyax5043.c:1275: axradio_syncstate = syncstate_slave_rxxosc;
      001671 90r00r00         [24] 6788 	mov	dptr,#_axradio_syncstate
      001674 74 09            [12] 6789 	mov	a,#0x09
      001676 F0               [24] 6790 	movx	@dptr,a
                                   6791 ;	..\COMMON\easyax5043.c:1276: wtimer_remove(&axradio_timer);
      001677 90r02r8A         [24] 6792 	mov	dptr,#_axradio_timer
      00167A 12r00r00         [24] 6793 	lcall	_wtimer_remove
                                   6794 ;	..\COMMON\easyax5043.c:1277: axradio_timer.time += axradio_sync_xoscstartup;
      00167D 90r02r8E         [24] 6795 	mov	dptr,#(_axradio_timer + 0x0004)
      001680 E0               [24] 6796 	movx	a,@dptr
      001681 FC               [12] 6797 	mov	r4,a
      001682 A3               [24] 6798 	inc	dptr
      001683 E0               [24] 6799 	movx	a,@dptr
      001684 FD               [12] 6800 	mov	r5,a
      001685 A3               [24] 6801 	inc	dptr
      001686 E0               [24] 6802 	movx	a,@dptr
      001687 FE               [12] 6803 	mov	r6,a
      001688 A3               [24] 6804 	inc	dptr
      001689 E0               [24] 6805 	movx	a,@dptr
      00168A FF               [12] 6806 	mov	r7,a
      00168B 90r00r00         [24] 6807 	mov	dptr,#_axradio_sync_xoscstartup
      00168E E4               [12] 6808 	clr	a
      00168F 93               [24] 6809 	movc	a,@a+dptr
      001690 F8               [12] 6810 	mov	r0,a
      001691 74 01            [12] 6811 	mov	a,#0x01
      001693 93               [24] 6812 	movc	a,@a+dptr
      001694 F9               [12] 6813 	mov	r1,a
      001695 74 02            [12] 6814 	mov	a,#0x02
      001697 93               [24] 6815 	movc	a,@a+dptr
      001698 FA               [12] 6816 	mov	r2,a
      001699 74 03            [12] 6817 	mov	a,#0x03
      00169B 93               [24] 6818 	movc	a,@a+dptr
      00169C FB               [12] 6819 	mov	r3,a
      00169D E8               [12] 6820 	mov	a,r0
      00169E 2C               [12] 6821 	add	a,r4
      00169F FC               [12] 6822 	mov	r4,a
      0016A0 E9               [12] 6823 	mov	a,r1
      0016A1 3D               [12] 6824 	addc	a,r5
      0016A2 FD               [12] 6825 	mov	r5,a
      0016A3 EA               [12] 6826 	mov	a,r2
      0016A4 3E               [12] 6827 	addc	a,r6
      0016A5 FE               [12] 6828 	mov	r6,a
      0016A6 EB               [12] 6829 	mov	a,r3
      0016A7 3F               [12] 6830 	addc	a,r7
      0016A8 FF               [12] 6831 	mov	r7,a
      0016A9 90r02r8E         [24] 6832 	mov	dptr,#(_axradio_timer + 0x0004)
      0016AC EC               [12] 6833 	mov	a,r4
      0016AD F0               [24] 6834 	movx	@dptr,a
      0016AE ED               [12] 6835 	mov	a,r5
      0016AF A3               [24] 6836 	inc	dptr
      0016B0 F0               [24] 6837 	movx	@dptr,a
      0016B1 EE               [12] 6838 	mov	a,r6
      0016B2 A3               [24] 6839 	inc	dptr
      0016B3 F0               [24] 6840 	movx	@dptr,a
      0016B4 EF               [12] 6841 	mov	a,r7
      0016B5 A3               [24] 6842 	inc	dptr
      0016B6 F0               [24] 6843 	movx	@dptr,a
                                   6844 ;	..\COMMON\easyax5043.c:1278: wtimer0_addabsolute(&axradio_timer);
      0016B7 90r02r8A         [24] 6845 	mov	dptr,#_axradio_timer
                                   6846 ;	..\COMMON\easyax5043.c:1279: break;
      0016BA 02r00r00         [24] 6847 	ljmp	_wtimer0_addabsolute
                                   6848 ;	..\COMMON\easyax5043.c:1281: case syncstate_slave_rxxosc:
      0016BD                       6849 00218$:
                                   6850 ;	..\COMMON\easyax5043.c:1282: ax5043_receiver_on_continuous();
      0016BD 12r0BrBF         [24] 6851 	lcall	_ax5043_receiver_on_continuous
                                   6852 ;	..\COMMON\easyax5043.c:1283: axradio_syncstate = syncstate_slave_rxsfdwindow;
      0016C0 90r00r00         [24] 6853 	mov	dptr,#_axradio_syncstate
      0016C3 74 0A            [12] 6854 	mov	a,#0x0a
      0016C5 F0               [24] 6855 	movx	@dptr,a
                                   6856 ;	..\COMMON\easyax5043.c:1284: update_timeanchor();
      0016C6 12r00r00         [24] 6857 	lcall	_update_timeanchor
                                   6858 ;	..\COMMON\easyax5043.c:1285: wtimer_remove_callback(&axradio_cb_receive.cb);
      0016C9 90r02r31         [24] 6859 	mov	dptr,#_axradio_cb_receive
      0016CC 12r00r00         [24] 6860 	lcall	_wtimer_remove_callback
                                   6861 ;	..\COMMON\easyax5043.c:1286: memset_xdata(&axradio_cb_receive.st, 0, sizeof(axradio_cb_receive.st));
      0016CF 75*00 00         [24] 6862 	mov	_memset_PARM_2,#0x00
      0016D2 75*00 20         [24] 6863 	mov	_memset_PARM_3,#0x20
      0016D5 75*01 00         [24] 6864 	mov	(_memset_PARM_3 + 1),#0x00
      0016D8 90r02r35         [24] 6865 	mov	dptr,#(_axradio_cb_receive + 0x0004)
      0016DB 75 F0 00         [24] 6866 	mov	b,#0x00
      0016DE 12r00r00         [24] 6867 	lcall	_memset
                                   6868 ;	..\COMMON\easyax5043.c:1287: axradio_cb_receive.st.time.t = axradio_timeanchor.radiotimer;
      0016E1 90r00r16         [24] 6869 	mov	dptr,#(_axradio_timeanchor + 0x0004)
      0016E4 E0               [24] 6870 	movx	a,@dptr
      0016E5 FC               [12] 6871 	mov	r4,a
      0016E6 A3               [24] 6872 	inc	dptr
      0016E7 E0               [24] 6873 	movx	a,@dptr
      0016E8 FD               [12] 6874 	mov	r5,a
      0016E9 A3               [24] 6875 	inc	dptr
      0016EA E0               [24] 6876 	movx	a,@dptr
      0016EB FE               [12] 6877 	mov	r6,a
      0016EC A3               [24] 6878 	inc	dptr
      0016ED E0               [24] 6879 	movx	a,@dptr
      0016EE FF               [12] 6880 	mov	r7,a
      0016EF 90r02r37         [24] 6881 	mov	dptr,#(_axradio_cb_receive + 0x0006)
      0016F2 EC               [12] 6882 	mov	a,r4
      0016F3 F0               [24] 6883 	movx	@dptr,a
      0016F4 ED               [12] 6884 	mov	a,r5
      0016F5 A3               [24] 6885 	inc	dptr
      0016F6 F0               [24] 6886 	movx	@dptr,a
      0016F7 EE               [12] 6887 	mov	a,r6
      0016F8 A3               [24] 6888 	inc	dptr
      0016F9 F0               [24] 6889 	movx	@dptr,a
      0016FA EF               [12] 6890 	mov	a,r7
      0016FB A3               [24] 6891 	inc	dptr
      0016FC F0               [24] 6892 	movx	@dptr,a
                                   6893 ;	..\COMMON\easyax5043.c:1288: axradio_cb_receive.st.error = AXRADIO_ERR_RECEIVESTART;
      0016FD 90r02r36         [24] 6894 	mov	dptr,#(_axradio_cb_receive + 0x0005)
      001700 74 0B            [12] 6895 	mov	a,#0x0b
      001702 F0               [24] 6896 	movx	@dptr,a
                                   6897 ;	..\COMMON\easyax5043.c:1289: wtimer_add_callback(&axradio_cb_receive.cb);
      001703 90r02r31         [24] 6898 	mov	dptr,#_axradio_cb_receive
      001706 12r00r00         [24] 6899 	lcall	_wtimer_add_callback
                                   6900 ;	..\COMMON\easyax5043.c:1290: wtimer_remove(&axradio_timer);
      001709 90r02r8A         [24] 6901 	mov	dptr,#_axradio_timer
      00170C 12r00r00         [24] 6902 	lcall	_wtimer_remove
                                   6903 ;	..\COMMON\easyax5043.c:1292: uint8_t __autodata idx = axradio_sync_seqnr;
      00170F 90r00r0B         [24] 6904 	mov	dptr,#_axradio_ack_seqnr
      001712 E0               [24] 6905 	movx	a,@dptr
      001713 FF               [12] 6906 	mov	r7,a
                                   6907 ;	..\COMMON\easyax5043.c:1293: if (idx >= axradio_sync_slave_nrrx)
      001714 90r00r00         [24] 6908 	mov	dptr,#_axradio_sync_slave_nrrx
      001717 E4               [12] 6909 	clr	a
      001718 93               [24] 6910 	movc	a,@a+dptr
      001719 FE               [12] 6911 	mov	r6,a
      00171A C3               [12] 6912 	clr	c
      00171B EF               [12] 6913 	mov	a,r7
      00171C 9E               [12] 6914 	subb	a,r6
      00171D 40 03            [24] 6915 	jc	00220$
                                   6916 ;	..\COMMON\easyax5043.c:1294: idx = axradio_sync_slave_nrrx - 1;
      00171F EE               [12] 6917 	mov	a,r6
      001720 14               [12] 6918 	dec	a
      001721 FF               [12] 6919 	mov	r7,a
      001722                       6920 00220$:
                                   6921 ;	..\COMMON\easyax5043.c:1295: axradio_timer.time += axradio_sync_slave_rxwindow[idx];
      001722 90r02r8E         [24] 6922 	mov	dptr,#(_axradio_timer + 0x0004)
      001725 E0               [24] 6923 	movx	a,@dptr
      001726 FB               [12] 6924 	mov	r3,a
      001727 A3               [24] 6925 	inc	dptr
      001728 E0               [24] 6926 	movx	a,@dptr
      001729 FC               [12] 6927 	mov	r4,a
      00172A A3               [24] 6928 	inc	dptr
      00172B E0               [24] 6929 	movx	a,@dptr
      00172C FD               [12] 6930 	mov	r5,a
      00172D A3               [24] 6931 	inc	dptr
      00172E E0               [24] 6932 	movx	a,@dptr
      00172F FE               [12] 6933 	mov	r6,a
      001730 EF               [12] 6934 	mov	a,r7
      001731 75 F0 04         [24] 6935 	mov	b,#0x04
      001734 A4               [48] 6936 	mul	ab
      001735 24r00            [12] 6937 	add	a,#_axradio_sync_slave_rxwindow
      001737 F5 82            [12] 6938 	mov	dpl,a
      001739 74s00            [12] 6939 	mov	a,#(_axradio_sync_slave_rxwindow >> 8)
      00173B 35 F0            [12] 6940 	addc	a,b
      00173D F5 83            [12] 6941 	mov	dph,a
      00173F E4               [12] 6942 	clr	a
      001740 93               [24] 6943 	movc	a,@a+dptr
      001741 F8               [12] 6944 	mov	r0,a
      001742 A3               [24] 6945 	inc	dptr
      001743 E4               [12] 6946 	clr	a
      001744 93               [24] 6947 	movc	a,@a+dptr
      001745 F9               [12] 6948 	mov	r1,a
      001746 A3               [24] 6949 	inc	dptr
      001747 E4               [12] 6950 	clr	a
      001748 93               [24] 6951 	movc	a,@a+dptr
      001749 FA               [12] 6952 	mov	r2,a
      00174A A3               [24] 6953 	inc	dptr
      00174B E4               [12] 6954 	clr	a
      00174C 93               [24] 6955 	movc	a,@a+dptr
      00174D FF               [12] 6956 	mov	r7,a
      00174E E8               [12] 6957 	mov	a,r0
      00174F 2B               [12] 6958 	add	a,r3
      001750 FB               [12] 6959 	mov	r3,a
      001751 E9               [12] 6960 	mov	a,r1
      001752 3C               [12] 6961 	addc	a,r4
      001753 FC               [12] 6962 	mov	r4,a
      001754 EA               [12] 6963 	mov	a,r2
      001755 3D               [12] 6964 	addc	a,r5
      001756 FD               [12] 6965 	mov	r5,a
      001757 EF               [12] 6966 	mov	a,r7
      001758 3E               [12] 6967 	addc	a,r6
      001759 FE               [12] 6968 	mov	r6,a
      00175A 90r02r8E         [24] 6969 	mov	dptr,#(_axradio_timer + 0x0004)
      00175D EB               [12] 6970 	mov	a,r3
      00175E F0               [24] 6971 	movx	@dptr,a
      00175F EC               [12] 6972 	mov	a,r4
      001760 A3               [24] 6973 	inc	dptr
      001761 F0               [24] 6974 	movx	@dptr,a
      001762 ED               [12] 6975 	mov	a,r5
      001763 A3               [24] 6976 	inc	dptr
      001764 F0               [24] 6977 	movx	@dptr,a
      001765 EE               [12] 6978 	mov	a,r6
      001766 A3               [24] 6979 	inc	dptr
      001767 F0               [24] 6980 	movx	@dptr,a
                                   6981 ;	..\COMMON\easyax5043.c:1297: wtimer0_addabsolute(&axradio_timer);
      001768 90r02r8A         [24] 6982 	mov	dptr,#_axradio_timer
                                   6983 ;	..\COMMON\easyax5043.c:1298: break;
      00176B 02r00r00         [24] 6984 	ljmp	_wtimer0_addabsolute
                                   6985 ;	..\COMMON\easyax5043.c:1300: case syncstate_slave_rxsfdwindow:
      00176E                       6986 00221$:
                                   6987 ;	..\COMMON\easyax5043.c:1302: uint8_t __autodata rs = radio_read8(AX5043_REG_RADIOSTATE);
      00176E 90 40 1C         [24] 6988 	mov	dptr,#0x401c
      001771 E0               [24] 6989 	movx	a,@dptr
                                   6990 ;	..\COMMON\easyax5043.c:1303: if (!rs)
      001772 FF               [12] 6991 	mov	r7,a
      001773 FE               [12] 6992 	mov	r6,a
      001774 70 01            [24] 6993 	jnz	00353$
      001776 22               [24] 6994 	ret
      001777                       6995 00353$:
                                   6996 ;	..\COMMON\easyax5043.c:1306: if (!(0x0F & (uint8_t)~rs)) {
      001777 EE               [12] 6997 	mov	a,r6
      001778 F4               [12] 6998 	cpl	a
      001779 FE               [12] 6999 	mov	r6,a
      00177A 54 0F            [12] 7000 	anl	a,#0x0f
      00177C 60 02            [24] 7001 	jz	00355$
      00177E 80 4C            [24] 7002 	sjmp	00226$
      001780                       7003 00355$:
                                   7004 ;	..\COMMON\easyax5043.c:1307: axradio_syncstate = syncstate_slave_rxpacket;
      001780 90r00r00         [24] 7005 	mov	dptr,#_axradio_syncstate
      001783 74 0B            [12] 7006 	mov	a,#0x0b
      001785 F0               [24] 7007 	movx	@dptr,a
                                   7008 ;	..\COMMON\easyax5043.c:1308: wtimer_remove(&axradio_timer);
      001786 90r02r8A         [24] 7009 	mov	dptr,#_axradio_timer
      001789 12r00r00         [24] 7010 	lcall	_wtimer_remove
                                   7011 ;	..\COMMON\easyax5043.c:1309: axradio_timer.time += axradio_sync_slave_rxtimeout;
      00178C 90r02r8E         [24] 7012 	mov	dptr,#(_axradio_timer + 0x0004)
      00178F E0               [24] 7013 	movx	a,@dptr
      001790 FC               [12] 7014 	mov	r4,a
      001791 A3               [24] 7015 	inc	dptr
      001792 E0               [24] 7016 	movx	a,@dptr
      001793 FD               [12] 7017 	mov	r5,a
      001794 A3               [24] 7018 	inc	dptr
      001795 E0               [24] 7019 	movx	a,@dptr
      001796 FE               [12] 7020 	mov	r6,a
      001797 A3               [24] 7021 	inc	dptr
      001798 E0               [24] 7022 	movx	a,@dptr
      001799 FF               [12] 7023 	mov	r7,a
      00179A 90r00r00         [24] 7024 	mov	dptr,#_axradio_sync_slave_rxtimeout
      00179D E4               [12] 7025 	clr	a
      00179E 93               [24] 7026 	movc	a,@a+dptr
      00179F F8               [12] 7027 	mov	r0,a
      0017A0 74 01            [12] 7028 	mov	a,#0x01
      0017A2 93               [24] 7029 	movc	a,@a+dptr
      0017A3 F9               [12] 7030 	mov	r1,a
      0017A4 74 02            [12] 7031 	mov	a,#0x02
      0017A6 93               [24] 7032 	movc	a,@a+dptr
      0017A7 FA               [12] 7033 	mov	r2,a
      0017A8 74 03            [12] 7034 	mov	a,#0x03
      0017AA 93               [24] 7035 	movc	a,@a+dptr
      0017AB FB               [12] 7036 	mov	r3,a
      0017AC E8               [12] 7037 	mov	a,r0
      0017AD 2C               [12] 7038 	add	a,r4
      0017AE FC               [12] 7039 	mov	r4,a
      0017AF E9               [12] 7040 	mov	a,r1
      0017B0 3D               [12] 7041 	addc	a,r5
      0017B1 FD               [12] 7042 	mov	r5,a
      0017B2 EA               [12] 7043 	mov	a,r2
      0017B3 3E               [12] 7044 	addc	a,r6
      0017B4 FE               [12] 7045 	mov	r6,a
      0017B5 EB               [12] 7046 	mov	a,r3
      0017B6 3F               [12] 7047 	addc	a,r7
      0017B7 FF               [12] 7048 	mov	r7,a
      0017B8 90r02r8E         [24] 7049 	mov	dptr,#(_axradio_timer + 0x0004)
      0017BB EC               [12] 7050 	mov	a,r4
      0017BC F0               [24] 7051 	movx	@dptr,a
      0017BD ED               [12] 7052 	mov	a,r5
      0017BE A3               [24] 7053 	inc	dptr
      0017BF F0               [24] 7054 	movx	@dptr,a
      0017C0 EE               [12] 7055 	mov	a,r6
      0017C1 A3               [24] 7056 	inc	dptr
      0017C2 F0               [24] 7057 	movx	@dptr,a
      0017C3 EF               [12] 7058 	mov	a,r7
      0017C4 A3               [24] 7059 	inc	dptr
      0017C5 F0               [24] 7060 	movx	@dptr,a
                                   7061 ;	..\COMMON\easyax5043.c:1310: wtimer0_addabsolute(&axradio_timer);
      0017C6 90r02r8A         [24] 7062 	mov	dptr,#_axradio_timer
                                   7063 ;	..\COMMON\easyax5043.c:1311: break;
      0017C9 02r00r00         [24] 7064 	ljmp	_wtimer0_addabsolute
                                   7065 ;	..\COMMON\easyax5043.c:1316: case syncstate_slave_rxpacket:
      0017CC                       7066 00226$:
                                   7067 ;	..\COMMON\easyax5043.c:1317: ax5043_off();
      0017CC 12r0Dr0E         [24] 7068 	lcall	_ax5043_off
                                   7069 ;	..\COMMON\easyax5043.c:1318: if (!axradio_sync_seqnr)
      0017CF 90r00r0B         [24] 7070 	mov	dptr,#_axradio_ack_seqnr
      0017D2 E0               [24] 7071 	movx	a,@dptr
      0017D3 70 06            [24] 7072 	jnz	00228$
                                   7073 ;	..\COMMON\easyax5043.c:1319: axradio_sync_seqnr = 1;
      0017D5 90r00r0B         [24] 7074 	mov	dptr,#_axradio_ack_seqnr
      0017D8 74 01            [12] 7075 	mov	a,#0x01
      0017DA F0               [24] 7076 	movx	@dptr,a
      0017DB                       7077 00228$:
                                   7078 ;	..\COMMON\easyax5043.c:1320: ++axradio_sync_seqnr;
      0017DB 90r00r0B         [24] 7079 	mov	dptr,#_axradio_ack_seqnr
      0017DE E0               [24] 7080 	movx	a,@dptr
      0017DF 24 01            [12] 7081 	add	a,#0x01
      0017E1 F0               [24] 7082 	movx	@dptr,a
                                   7083 ;	..\COMMON\easyax5043.c:1321: update_timeanchor();
      0017E2 12r00r00         [24] 7084 	lcall	_update_timeanchor
                                   7085 ;	..\COMMON\easyax5043.c:1322: wtimer_remove_callback(&axradio_cb_receive.cb);
      0017E5 90r02r31         [24] 7086 	mov	dptr,#_axradio_cb_receive
      0017E8 12r00r00         [24] 7087 	lcall	_wtimer_remove_callback
                                   7088 ;	..\COMMON\easyax5043.c:1323: memset_xdata(&axradio_cb_receive.st, 0, sizeof(axradio_cb_receive.st));
      0017EB 75*00 00         [24] 7089 	mov	_memset_PARM_2,#0x00
      0017EE 75*00 20         [24] 7090 	mov	_memset_PARM_3,#0x20
      0017F1 75*01 00         [24] 7091 	mov	(_memset_PARM_3 + 1),#0x00
      0017F4 90r02r35         [24] 7092 	mov	dptr,#(_axradio_cb_receive + 0x0004)
      0017F7 75 F0 00         [24] 7093 	mov	b,#0x00
      0017FA 12r00r00         [24] 7094 	lcall	_memset
                                   7095 ;	..\COMMON\easyax5043.c:1324: axradio_cb_receive.st.time.t = axradio_timeanchor.radiotimer;
      0017FD 90r00r16         [24] 7096 	mov	dptr,#(_axradio_timeanchor + 0x0004)
      001800 E0               [24] 7097 	movx	a,@dptr
      001801 FC               [12] 7098 	mov	r4,a
      001802 A3               [24] 7099 	inc	dptr
      001803 E0               [24] 7100 	movx	a,@dptr
      001804 FD               [12] 7101 	mov	r5,a
      001805 A3               [24] 7102 	inc	dptr
      001806 E0               [24] 7103 	movx	a,@dptr
      001807 FE               [12] 7104 	mov	r6,a
      001808 A3               [24] 7105 	inc	dptr
      001809 E0               [24] 7106 	movx	a,@dptr
      00180A FF               [12] 7107 	mov	r7,a
      00180B 90r02r37         [24] 7108 	mov	dptr,#(_axradio_cb_receive + 0x0006)
      00180E EC               [12] 7109 	mov	a,r4
      00180F F0               [24] 7110 	movx	@dptr,a
      001810 ED               [12] 7111 	mov	a,r5
      001811 A3               [24] 7112 	inc	dptr
      001812 F0               [24] 7113 	movx	@dptr,a
      001813 EE               [12] 7114 	mov	a,r6
      001814 A3               [24] 7115 	inc	dptr
      001815 F0               [24] 7116 	movx	@dptr,a
      001816 EF               [12] 7117 	mov	a,r7
      001817 A3               [24] 7118 	inc	dptr
      001818 F0               [24] 7119 	movx	@dptr,a
                                   7120 ;	..\COMMON\easyax5043.c:1325: axradio_cb_receive.st.error = AXRADIO_ERR_TIMEOUT;
      001819 90r02r36         [24] 7121 	mov	dptr,#(_axradio_cb_receive + 0x0005)
      00181C 74 03            [12] 7122 	mov	a,#0x03
      00181E F0               [24] 7123 	movx	@dptr,a
                                   7124 ;	..\COMMON\easyax5043.c:1326: if (axradio_sync_seqnr <= axradio_sync_slave_resyncloss) {
      00181F 90r00r0B         [24] 7125 	mov	dptr,#_axradio_ack_seqnr
      001822 E0               [24] 7126 	movx	a,@dptr
      001823 FF               [12] 7127 	mov	r7,a
      001824 90r00r00         [24] 7128 	mov	dptr,#_axradio_sync_slave_resyncloss
      001827 E4               [12] 7129 	clr	a
      001828 93               [24] 7130 	movc	a,@a+dptr
      001829 FE               [12] 7131 	mov	r6,a
      00182A C3               [12] 7132 	clr	c
      00182B 9F               [12] 7133 	subb	a,r7
      00182C 40 54            [24] 7134 	jc	00232$
                                   7135 ;	..\COMMON\easyax5043.c:1327: wtimer_add_callback(&axradio_cb_receive.cb);
      00182E 90r02r31         [24] 7136 	mov	dptr,#_axradio_cb_receive
      001831 12r00r00         [24] 7137 	lcall	_wtimer_add_callback
                                   7138 ;	..\COMMON\easyax5043.c:1328: axradio_sync_slave_nextperiod();
      001834 12r10r7D         [24] 7139 	lcall	_axradio_sync_slave_nextperiod
                                   7140 ;	..\COMMON\easyax5043.c:1329: axradio_syncstate = syncstate_slave_rxidle;
      001837 90r00r00         [24] 7141 	mov	dptr,#_axradio_syncstate
      00183A 74 08            [12] 7142 	mov	a,#0x08
      00183C F0               [24] 7143 	movx	@dptr,a
                                   7144 ;	..\COMMON\easyax5043.c:1330: wtimer_remove(&axradio_timer);
      00183D 90r02r8A         [24] 7145 	mov	dptr,#_axradio_timer
      001840 12r00r00         [24] 7146 	lcall	_wtimer_remove
                                   7147 ;	..\COMMON\easyax5043.c:1332: uint8_t __autodata idx = axradio_sync_seqnr;
      001843 90r00r0B         [24] 7148 	mov	dptr,#_axradio_ack_seqnr
      001846 E0               [24] 7149 	movx	a,@dptr
      001847 FF               [12] 7150 	mov	r7,a
                                   7151 ;	..\COMMON\easyax5043.c:1333: if (idx >= axradio_sync_slave_nrrx)
      001848 90r00r00         [24] 7152 	mov	dptr,#_axradio_sync_slave_nrrx
      00184B E4               [12] 7153 	clr	a
      00184C 93               [24] 7154 	movc	a,@a+dptr
      00184D FE               [12] 7155 	mov	r6,a
      00184E C3               [12] 7156 	clr	c
      00184F EF               [12] 7157 	mov	a,r7
      001850 9E               [12] 7158 	subb	a,r6
      001851 40 03            [24] 7159 	jc	00230$
                                   7160 ;	..\COMMON\easyax5043.c:1334: idx = axradio_sync_slave_nrrx - 1;
      001853 EE               [12] 7161 	mov	a,r6
      001854 14               [12] 7162 	dec	a
      001855 FF               [12] 7163 	mov	r7,a
      001856                       7164 00230$:
                                   7165 ;	..\COMMON\easyax5043.c:1335: axradio_sync_settimeradv(axradio_sync_slave_rxadvance[idx]);
      001856 EF               [12] 7166 	mov	a,r7
      001857 75 F0 04         [24] 7167 	mov	b,#0x04
      00185A A4               [48] 7168 	mul	ab
      00185B 24r00            [12] 7169 	add	a,#_axradio_sync_slave_rxadvance
      00185D F5 82            [12] 7170 	mov	dpl,a
      00185F 74s00            [12] 7171 	mov	a,#(_axradio_sync_slave_rxadvance >> 8)
      001861 35 F0            [12] 7172 	addc	a,b
      001863 F5 83            [12] 7173 	mov	dph,a
      001865 E4               [12] 7174 	clr	a
      001866 93               [24] 7175 	movc	a,@a+dptr
      001867 FC               [12] 7176 	mov	r4,a
      001868 A3               [24] 7177 	inc	dptr
      001869 E4               [12] 7178 	clr	a
      00186A 93               [24] 7179 	movc	a,@a+dptr
      00186B FD               [12] 7180 	mov	r5,a
      00186C A3               [24] 7181 	inc	dptr
      00186D E4               [12] 7182 	clr	a
      00186E 93               [24] 7183 	movc	a,@a+dptr
      00186F FE               [12] 7184 	mov	r6,a
      001870 A3               [24] 7185 	inc	dptr
      001871 E4               [12] 7186 	clr	a
      001872 93               [24] 7187 	movc	a,@a+dptr
      001873 8C 82            [24] 7188 	mov	dpl,r4
      001875 8D 83            [24] 7189 	mov	dph,r5
      001877 8E F0            [24] 7190 	mov	b,r6
      001879 12r0Fr17         [24] 7191 	lcall	_axradio_sync_settimeradv
                                   7192 ;	..\COMMON\easyax5043.c:1337: wtimer0_addabsolute(&axradio_timer);
      00187C 90r02r8A         [24] 7193 	mov	dptr,#_axradio_timer
                                   7194 ;	..\COMMON\easyax5043.c:1338: break;
      00187F 02r00r00         [24] 7195 	ljmp	_wtimer0_addabsolute
      001882                       7196 00232$:
                                   7197 ;	..\COMMON\easyax5043.c:1340: axradio_cb_receive.st.error = AXRADIO_ERR_RESYNC;
      001882 90r02r36         [24] 7198 	mov	dptr,#(_axradio_cb_receive + 0x0005)
      001885 74 09            [12] 7199 	mov	a,#0x09
      001887 F0               [24] 7200 	movx	@dptr,a
                                   7201 ;	..\COMMON\easyax5043.c:1341: wtimer_add_callback(&axradio_cb_receive.cb);
      001888 90r02r31         [24] 7202 	mov	dptr,#_axradio_cb_receive
      00188B 12r00r00         [24] 7203 	lcall	_wtimer_add_callback
                                   7204 ;	..\COMMON\easyax5043.c:1342: ax5043_receiver_on_continuous();
      00188E 12r0BrBF         [24] 7205 	lcall	_ax5043_receiver_on_continuous
                                   7206 ;	..\COMMON\easyax5043.c:1343: axradio_syncstate = syncstate_slave_synchunt;
      001891 90r00r00         [24] 7207 	mov	dptr,#_axradio_syncstate
      001894 74 06            [12] 7208 	mov	a,#0x06
      001896 F0               [24] 7209 	movx	@dptr,a
                                   7210 ;	..\COMMON\easyax5043.c:1344: wtimer_remove(&axradio_timer);
      001897 90r02r8A         [24] 7211 	mov	dptr,#_axradio_timer
      00189A 12r00r00         [24] 7212 	lcall	_wtimer_remove
                                   7213 ;	..\COMMON\easyax5043.c:1345: axradio_timer.time = axradio_sync_slave_syncwindow;
      00189D 90r00r00         [24] 7214 	mov	dptr,#_axradio_sync_slave_syncwindow
      0018A0 E4               [12] 7215 	clr	a
      0018A1 93               [24] 7216 	movc	a,@a+dptr
      0018A2 FC               [12] 7217 	mov	r4,a
      0018A3 74 01            [12] 7218 	mov	a,#0x01
      0018A5 93               [24] 7219 	movc	a,@a+dptr
      0018A6 FD               [12] 7220 	mov	r5,a
      0018A7 74 02            [12] 7221 	mov	a,#0x02
      0018A9 93               [24] 7222 	movc	a,@a+dptr
      0018AA FE               [12] 7223 	mov	r6,a
      0018AB 74 03            [12] 7224 	mov	a,#0x03
      0018AD 93               [24] 7225 	movc	a,@a+dptr
      0018AE FF               [12] 7226 	mov	r7,a
      0018AF 90r02r8E         [24] 7227 	mov	dptr,#(_axradio_timer + 0x0004)
      0018B2 EC               [12] 7228 	mov	a,r4
      0018B3 F0               [24] 7229 	movx	@dptr,a
      0018B4 ED               [12] 7230 	mov	a,r5
      0018B5 A3               [24] 7231 	inc	dptr
      0018B6 F0               [24] 7232 	movx	@dptr,a
      0018B7 EE               [12] 7233 	mov	a,r6
      0018B8 A3               [24] 7234 	inc	dptr
      0018B9 F0               [24] 7235 	movx	@dptr,a
      0018BA EF               [12] 7236 	mov	a,r7
      0018BB A3               [24] 7237 	inc	dptr
      0018BC F0               [24] 7238 	movx	@dptr,a
                                   7239 ;	..\COMMON\easyax5043.c:1346: wtimer0_addrelative(&axradio_timer);
      0018BD 90r02r8A         [24] 7240 	mov	dptr,#_axradio_timer
      0018C0 12r00r00         [24] 7241 	lcall	_wtimer0_addrelative
                                   7242 ;	..\COMMON\easyax5043.c:1347: axradio_sync_time = axradio_timer.time;
      0018C3 90r02r8E         [24] 7243 	mov	dptr,#(_axradio_timer + 0x0004)
      0018C6 E0               [24] 7244 	movx	a,@dptr
      0018C7 FC               [12] 7245 	mov	r4,a
      0018C8 A3               [24] 7246 	inc	dptr
      0018C9 E0               [24] 7247 	movx	a,@dptr
      0018CA FD               [12] 7248 	mov	r5,a
      0018CB A3               [24] 7249 	inc	dptr
      0018CC E0               [24] 7250 	movx	a,@dptr
      0018CD FE               [12] 7251 	mov	r6,a
      0018CE A3               [24] 7252 	inc	dptr
      0018CF E0               [24] 7253 	movx	a,@dptr
      0018D0 FF               [12] 7254 	mov	r7,a
      0018D1 90r00r0C         [24] 7255 	mov	dptr,#_axradio_sync_time
      0018D4 EC               [12] 7256 	mov	a,r4
      0018D5 F0               [24] 7257 	movx	@dptr,a
      0018D6 ED               [12] 7258 	mov	a,r5
      0018D7 A3               [24] 7259 	inc	dptr
      0018D8 F0               [24] 7260 	movx	@dptr,a
      0018D9 EE               [12] 7261 	mov	a,r6
      0018DA A3               [24] 7262 	inc	dptr
      0018DB F0               [24] 7263 	movx	@dptr,a
      0018DC EF               [12] 7264 	mov	a,r7
      0018DD A3               [24] 7265 	inc	dptr
      0018DE F0               [24] 7266 	movx	@dptr,a
                                   7267 ;	..\COMMON\easyax5043.c:1348: break;
                                   7268 ;	..\COMMON\easyax5043.c:1350: case syncstate_slave_rxack:
      0018DF 22               [24] 7269 	ret
      0018E0                       7270 00233$:
                                   7271 ;	..\COMMON\easyax5043.c:1351: axradio_syncstate = syncstate_slave_rxidle;
      0018E0 90r00r00         [24] 7272 	mov	dptr,#_axradio_syncstate
      0018E3 74 08            [12] 7273 	mov	a,#0x08
      0018E5 F0               [24] 7274 	movx	@dptr,a
                                   7275 ;	..\COMMON\easyax5043.c:1352: wtimer_remove(&axradio_timer);
      0018E6 90r02r8A         [24] 7276 	mov	dptr,#_axradio_timer
      0018E9 12r00r00         [24] 7277 	lcall	_wtimer_remove
                                   7278 ;	..\COMMON\easyax5043.c:1353: axradio_sync_settimeradv(axradio_sync_slave_rxadvance[1]);
      0018EC 90r00r04         [24] 7279 	mov	dptr,#(_axradio_sync_slave_rxadvance + 0x0004)
      0018EF E4               [12] 7280 	clr	a
      0018F0 93               [24] 7281 	movc	a,@a+dptr
      0018F1 FC               [12] 7282 	mov	r4,a
      0018F2 A3               [24] 7283 	inc	dptr
      0018F3 E4               [12] 7284 	clr	a
      0018F4 93               [24] 7285 	movc	a,@a+dptr
      0018F5 FD               [12] 7286 	mov	r5,a
      0018F6 A3               [24] 7287 	inc	dptr
      0018F7 E4               [12] 7288 	clr	a
      0018F8 93               [24] 7289 	movc	a,@a+dptr
      0018F9 FE               [12] 7290 	mov	r6,a
      0018FA A3               [24] 7291 	inc	dptr
      0018FB E4               [12] 7292 	clr	a
      0018FC 93               [24] 7293 	movc	a,@a+dptr
      0018FD 8C 82            [24] 7294 	mov	dpl,r4
      0018FF 8D 83            [24] 7295 	mov	dph,r5
      001901 8E F0            [24] 7296 	mov	b,r6
      001903 12r0Fr17         [24] 7297 	lcall	_axradio_sync_settimeradv
                                   7298 ;	..\COMMON\easyax5043.c:1354: wtimer0_addabsolute(&axradio_timer);
      001906 90r02r8A         [24] 7299 	mov	dptr,#_axradio_timer
      001909 12r00r00         [24] 7300 	lcall	_wtimer0_addabsolute
                                   7301 ;	..\COMMON\easyax5043.c:1355: goto transmitack;
      00190C 02r12rEF         [24] 7302 	ljmp	00134$
                                   7303 ;	..\COMMON\easyax5043.c:1359: default:
      00190F                       7304 00235$:
                                   7305 ;	..\COMMON\easyax5043.c:1361: }
      00190F 22               [24] 7306 	ret
                                   7307 ;------------------------------------------------------------
                                   7308 ;Allocation info for local variables in function 'axradio_callback_fwd'
                                   7309 ;------------------------------------------------------------
                                   7310 ;desc                      Allocated to registers r6 r7 
                                   7311 ;------------------------------------------------------------
                                   7312 ;	..\COMMON\easyax5043.c:1364: static __reentrantb void axradio_callback_fwd(struct wtimer_callback __xdata *desc) __reentrant
                                   7313 ;	-----------------------------------------
                                   7314 ;	 function axradio_callback_fwd
                                   7315 ;	-----------------------------------------
      001910                       7316 _axradio_callback_fwd:
      001910 AE 82            [24] 7317 	mov	r6,dpl
      001912 AF 83            [24] 7318 	mov	r7,dph
                                   7319 ;	..\COMMON\easyax5043.c:1366: axradio_statuschange((struct axradio_status __xdata *)(desc + 1));
      001914 74 04            [12] 7320 	mov	a,#0x04
      001916 2E               [12] 7321 	add	a,r6
      001917 FE               [12] 7322 	mov	r6,a
      001918 E4               [12] 7323 	clr	a
      001919 3F               [12] 7324 	addc	a,r7
      00191A FF               [12] 7325 	mov	r7,a
      00191B 8E 82            [24] 7326 	mov	dpl,r6
      00191D 8F 83            [24] 7327 	mov	dph,r7
      00191F 02r00r00         [24] 7328 	ljmp	_axradio_statuschange
                                   7329 ;------------------------------------------------------------
                                   7330 ;Allocation info for local variables in function 'axradio_receive_callback_fwd'
                                   7331 ;------------------------------------------------------------
                                   7332 ;desc                      Allocated to registers 
                                   7333 ;len                       Allocated to registers r6 r7 
                                   7334 ;len                       Allocated to registers r6 r7 
                                   7335 ;seqnr                     Allocated to registers r6 
                                   7336 ;len_byte                  Allocated to registers r6 
                                   7337 ;trxst                     Allocated to registers r6 
                                   7338 ;__00030023                Allocated to registers 
                                   7339 ;crit                      Allocated to registers 
                                   7340 ;crit                      Allocated to registers r7 
                                   7341 ;__00040025                Allocated to registers 
                                   7342 ;crit                      Allocated to registers 
                                   7343 ;------------------------------------------------------------
                                   7344 ;	..\COMMON\easyax5043.c:1369: static void axradio_receive_callback_fwd(struct wtimer_callback __xdata *desc)
                                   7345 ;	-----------------------------------------
                                   7346 ;	 function axradio_receive_callback_fwd
                                   7347 ;	-----------------------------------------
      001922                       7348 _axradio_receive_callback_fwd:
                                   7349 ;	..\COMMON\easyax5043.c:1373: if (axradio_cb_receive.st.error != AXRADIO_ERR_NOERROR) {
      001922 90r02r36         [24] 7350 	mov	dptr,#(_axradio_cb_receive + 0x0005)
      001925 E0               [24] 7351 	movx	a,@dptr
      001926 60 06            [24] 7352 	jz	00102$
                                   7353 ;	..\COMMON\easyax5043.c:1374: axradio_statuschange((struct axradio_status __xdata *)&axradio_cb_receive.st);
      001928 90r02r35         [24] 7354 	mov	dptr,#(_axradio_cb_receive + 0x0004)
                                   7355 ;	..\COMMON\easyax5043.c:1375: return;
      00192B 02r00r00         [24] 7356 	ljmp	_axradio_statuschange
      00192E                       7357 00102$:
                                   7358 ;	..\COMMON\easyax5043.c:1377: if (axradio_phy_pn9 && !AXRADIO_MODE_IS_STREAM_RECEIVE(axradio_mode)) {
      00192E 90r00r00         [24] 7359 	mov	dptr,#_axradio_phy_pn9
      001931 E4               [12] 7360 	clr	a
      001932 93               [24] 7361 	movc	a,@a+dptr
      001933 60 51            [24] 7362 	jz	00104$
      001935 74 F8            [12] 7363 	mov	a,#0xf8
      001937 55*00            [12] 7364 	anl	a,_axradio_mode
      001939 FF               [12] 7365 	mov	r7,a
      00193A BF 28 02         [24] 7366 	cjne	r7,#0x28,00299$
      00193D 80 47            [24] 7367 	sjmp	00104$
      00193F                       7368 00299$:
                                   7369 ;	..\COMMON\easyax5043.c:1378: uint16_t __autodata len = axradio_cb_receive.st.rx.pktlen;
      00193F 90r02r53         [24] 7370 	mov	dptr,#(_axradio_cb_receive + 0x0022)
      001942 E0               [24] 7371 	movx	a,@dptr
      001943 FE               [12] 7372 	mov	r6,a
      001944 A3               [24] 7373 	inc	dptr
      001945 E0               [24] 7374 	movx	a,@dptr
      001946 FF               [12] 7375 	mov	r7,a
                                   7376 ;	..\COMMON\easyax5043.c:1379: len += axradio_framing_maclen;
      001947 90r00r00         [24] 7377 	mov	dptr,#_axradio_framing_maclen
      00194A E4               [12] 7378 	clr	a
      00194B 93               [24] 7379 	movc	a,@a+dptr
      00194C 7C 00            [12] 7380 	mov	r4,#0x00
      00194E 2E               [12] 7381 	add	a,r6
      00194F FE               [12] 7382 	mov	r6,a
      001950 EC               [12] 7383 	mov	a,r4
      001951 3F               [12] 7384 	addc	a,r7
      001952 FF               [12] 7385 	mov	r7,a
                                   7386 ;	..\COMMON\easyax5043.c:1380: pn9_buffer((__xdata uint8_t *)axradio_cb_receive.st.rx.mac.raw, len, 0x1ff, -(radio_read8(AX5043_REG_ENCODING) & 0x01));
      001953 90 40 11         [24] 7387 	mov	dptr,#0x4011
      001956 E0               [24] 7388 	movx	a,@dptr
      001957 FD               [12] 7389 	mov	r5,a
      001958 53 05 01         [24] 7390 	anl	ar5,#0x01
      00195B C3               [12] 7391 	clr	c
      00195C E4               [12] 7392 	clr	a
      00195D 9D               [12] 7393 	subb	a,r5
      00195E FD               [12] 7394 	mov	r5,a
      00195F 90r02r4F         [24] 7395 	mov	dptr,#(_axradio_cb_receive + 0x001e)
      001962 E0               [24] 7396 	movx	a,@dptr
      001963 FB               [12] 7397 	mov	r3,a
      001964 A3               [24] 7398 	inc	dptr
      001965 E0               [24] 7399 	movx	a,@dptr
      001966 FC               [12] 7400 	mov	r4,a
      001967 7A 00            [12] 7401 	mov	r2,#0x00
      001969 C0 05            [24] 7402 	push	ar5
      00196B 74 FF            [12] 7403 	mov	a,#0xff
      00196D C0 E0            [24] 7404 	push	acc
      00196F 74 01            [12] 7405 	mov	a,#0x01
      001971 C0 E0            [24] 7406 	push	acc
      001973 C0 06            [24] 7407 	push	ar6
      001975 C0 07            [24] 7408 	push	ar7
      001977 8B 82            [24] 7409 	mov	dpl,r3
      001979 8C 83            [24] 7410 	mov	dph,r4
      00197B 8A F0            [24] 7411 	mov	b,r2
      00197D 12r00r00         [24] 7412 	lcall	_pn9_buffer
      001980 E5 81            [12] 7413 	mov	a,sp
      001982 24 FB            [12] 7414 	add	a,#0xfb
      001984 F5 81            [12] 7415 	mov	sp,a
      001986                       7416 00104$:
                                   7417 ;	..\COMMON\easyax5043.c:1382: if (axradio_framing_swcrclen && !AXRADIO_MODE_IS_STREAM_RECEIVE(axradio_mode)) {
      001986 90r00r00         [24] 7418 	mov	dptr,#_axradio_framing_swcrclen
      001989 E4               [12] 7419 	clr	a
      00198A 93               [24] 7420 	movc	a,@a+dptr
      00198B 60 66            [24] 7421 	jz	00109$
      00198D 74 F8            [12] 7422 	mov	a,#0xf8
      00198F 55*00            [12] 7423 	anl	a,_axradio_mode
      001991 FF               [12] 7424 	mov	r7,a
      001992 BF 28 02         [24] 7425 	cjne	r7,#0x28,00301$
      001995 80 5C            [24] 7426 	sjmp	00109$
      001997                       7427 00301$:
                                   7428 ;	..\COMMON\easyax5043.c:1383: uint16_t __autodata len = axradio_cb_receive.st.rx.pktlen;
      001997 90r02r53         [24] 7429 	mov	dptr,#(_axradio_cb_receive + 0x0022)
      00199A E0               [24] 7430 	movx	a,@dptr
      00199B FE               [12] 7431 	mov	r6,a
      00199C A3               [24] 7432 	inc	dptr
      00199D E0               [24] 7433 	movx	a,@dptr
      00199E FF               [12] 7434 	mov	r7,a
                                   7435 ;	..\COMMON\easyax5043.c:1384: len += axradio_framing_maclen;
      00199F 90r00r00         [24] 7436 	mov	dptr,#_axradio_framing_maclen
      0019A2 E4               [12] 7437 	clr	a
      0019A3 93               [24] 7438 	movc	a,@a+dptr
      0019A4 7C 00            [12] 7439 	mov	r4,#0x00
      0019A6 2E               [12] 7440 	add	a,r6
      0019A7 FE               [12] 7441 	mov	r6,a
      0019A8 EC               [12] 7442 	mov	a,r4
      0019A9 3F               [12] 7443 	addc	a,r7
      0019AA FF               [12] 7444 	mov	r7,a
                                   7445 ;	..\COMMON\easyax5043.c:1385: len = axradio_framing_check_crc((uint8_t __xdata *)axradio_cb_receive.st.rx.mac.raw, len);
      0019AB 90r02r4F         [24] 7446 	mov	dptr,#(_axradio_cb_receive + 0x001e)
      0019AE E0               [24] 7447 	movx	a,@dptr
      0019AF FC               [12] 7448 	mov	r4,a
      0019B0 A3               [24] 7449 	inc	dptr
      0019B1 E0               [24] 7450 	movx	a,@dptr
      0019B2 FD               [12] 7451 	mov	r5,a
      0019B3 C0 06            [24] 7452 	push	ar6
      0019B5 C0 07            [24] 7453 	push	ar7
      0019B7 8C 82            [24] 7454 	mov	dpl,r4
      0019B9 8D 83            [24] 7455 	mov	dph,r5
      0019BB 12r00r00         [24] 7456 	lcall	_axradio_framing_check_crc
      0019BE AE 82            [24] 7457 	mov	r6,dpl
      0019C0 AF 83            [24] 7458 	mov	r7,dph
      0019C2 15 81            [12] 7459 	dec	sp
      0019C4 15 81            [12] 7460 	dec	sp
                                   7461 ;	..\COMMON\easyax5043.c:1386: if (!len)
      0019C6 EE               [12] 7462 	mov	a,r6
      0019C7 4F               [12] 7463 	orl	a,r7
      0019C8 70 03            [24] 7464 	jnz	00302$
      0019CA 02r1DrBE         [24] 7465 	ljmp	00171$
      0019CD                       7466 00302$:
                                   7467 ;	..\COMMON\easyax5043.c:1389: len -= axradio_framing_maclen;
      0019CD 90r00r00         [24] 7468 	mov	dptr,#_axradio_framing_maclen
      0019D0 E4               [12] 7469 	clr	a
      0019D1 93               [24] 7470 	movc	a,@a+dptr
      0019D2 FD               [12] 7471 	mov	r5,a
      0019D3 7C 00            [12] 7472 	mov	r4,#0x00
      0019D5 EE               [12] 7473 	mov	a,r6
      0019D6 C3               [12] 7474 	clr	c
      0019D7 9D               [12] 7475 	subb	a,r5
      0019D8 FE               [12] 7476 	mov	r6,a
      0019D9 EF               [12] 7477 	mov	a,r7
      0019DA 9C               [12] 7478 	subb	a,r4
      0019DB FF               [12] 7479 	mov	r7,a
                                   7480 ;	..\COMMON\easyax5043.c:1390: len -= axradio_framing_swcrclen; // drop crc
      0019DC 90r00r00         [24] 7481 	mov	dptr,#_axradio_framing_swcrclen
      0019DF E4               [12] 7482 	clr	a
      0019E0 93               [24] 7483 	movc	a,@a+dptr
      0019E1 FD               [12] 7484 	mov	r5,a
      0019E2 7C 00            [12] 7485 	mov	r4,#0x00
      0019E4 EE               [12] 7486 	mov	a,r6
      0019E5 C3               [12] 7487 	clr	c
      0019E6 9D               [12] 7488 	subb	a,r5
      0019E7 FE               [12] 7489 	mov	r6,a
      0019E8 EF               [12] 7490 	mov	a,r7
      0019E9 9C               [12] 7491 	subb	a,r4
      0019EA FF               [12] 7492 	mov	r7,a
                                   7493 ;	..\COMMON\easyax5043.c:1391: axradio_cb_receive.st.rx.pktlen = len;
      0019EB 90r02r53         [24] 7494 	mov	dptr,#(_axradio_cb_receive + 0x0022)
      0019EE EE               [12] 7495 	mov	a,r6
      0019EF F0               [24] 7496 	movx	@dptr,a
      0019F0 EF               [12] 7497 	mov	a,r7
      0019F1 A3               [24] 7498 	inc	dptr
      0019F2 F0               [24] 7499 	movx	@dptr,a
      0019F3                       7500 00109$:
                                   7501 ;	..\COMMON\easyax5043.c:1395: axradio_cb_receive.st.rx.phy.timeoffset = 0;
      0019F3 90r02r41         [24] 7502 	mov	dptr,#(_axradio_cb_receive + 0x0010)
      0019F6 E4               [12] 7503 	clr	a
      0019F7 F0               [24] 7504 	movx	@dptr,a
      0019F8 A3               [24] 7505 	inc	dptr
      0019F9 F0               [24] 7506 	movx	@dptr,a
                                   7507 ;	..\COMMON\easyax5043.c:1396: axradio_cb_receive.st.rx.phy.period = 0;
      0019FA 90r02r43         [24] 7508 	mov	dptr,#(_axradio_cb_receive + 0x0012)
      0019FD F0               [24] 7509 	movx	@dptr,a
      0019FE A3               [24] 7510 	inc	dptr
      0019FF F0               [24] 7511 	movx	@dptr,a
                                   7512 ;	..\COMMON\easyax5043.c:1397: if (axradio_mode == AXRADIO_MODE_ACK_TRANSMIT ||
      001A00 74 12            [12] 7513 	mov	a,#0x12
      001A02 B5*00 02         [24] 7514 	cjne	a,_axradio_mode,00303$
      001A05 80 0C            [24] 7515 	sjmp	00113$
      001A07                       7516 00303$:
                                   7517 ;	..\COMMON\easyax5043.c:1398: axradio_mode == AXRADIO_MODE_WOR_ACK_TRANSMIT ||
      001A07 74 13            [12] 7518 	mov	a,#0x13
      001A09 B5*00 02         [24] 7519 	cjne	a,_axradio_mode,00304$
      001A0C 80 05            [24] 7520 	sjmp	00113$
      001A0E                       7521 00304$:
                                   7522 ;	..\COMMON\easyax5043.c:1399: axradio_mode == AXRADIO_MODE_SYNC_ACK_MASTER) {
      001A0E 74 31            [12] 7523 	mov	a,#0x31
      001A10 B5*00 60         [24] 7524 	cjne	a,_axradio_mode,00114$
      001A13                       7525 00113$:
                                   7526 ;	..\COMMON\easyax5043.c:1400: ax5043_off();
      001A13 12r0Dr0E         [24] 7527 	lcall	_ax5043_off
                                   7528 ;	..\COMMON\easyax5043.c:1401: wtimer_remove(&axradio_timer);
      001A16 90r02r8A         [24] 7529 	mov	dptr,#_axradio_timer
      001A19 12r00r00         [24] 7530 	lcall	_wtimer_remove
                                   7531 ;	..\COMMON\easyax5043.c:1402: if (axradio_mode == AXRADIO_MODE_SYNC_ACK_MASTER) {
      001A1C 74 31            [12] 7532 	mov	a,#0x31
      001A1E B5*00 26         [24] 7533 	cjne	a,_axradio_mode,00112$
                                   7534 ;	..\COMMON\easyax5043.c:1403: axradio_syncstate = syncstate_master_normal;
      001A21 90r00r00         [24] 7535 	mov	dptr,#_axradio_syncstate
      001A24 74 03            [12] 7536 	mov	a,#0x03
      001A26 F0               [24] 7537 	movx	@dptr,a
                                   7538 ;	..\COMMON\easyax5043.c:1404: axradio_sync_settimeradv(axradio_sync_xoscstartup);
      001A27 90r00r00         [24] 7539 	mov	dptr,#_axradio_sync_xoscstartup
      001A2A E4               [12] 7540 	clr	a
      001A2B 93               [24] 7541 	movc	a,@a+dptr
      001A2C FC               [12] 7542 	mov	r4,a
      001A2D 74 01            [12] 7543 	mov	a,#0x01
      001A2F 93               [24] 7544 	movc	a,@a+dptr
      001A30 FD               [12] 7545 	mov	r5,a
      001A31 74 02            [12] 7546 	mov	a,#0x02
      001A33 93               [24] 7547 	movc	a,@a+dptr
      001A34 FE               [12] 7548 	mov	r6,a
      001A35 74 03            [12] 7549 	mov	a,#0x03
      001A37 93               [24] 7550 	movc	a,@a+dptr
      001A38 8C 82            [24] 7551 	mov	dpl,r4
      001A3A 8D 83            [24] 7552 	mov	dph,r5
      001A3C 8E F0            [24] 7553 	mov	b,r6
      001A3E 12r0Fr17         [24] 7554 	lcall	_axradio_sync_settimeradv
                                   7555 ;	..\COMMON\easyax5043.c:1405: wtimer0_addabsolute(&axradio_timer);
      001A41 90r02r8A         [24] 7556 	mov	dptr,#_axradio_timer
      001A44 12r00r00         [24] 7557 	lcall	_wtimer0_addabsolute
      001A47                       7558 00112$:
                                   7559 ;	..\COMMON\easyax5043.c:1407: wtimer_remove_callback(&axradio_cb_transmitend.cb);
      001A47 90r02r76         [24] 7560 	mov	dptr,#_axradio_cb_transmitend
      001A4A 12r00r00         [24] 7561 	lcall	_wtimer_remove_callback
                                   7562 ;	..\COMMON\easyax5043.c:1408: axradio_cb_transmitend.st.error = AXRADIO_ERR_NOERROR;
      001A4D 90r02r7B         [24] 7563 	mov	dptr,#(_axradio_cb_transmitend + 0x0005)
      001A50 E4               [12] 7564 	clr	a
      001A51 F0               [24] 7565 	movx	@dptr,a
                                   7566 ;	..\COMMON\easyax5043.c:1409: axradio_cb_transmitend.st.time.t = radio_read24(AX5043_REG_TIMER2);
      001A52 90 00 59         [24] 7567 	mov	dptr,#0x0059
      001A55 12r00r00         [24] 7568 	lcall	_radio_read24
      001A58 AC 82            [24] 7569 	mov	r4,dpl
      001A5A AD 83            [24] 7570 	mov	r5,dph
      001A5C AE F0            [24] 7571 	mov	r6,b
      001A5E FF               [12] 7572 	mov	r7,a
      001A5F 90r02r7C         [24] 7573 	mov	dptr,#(_axradio_cb_transmitend + 0x0006)
      001A62 EC               [12] 7574 	mov	a,r4
      001A63 F0               [24] 7575 	movx	@dptr,a
      001A64 ED               [12] 7576 	mov	a,r5
      001A65 A3               [24] 7577 	inc	dptr
      001A66 F0               [24] 7578 	movx	@dptr,a
      001A67 EE               [12] 7579 	mov	a,r6
      001A68 A3               [24] 7580 	inc	dptr
      001A69 F0               [24] 7581 	movx	@dptr,a
      001A6A EF               [12] 7582 	mov	a,r7
      001A6B A3               [24] 7583 	inc	dptr
      001A6C F0               [24] 7584 	movx	@dptr,a
                                   7585 ;	..\COMMON\easyax5043.c:1410: wtimer_add_callback(&axradio_cb_transmitend.cb);
      001A6D 90r02r76         [24] 7586 	mov	dptr,#_axradio_cb_transmitend
      001A70 12r00r00         [24] 7587 	lcall	_wtimer_add_callback
      001A73                       7588 00114$:
                                   7589 ;	..\COMMON\easyax5043.c:1412: if (axradio_framing_destaddrpos != 0xff)
      001A73 90r00r00         [24] 7590 	mov	dptr,#_axradio_framing_destaddrpos
      001A76 E4               [12] 7591 	clr	a
      001A77 93               [24] 7592 	movc	a,@a+dptr
      001A78 FF               [12] 7593 	mov	r7,a
      001A79 BF FF 02         [24] 7594 	cjne	r7,#0xff,00309$
      001A7C 80 29            [24] 7595 	sjmp	00118$
      001A7E                       7596 00309$:
                                   7597 ;	..\COMMON\easyax5043.c:1413: memcpy_xdata(&axradio_cb_receive.st.rx.mac.localaddr, &axradio_cb_receive.st.rx.mac.raw[axradio_framing_destaddrpos], axradio_framing_addrlen);
      001A7E 90r02r4F         [24] 7598 	mov	dptr,#(_axradio_cb_receive + 0x001e)
      001A81 E0               [24] 7599 	movx	a,@dptr
      001A82 FD               [12] 7600 	mov	r5,a
      001A83 A3               [24] 7601 	inc	dptr
      001A84 E0               [24] 7602 	movx	a,@dptr
      001A85 FE               [12] 7603 	mov	r6,a
      001A86 EF               [12] 7604 	mov	a,r7
      001A87 2D               [12] 7605 	add	a,r5
      001A88 FF               [12] 7606 	mov	r7,a
      001A89 E4               [12] 7607 	clr	a
      001A8A 3E               [12] 7608 	addc	a,r6
      001A8B FC               [12] 7609 	mov	r4,a
      001A8C 8F*00            [24] 7610 	mov	_memcpy_PARM_2,r7
      001A8E 8C*01            [24] 7611 	mov	(_memcpy_PARM_2 + 1),r4
      001A90 75*02 00         [24] 7612 	mov	(_memcpy_PARM_2 + 2),#0x00
      001A93 90r00r00         [24] 7613 	mov	dptr,#_axradio_framing_addrlen
      001A96 E4               [12] 7614 	clr	a
      001A97 93               [24] 7615 	movc	a,@a+dptr
      001A98 FF               [12] 7616 	mov	r7,a
      001A99 8F*00            [24] 7617 	mov	_memcpy_PARM_3,r7
      001A9B 75*01 00         [24] 7618 	mov	(_memcpy_PARM_3 + 1),#0x00
      001A9E 90r02r4A         [24] 7619 	mov	dptr,#(_axradio_cb_receive + 0x0019)
      001AA1 75 F0 00         [24] 7620 	mov	b,#0x00
      001AA4 12r00r00         [24] 7621 	lcall	_memcpy
      001AA7                       7622 00118$:
                                   7623 ;	..\COMMON\easyax5043.c:1414: if (axradio_framing_sourceaddrpos != 0xff)
      001AA7 90r00r00         [24] 7624 	mov	dptr,#_axradio_framing_sourceaddrpos
      001AAA E4               [12] 7625 	clr	a
      001AAB 93               [24] 7626 	movc	a,@a+dptr
      001AAC FF               [12] 7627 	mov	r7,a
      001AAD BF FF 02         [24] 7628 	cjne	r7,#0xff,00310$
      001AB0 80 29            [24] 7629 	sjmp	00120$
      001AB2                       7630 00310$:
                                   7631 ;	..\COMMON\easyax5043.c:1415: memcpy_xdata(&axradio_cb_receive.st.rx.mac.remoteaddr, &axradio_cb_receive.st.rx.mac.raw[axradio_framing_sourceaddrpos], axradio_framing_addrlen);
      001AB2 90r02r4F         [24] 7632 	mov	dptr,#(_axradio_cb_receive + 0x001e)
      001AB5 E0               [24] 7633 	movx	a,@dptr
      001AB6 FD               [12] 7634 	mov	r5,a
      001AB7 A3               [24] 7635 	inc	dptr
      001AB8 E0               [24] 7636 	movx	a,@dptr
      001AB9 FE               [12] 7637 	mov	r6,a
      001ABA EF               [12] 7638 	mov	a,r7
      001ABB 2D               [12] 7639 	add	a,r5
      001ABC FF               [12] 7640 	mov	r7,a
      001ABD E4               [12] 7641 	clr	a
      001ABE 3E               [12] 7642 	addc	a,r6
      001ABF FC               [12] 7643 	mov	r4,a
      001AC0 8F*00            [24] 7644 	mov	_memcpy_PARM_2,r7
      001AC2 8C*01            [24] 7645 	mov	(_memcpy_PARM_2 + 1),r4
      001AC4 75*02 00         [24] 7646 	mov	(_memcpy_PARM_2 + 2),#0x00
      001AC7 90r00r00         [24] 7647 	mov	dptr,#_axradio_framing_addrlen
      001ACA E4               [12] 7648 	clr	a
      001ACB 93               [24] 7649 	movc	a,@a+dptr
      001ACC FF               [12] 7650 	mov	r7,a
      001ACD 8F*00            [24] 7651 	mov	_memcpy_PARM_3,r7
      001ACF 75*01 00         [24] 7652 	mov	(_memcpy_PARM_3 + 1),#0x00
      001AD2 90r02r45         [24] 7653 	mov	dptr,#(_axradio_cb_receive + 0x0014)
      001AD5 75 F0 00         [24] 7654 	mov	b,#0x00
      001AD8 12r00r00         [24] 7655 	lcall	_memcpy
      001ADB                       7656 00120$:
                                   7657 ;	..\COMMON\easyax5043.c:1416: if (axradio_mode == AXRADIO_MODE_ACK_RECEIVE ||
      001ADB 74 22            [12] 7658 	mov	a,#0x22
      001ADD B5*00 02         [24] 7659 	cjne	a,_axradio_mode,00311$
      001AE0 80 11            [24] 7660 	sjmp	00154$
      001AE2                       7661 00311$:
                                   7662 ;	..\COMMON\easyax5043.c:1417: axradio_mode == AXRADIO_MODE_WOR_ACK_RECEIVE ||
      001AE2 74 23            [12] 7663 	mov	a,#0x23
      001AE4 B5*00 02         [24] 7664 	cjne	a,_axradio_mode,00312$
      001AE7 80 0A            [24] 7665 	sjmp	00154$
      001AE9                       7666 00312$:
                                   7667 ;	..\COMMON\easyax5043.c:1418: axradio_mode == AXRADIO_MODE_SYNC_ACK_SLAVE) {
      001AE9 74 33            [12] 7668 	mov	a,#0x33
      001AEB B5*00 02         [24] 7669 	cjne	a,_axradio_mode,00313$
      001AEE 80 03            [24] 7670 	sjmp	00314$
      001AF0                       7671 00313$:
      001AF0 02r1CrD4         [24] 7672 	ljmp	00155$
      001AF3                       7673 00314$:
      001AF3                       7674 00154$:
                                   7675 ;	..\COMMON\easyax5043.c:1419: axradio_ack_count = 0;
      001AF3 90r00r0A         [24] 7676 	mov	dptr,#_axradio_ack_count
      001AF6 E4               [12] 7677 	clr	a
      001AF7 F0               [24] 7678 	movx	@dptr,a
                                   7679 ;	..\COMMON\easyax5043.c:1420: axradio_txbuffer_len = axradio_framing_maclen + axradio_framing_minpayloadlen;
      001AF8 90r00r00         [24] 7680 	mov	dptr,#_axradio_framing_maclen
                                   7681 ;	genFromRTrack removed	clr	a
      001AFB 93               [24] 7682 	movc	a,@a+dptr
      001AFC FF               [12] 7683 	mov	r7,a
      001AFD FD               [12] 7684 	mov	r5,a
      001AFE 7E 00            [12] 7685 	mov	r6,#0x00
      001B00 90r00r00         [24] 7686 	mov	dptr,#_axradio_framing_minpayloadlen
      001B03 E4               [12] 7687 	clr	a
      001B04 93               [24] 7688 	movc	a,@a+dptr
      001B05 FC               [12] 7689 	mov	r4,a
      001B06 7B 00            [12] 7690 	mov	r3,#0x00
      001B08 90r00r01         [24] 7691 	mov	dptr,#_axradio_txbuffer_len
      001B0B EC               [12] 7692 	mov	a,r4
      001B0C 2D               [12] 7693 	add	a,r5
      001B0D F0               [24] 7694 	movx	@dptr,a
      001B0E EB               [12] 7695 	mov	a,r3
      001B0F 3E               [12] 7696 	addc	a,r6
      001B10 A3               [24] 7697 	inc	dptr
      001B11 F0               [24] 7698 	movx	@dptr,a
                                   7699 ;	..\COMMON\easyax5043.c:1421: memset_xdata(axradio_txbuffer, 0, axradio_framing_maclen);
      001B12 8F*00            [24] 7700 	mov	_memset_PARM_3,r7
                                   7701 ;	1-genFromRTrack replaced	mov	(_memset_PARM_3 + 1),#0x00
      001B14 8E*01            [24] 7702 	mov	(_memset_PARM_3 + 1),r6
                                   7703 ;	1-genFromRTrack replaced	mov	_memset_PARM_2,#0x00
      001B16 8E*00            [24] 7704 	mov	_memset_PARM_2,r6
      001B18 90r00r29         [24] 7705 	mov	dptr,#_axradio_txbuffer
      001B1B 75 F0 00         [24] 7706 	mov	b,#0x00
      001B1E 12r00r00         [24] 7707 	lcall	_memset
                                   7708 ;	..\COMMON\easyax5043.c:1422: if (axradio_framing_ack_seqnrpos != 0xff) {
      001B21 90r00r00         [24] 7709 	mov	dptr,#_axradio_framing_ack_seqnrpos
      001B24 E4               [12] 7710 	clr	a
      001B25 93               [24] 7711 	movc	a,@a+dptr
      001B26 FF               [12] 7712 	mov	r7,a
      001B27 BF FF 02         [24] 7713 	cjne	r7,#0xff,00315$
      001B2A 80 35            [24] 7714 	sjmp	00125$
      001B2C                       7715 00315$:
                                   7716 ;	..\COMMON\easyax5043.c:1423: uint8_t seqnr = axradio_cb_receive.st.rx.mac.raw[axradio_framing_ack_seqnrpos];
      001B2C 90r02r4F         [24] 7717 	mov	dptr,#(_axradio_cb_receive + 0x001e)
      001B2F E0               [24] 7718 	movx	a,@dptr
      001B30 FD               [12] 7719 	mov	r5,a
      001B31 A3               [24] 7720 	inc	dptr
      001B32 E0               [24] 7721 	movx	a,@dptr
      001B33 FE               [12] 7722 	mov	r6,a
      001B34 EF               [12] 7723 	mov	a,r7
      001B35 2D               [12] 7724 	add	a,r5
      001B36 F5 82            [12] 7725 	mov	dpl,a
      001B38 E4               [12] 7726 	clr	a
      001B39 3E               [12] 7727 	addc	a,r6
      001B3A F5 83            [12] 7728 	mov	dph,a
      001B3C E0               [24] 7729 	movx	a,@dptr
      001B3D FE               [12] 7730 	mov	r6,a
                                   7731 ;	..\COMMON\easyax5043.c:1424: axradio_txbuffer[axradio_framing_ack_seqnrpos] = seqnr;
      001B3E EF               [12] 7732 	mov	a,r7
      001B3F 24r29            [12] 7733 	add	a,#_axradio_txbuffer
      001B41 F5 82            [12] 7734 	mov	dpl,a
      001B43 E4               [12] 7735 	clr	a
      001B44 34s00            [12] 7736 	addc	a,#(_axradio_txbuffer >> 8)
      001B46 F5 83            [12] 7737 	mov	dph,a
      001B48 EE               [12] 7738 	mov	a,r6
      001B49 F0               [24] 7739 	movx	@dptr,a
                                   7740 ;	..\COMMON\easyax5043.c:1425: if (axradio_ack_seqnr != seqnr)
      001B4A 90r00r0B         [24] 7741 	mov	dptr,#_axradio_ack_seqnr
      001B4D E0               [24] 7742 	movx	a,@dptr
      001B4E FF               [12] 7743 	mov	r7,a
      001B4F B5 06 02         [24] 7744 	cjne	a,ar6,00316$
      001B52 80 07            [24] 7745 	sjmp	00122$
      001B54                       7746 00316$:
                                   7747 ;	..\COMMON\easyax5043.c:1426: axradio_ack_seqnr = seqnr;
      001B54 90r00r0B         [24] 7748 	mov	dptr,#_axradio_ack_seqnr
      001B57 EE               [12] 7749 	mov	a,r6
      001B58 F0               [24] 7750 	movx	@dptr,a
      001B59 80 06            [24] 7751 	sjmp	00125$
      001B5B                       7752 00122$:
                                   7753 ;	..\COMMON\easyax5043.c:1428: axradio_cb_receive.st.error = AXRADIO_ERR_RETRANSMISSION;
      001B5B 90r02r36         [24] 7754 	mov	dptr,#(_axradio_cb_receive + 0x0005)
      001B5E 74 08            [12] 7755 	mov	a,#0x08
      001B60 F0               [24] 7756 	movx	@dptr,a
      001B61                       7757 00125$:
                                   7758 ;	..\COMMON\easyax5043.c:1430: if (axradio_framing_destaddrpos != 0xff) {
      001B61 90r00r00         [24] 7759 	mov	dptr,#_axradio_framing_destaddrpos
      001B64 E4               [12] 7760 	clr	a
      001B65 93               [24] 7761 	movc	a,@a+dptr
      001B66 FF               [12] 7762 	mov	r7,a
      001B67 BF FF 02         [24] 7763 	cjne	r7,#0xff,00317$
      001B6A 80 57            [24] 7764 	sjmp	00130$
      001B6C                       7765 00317$:
                                   7766 ;	..\COMMON\easyax5043.c:1431: if (axradio_framing_sourceaddrpos != 0xff)
      001B6C 90r00r00         [24] 7767 	mov	dptr,#_axradio_framing_sourceaddrpos
      001B6F E4               [12] 7768 	clr	a
      001B70 93               [24] 7769 	movc	a,@a+dptr
      001B71 FE               [12] 7770 	mov	r6,a
      001B72 BE FF 02         [24] 7771 	cjne	r6,#0xff,00318$
      001B75 80 27            [24] 7772 	sjmp	00127$
      001B77                       7773 00318$:
                                   7774 ;	..\COMMON\easyax5043.c:1432: memcpy_xdata(&axradio_txbuffer[axradio_framing_destaddrpos], &axradio_cb_receive.st.rx.mac.remoteaddr, axradio_framing_addrlen);
      001B77 EF               [12] 7775 	mov	a,r7
      001B78 24r29            [12] 7776 	add	a,#_axradio_txbuffer
      001B7A FD               [12] 7777 	mov	r5,a
      001B7B E4               [12] 7778 	clr	a
      001B7C 34s00            [12] 7779 	addc	a,#(_axradio_txbuffer >> 8)
      001B7E FE               [12] 7780 	mov	r6,a
      001B7F 7C 00            [12] 7781 	mov	r4,#0x00
      001B81 75*00r45         [24] 7782 	mov	_memcpy_PARM_2,#(_axradio_cb_receive + 0x0014)
      001B84 75*01s02         [24] 7783 	mov	(_memcpy_PARM_2 + 1),#((_axradio_cb_receive + 0x0014) >> 8)
                                   7784 ;	1-genFromRTrack replaced	mov	(_memcpy_PARM_2 + 2),#0x00
      001B87 8C*02            [24] 7785 	mov	(_memcpy_PARM_2 + 2),r4
      001B89 90r00r00         [24] 7786 	mov	dptr,#_axradio_framing_addrlen
      001B8C E4               [12] 7787 	clr	a
      001B8D 93               [24] 7788 	movc	a,@a+dptr
      001B8E FB               [12] 7789 	mov	r3,a
      001B8F 8B*00            [24] 7790 	mov	_memcpy_PARM_3,r3
                                   7791 ;	1-genFromRTrack replaced	mov	(_memcpy_PARM_3 + 1),#0x00
      001B91 8C*01            [24] 7792 	mov	(_memcpy_PARM_3 + 1),r4
      001B93 8D 82            [24] 7793 	mov	dpl,r5
      001B95 8E 83            [24] 7794 	mov	dph,r6
      001B97 8C F0            [24] 7795 	mov	b,r4
      001B99 12r00r00         [24] 7796 	lcall	_memcpy
      001B9C 80 25            [24] 7797 	sjmp	00130$
      001B9E                       7798 00127$:
                                   7799 ;	..\COMMON\easyax5043.c:1434: memcpy_xdata(&axradio_txbuffer[axradio_framing_destaddrpos], &axradio_default_remoteaddr, axradio_framing_addrlen);
      001B9E EF               [12] 7800 	mov	a,r7
      001B9F 24r29            [12] 7801 	add	a,#_axradio_txbuffer
      001BA1 FF               [12] 7802 	mov	r7,a
      001BA2 E4               [12] 7803 	clr	a
      001BA3 34s00            [12] 7804 	addc	a,#(_axradio_txbuffer >> 8)
      001BA5 FE               [12] 7805 	mov	r6,a
      001BA6 7D 00            [12] 7806 	mov	r5,#0x00
      001BA8 75*00r24         [24] 7807 	mov	_memcpy_PARM_2,#_axradio_default_remoteaddr
      001BAB 75*01s00         [24] 7808 	mov	(_memcpy_PARM_2 + 1),#(_axradio_default_remoteaddr >> 8)
                                   7809 ;	1-genFromRTrack replaced	mov	(_memcpy_PARM_2 + 2),#0x00
      001BAE 8D*02            [24] 7810 	mov	(_memcpy_PARM_2 + 2),r5
      001BB0 90r00r00         [24] 7811 	mov	dptr,#_axradio_framing_addrlen
      001BB3 E4               [12] 7812 	clr	a
      001BB4 93               [24] 7813 	movc	a,@a+dptr
      001BB5 FC               [12] 7814 	mov	r4,a
      001BB6 8C*00            [24] 7815 	mov	_memcpy_PARM_3,r4
                                   7816 ;	1-genFromRTrack replaced	mov	(_memcpy_PARM_3 + 1),#0x00
      001BB8 8D*01            [24] 7817 	mov	(_memcpy_PARM_3 + 1),r5
      001BBA 8F 82            [24] 7818 	mov	dpl,r7
      001BBC 8E 83            [24] 7819 	mov	dph,r6
      001BBE 8D F0            [24] 7820 	mov	b,r5
      001BC0 12r00r00         [24] 7821 	lcall	_memcpy
      001BC3                       7822 00130$:
                                   7823 ;	..\COMMON\easyax5043.c:1436: if (axradio_framing_sourceaddrpos != 0xff)
      001BC3 90r00r00         [24] 7824 	mov	dptr,#_axradio_framing_sourceaddrpos
      001BC6 E4               [12] 7825 	clr	a
      001BC7 93               [24] 7826 	movc	a,@a+dptr
      001BC8 FF               [12] 7827 	mov	r7,a
      001BC9 BF FF 02         [24] 7828 	cjne	r7,#0xff,00319$
      001BCC 80 25            [24] 7829 	sjmp	00132$
      001BCE                       7830 00319$:
                                   7831 ;	..\COMMON\easyax5043.c:1437: memcpy_xdata(&axradio_txbuffer[axradio_framing_sourceaddrpos], &axradio_localaddr.addr, axradio_framing_addrlen);
      001BCE EF               [12] 7832 	mov	a,r7
      001BCF 24r29            [12] 7833 	add	a,#_axradio_txbuffer
      001BD1 FF               [12] 7834 	mov	r7,a
      001BD2 E4               [12] 7835 	clr	a
      001BD3 34s00            [12] 7836 	addc	a,#(_axradio_txbuffer >> 8)
      001BD5 FE               [12] 7837 	mov	r6,a
      001BD6 7D 00            [12] 7838 	mov	r5,#0x00
      001BD8 75*00r1A         [24] 7839 	mov	_memcpy_PARM_2,#_axradio_localaddr
      001BDB 75*01s00         [24] 7840 	mov	(_memcpy_PARM_2 + 1),#(_axradio_localaddr >> 8)
                                   7841 ;	1-genFromRTrack replaced	mov	(_memcpy_PARM_2 + 2),#0x00
      001BDE 8D*02            [24] 7842 	mov	(_memcpy_PARM_2 + 2),r5
      001BE0 90r00r00         [24] 7843 	mov	dptr,#_axradio_framing_addrlen
      001BE3 E4               [12] 7844 	clr	a
      001BE4 93               [24] 7845 	movc	a,@a+dptr
      001BE5 FC               [12] 7846 	mov	r4,a
      001BE6 8C*00            [24] 7847 	mov	_memcpy_PARM_3,r4
                                   7848 ;	1-genFromRTrack replaced	mov	(_memcpy_PARM_3 + 1),#0x00
      001BE8 8D*01            [24] 7849 	mov	(_memcpy_PARM_3 + 1),r5
      001BEA 8F 82            [24] 7850 	mov	dpl,r7
      001BEC 8E 83            [24] 7851 	mov	dph,r6
      001BEE 8D F0            [24] 7852 	mov	b,r5
      001BF0 12r00r00         [24] 7853 	lcall	_memcpy
      001BF3                       7854 00132$:
                                   7855 ;	..\COMMON\easyax5043.c:1438: if (axradio_framing_lenmask) {
      001BF3 90r00r00         [24] 7856 	mov	dptr,#_axradio_framing_lenmask
      001BF6 E4               [12] 7857 	clr	a
      001BF7 93               [24] 7858 	movc	a,@a+dptr
      001BF8 FF               [12] 7859 	mov	r7,a
      001BF9 60 30            [24] 7860 	jz	00134$
                                   7861 ;	..\COMMON\easyax5043.c:1439: uint8_t len_byte = (uint8_t)(axradio_txbuffer_len - axradio_framing_lenoffs) & axradio_framing_lenmask; // if you prefer not counting the len byte itself, set LENOFFS = 1
      001BFB 90r00r01         [24] 7862 	mov	dptr,#_axradio_txbuffer_len
      001BFE E0               [24] 7863 	movx	a,@dptr
      001BFF FD               [12] 7864 	mov	r5,a
      001C00 A3               [24] 7865 	inc	dptr
      001C01 E0               [24] 7866 	movx	a,@dptr
      001C02 90r00r00         [24] 7867 	mov	dptr,#_axradio_framing_lenoffs
      001C05 E4               [12] 7868 	clr	a
      001C06 93               [24] 7869 	movc	a,@a+dptr
      001C07 FE               [12] 7870 	mov	r6,a
      001C08 ED               [12] 7871 	mov	a,r5
      001C09 C3               [12] 7872 	clr	c
      001C0A 9E               [12] 7873 	subb	a,r6
      001C0B 5F               [12] 7874 	anl	a,r7
      001C0C FE               [12] 7875 	mov	r6,a
                                   7876 ;	..\COMMON\easyax5043.c:1440: axradio_txbuffer[axradio_framing_lenpos] = (axradio_txbuffer[axradio_framing_lenpos] & (uint8_t)~axradio_framing_lenmask) | len_byte;
      001C0D 90r00r00         [24] 7877 	mov	dptr,#_axradio_framing_lenpos
      001C10 E4               [12] 7878 	clr	a
      001C11 93               [24] 7879 	movc	a,@a+dptr
      001C12 24r29            [12] 7880 	add	a,#_axradio_txbuffer
      001C14 FD               [12] 7881 	mov	r5,a
      001C15 E4               [12] 7882 	clr	a
      001C16 34s00            [12] 7883 	addc	a,#(_axradio_txbuffer >> 8)
      001C18 FC               [12] 7884 	mov	r4,a
      001C19 8D 82            [24] 7885 	mov	dpl,r5
      001C1B 8C 83            [24] 7886 	mov	dph,r4
      001C1D E0               [24] 7887 	movx	a,@dptr
      001C1E FB               [12] 7888 	mov	r3,a
      001C1F EF               [12] 7889 	mov	a,r7
      001C20 F4               [12] 7890 	cpl	a
      001C21 FF               [12] 7891 	mov	r7,a
      001C22 5B               [12] 7892 	anl	a,r3
      001C23 42 06            [12] 7893 	orl	ar6,a
      001C25 8D 82            [24] 7894 	mov	dpl,r5
      001C27 8C 83            [24] 7895 	mov	dph,r4
      001C29 EE               [12] 7896 	mov	a,r6
      001C2A F0               [24] 7897 	movx	@dptr,a
      001C2B                       7898 00134$:
                                   7899 ;	..\COMMON\easyax5043.c:1442: if (axradio_framing_swcrclen)
      001C2B 90r00r00         [24] 7900 	mov	dptr,#_axradio_framing_swcrclen
      001C2E E4               [12] 7901 	clr	a
      001C2F 93               [24] 7902 	movc	a,@a+dptr
      001C30 60 20            [24] 7903 	jz	00136$
                                   7904 ;	..\COMMON\easyax5043.c:1443: axradio_txbuffer_len = axradio_framing_append_crc(axradio_txbuffer, axradio_txbuffer_len);
      001C32 90r00r01         [24] 7905 	mov	dptr,#_axradio_txbuffer_len
      001C35 E0               [24] 7906 	movx	a,@dptr
      001C36 C0 E0            [24] 7907 	push	acc
      001C38 A3               [24] 7908 	inc	dptr
      001C39 E0               [24] 7909 	movx	a,@dptr
      001C3A C0 E0            [24] 7910 	push	acc
      001C3C 90r00r29         [24] 7911 	mov	dptr,#_axradio_txbuffer
      001C3F 12r00r00         [24] 7912 	lcall	_axradio_framing_append_crc
      001C42 AE 82            [24] 7913 	mov	r6,dpl
      001C44 AF 83            [24] 7914 	mov	r7,dph
      001C46 15 81            [12] 7915 	dec	sp
      001C48 15 81            [12] 7916 	dec	sp
      001C4A 90r00r01         [24] 7917 	mov	dptr,#_axradio_txbuffer_len
      001C4D EE               [12] 7918 	mov	a,r6
      001C4E F0               [24] 7919 	movx	@dptr,a
      001C4F EF               [12] 7920 	mov	a,r7
      001C50 A3               [24] 7921 	inc	dptr
      001C51 F0               [24] 7922 	movx	@dptr,a
      001C52                       7923 00136$:
                                   7924 ;	..\COMMON\easyax5043.c:1444: if (axradio_phy_pn9) {
      001C52 90r00r00         [24] 7925 	mov	dptr,#_axradio_phy_pn9
      001C55 E4               [12] 7926 	clr	a
      001C56 93               [24] 7927 	movc	a,@a+dptr
      001C57 60 2F            [24] 7928 	jz	00139$
                                   7929 ;	..\COMMON\easyax5043.c:1445: pn9_buffer(axradio_txbuffer, axradio_txbuffer_len, 0x1ff, -(radio_read8(AX5043_REG_ENCODING) & 0x01));
      001C59 90 40 11         [24] 7930 	mov	dptr,#0x4011
      001C5C E0               [24] 7931 	movx	a,@dptr
      001C5D FF               [12] 7932 	mov	r7,a
      001C5E 53 07 01         [24] 7933 	anl	ar7,#0x01
      001C61 C3               [12] 7934 	clr	c
      001C62 E4               [12] 7935 	clr	a
      001C63 9F               [12] 7936 	subb	a,r7
      001C64 FF               [12] 7937 	mov	r7,a
      001C65 C0 07            [24] 7938 	push	ar7
      001C67 74 FF            [12] 7939 	mov	a,#0xff
      001C69 C0 E0            [24] 7940 	push	acc
      001C6B 74 01            [12] 7941 	mov	a,#0x01
      001C6D C0 E0            [24] 7942 	push	acc
      001C6F 90r00r01         [24] 7943 	mov	dptr,#_axradio_txbuffer_len
      001C72 E0               [24] 7944 	movx	a,@dptr
      001C73 C0 E0            [24] 7945 	push	acc
      001C75 A3               [24] 7946 	inc	dptr
      001C76 E0               [24] 7947 	movx	a,@dptr
      001C77 C0 E0            [24] 7948 	push	acc
      001C79 90r00r29         [24] 7949 	mov	dptr,#_axradio_txbuffer
      001C7C 75 F0 00         [24] 7950 	mov	b,#0x00
      001C7F 12r00r00         [24] 7951 	lcall	_pn9_buffer
      001C82 E5 81            [12] 7952 	mov	a,sp
      001C84 24 FB            [12] 7953 	add	a,#0xfb
      001C86 F5 81            [12] 7954 	mov	sp,a
                                   7955 ;	..\COMMON\easyax5043.c:1447: radio_write8(AX5043_REG_IRQMASK1, 0x00);
      001C88                       7956 00139$:
      001C88 90 40 06         [24] 7957 	mov	dptr,#0x4006
      001C8B E4               [12] 7958 	clr	a
      001C8C F0               [24] 7959 	movx	@dptr,a
                                   7960 ;	..\COMMON\easyax5043.c:1448: radio_write8(AX5043_REG_IRQMASK0, 0x00);
      001C8D 90 40 07         [24] 7961 	mov	dptr,#0x4007
      001C90 F0               [24] 7962 	movx	@dptr,a
                                   7963 ;	..\COMMON\easyax5043.c:1449: radio_write8(AX5043_REG_PWRMODE, AX5043_PWRSTATE_XTAL_ON);
      001C91 90 40 02         [24] 7964 	mov	dptr,#0x4002
      001C94 74 05            [12] 7965 	mov	a,#0x05
      001C96 F0               [24] 7966 	movx	@dptr,a
                                   7967 ;	..\COMMON\easyax5043.c:1450: radio_write8(AX5043_REG_FIFOSTAT, 3);
      001C97 90 40 28         [24] 7968 	mov	dptr,#0x4028
      001C9A 74 03            [12] 7969 	mov	a,#0x03
      001C9C F0               [24] 7970 	movx	@dptr,a
                                   7971 ;	..\COMMON\easyax5043.c:1451: axradio_trxstate = trxstate_tx_longpreamble; // ensure that trxstate != off, otherwise we would prematurely enable the receiver, see below
      001C9D 75*01 0A         [24] 7972 	mov	_axradio_trxstate,#0x0a
                                   7973 ;	..\COMMON\easyax5043.c:1452: while (radio_read8(AX5043_REG_POWSTAT) & 0x08);
      001CA0                       7974 00151$:
      001CA0 90 40 03         [24] 7975 	mov	dptr,#0x4003
      001CA3 E0               [24] 7976 	movx	a,@dptr
      001CA4 FF               [12] 7977 	mov	r7,a
      001CA5 20 E3 F8         [24] 7978 	jb	acc.3,00151$
                                   7979 ;	..\COMMON\easyax5043.c:1453: wtimer_remove(&axradio_timer);
      001CA8 90r02r8A         [24] 7980 	mov	dptr,#_axradio_timer
      001CAB 12r00r00         [24] 7981 	lcall	_wtimer_remove
                                   7982 ;	..\COMMON\easyax5043.c:1454: axradio_timer.time = axradio_framing_ack_delay;
      001CAE 90r00r00         [24] 7983 	mov	dptr,#_axradio_framing_ack_delay
      001CB1 E4               [12] 7984 	clr	a
      001CB2 93               [24] 7985 	movc	a,@a+dptr
      001CB3 FC               [12] 7986 	mov	r4,a
      001CB4 74 01            [12] 7987 	mov	a,#0x01
      001CB6 93               [24] 7988 	movc	a,@a+dptr
      001CB7 FD               [12] 7989 	mov	r5,a
      001CB8 74 02            [12] 7990 	mov	a,#0x02
      001CBA 93               [24] 7991 	movc	a,@a+dptr
      001CBB FE               [12] 7992 	mov	r6,a
      001CBC 74 03            [12] 7993 	mov	a,#0x03
      001CBE 93               [24] 7994 	movc	a,@a+dptr
      001CBF FF               [12] 7995 	mov	r7,a
      001CC0 90r02r8E         [24] 7996 	mov	dptr,#(_axradio_timer + 0x0004)
      001CC3 EC               [12] 7997 	mov	a,r4
      001CC4 F0               [24] 7998 	movx	@dptr,a
      001CC5 ED               [12] 7999 	mov	a,r5
      001CC6 A3               [24] 8000 	inc	dptr
      001CC7 F0               [24] 8001 	movx	@dptr,a
      001CC8 EE               [12] 8002 	mov	a,r6
      001CC9 A3               [24] 8003 	inc	dptr
      001CCA F0               [24] 8004 	movx	@dptr,a
      001CCB EF               [12] 8005 	mov	a,r7
      001CCC A3               [24] 8006 	inc	dptr
      001CCD F0               [24] 8007 	movx	@dptr,a
                                   8008 ;	..\COMMON\easyax5043.c:1455: wtimer1_addrelative(&axradio_timer);
      001CCE 90r02r8A         [24] 8009 	mov	dptr,#_axradio_timer
      001CD1 12r00r00         [24] 8010 	lcall	_wtimer1_addrelative
      001CD4                       8011 00155$:
                                   8012 ;	..\COMMON\easyax5043.c:1457: if (axradio_mode == AXRADIO_MODE_SYNC_SLAVE ||
      001CD4 74 32            [12] 8013 	mov	a,#0x32
      001CD6 B5*00 02         [24] 8014 	cjne	a,_axradio_mode,00324$
      001CD9 80 0A            [24] 8015 	sjmp	00168$
      001CDB                       8016 00324$:
                                   8017 ;	..\COMMON\easyax5043.c:1458: axradio_mode == AXRADIO_MODE_SYNC_ACK_SLAVE) {
      001CDB 74 33            [12] 8018 	mov	a,#0x33
      001CDD B5*00 02         [24] 8019 	cjne	a,_axradio_mode,00325$
      001CE0 80 03            [24] 8020 	sjmp	00326$
      001CE2                       8021 00325$:
      001CE2 02r1DrB8         [24] 8022 	ljmp	00169$
      001CE5                       8023 00326$:
      001CE5                       8024 00168$:
                                   8025 ;	..\COMMON\easyax5043.c:1459: if (axradio_mode != AXRADIO_MODE_SYNC_ACK_SLAVE)
      001CE5 74 33            [12] 8026 	mov	a,#0x33
      001CE7 B5*00 02         [24] 8027 	cjne	a,_axradio_mode,00327$
      001CEA 80 03            [24] 8028 	sjmp	00159$
      001CEC                       8029 00327$:
                                   8030 ;	..\COMMON\easyax5043.c:1460: ax5043_off();
      001CEC 12r0Dr0E         [24] 8031 	lcall	_ax5043_off
      001CEF                       8032 00159$:
                                   8033 ;	..\COMMON\easyax5043.c:1461: switch (axradio_syncstate) {
      001CEF 90r00r00         [24] 8034 	mov	dptr,#_axradio_syncstate
      001CF2 E0               [24] 8035 	movx	a,@dptr
      001CF3 FF               [12] 8036 	mov	r7,a
      001CF4 BF 08 02         [24] 8037 	cjne	r7,#0x08,00328$
      001CF7 80 45            [24] 8038 	sjmp	00163$
      001CF9                       8039 00328$:
      001CF9 BF 0A 02         [24] 8040 	cjne	r7,#0x0a,00329$
      001CFC 80 40            [24] 8041 	sjmp	00163$
      001CFE                       8042 00329$:
      001CFE BF 0B 02         [24] 8043 	cjne	r7,#0x0b,00330$
      001D01 80 3B            [24] 8044 	sjmp	00163$
      001D03                       8045 00330$:
                                   8046 ;	..\COMMON\easyax5043.c:1465: axradio_sync_time = axradio_conv_time_totimer0(axradio_cb_receive.st.time.t);
      001D03 90r02r37         [24] 8047 	mov	dptr,#(_axradio_cb_receive + 0x0006)
      001D06 E0               [24] 8048 	movx	a,@dptr
      001D07 FC               [12] 8049 	mov	r4,a
      001D08 A3               [24] 8050 	inc	dptr
      001D09 E0               [24] 8051 	movx	a,@dptr
      001D0A FD               [12] 8052 	mov	r5,a
      001D0B A3               [24] 8053 	inc	dptr
      001D0C E0               [24] 8054 	movx	a,@dptr
      001D0D FE               [12] 8055 	mov	r6,a
      001D0E A3               [24] 8056 	inc	dptr
      001D0F E0               [24] 8057 	movx	a,@dptr
      001D10 8C 82            [24] 8058 	mov	dpl,r4
      001D12 8D 83            [24] 8059 	mov	dph,r5
      001D14 8E F0            [24] 8060 	mov	b,r6
      001D16 12r00r42         [24] 8061 	lcall	_axradio_conv_time_totimer0
      001D19 AC 82            [24] 8062 	mov	r4,dpl
      001D1B AD 83            [24] 8063 	mov	r5,dph
      001D1D AE F0            [24] 8064 	mov	r6,b
      001D1F FF               [12] 8065 	mov	r7,a
      001D20 90r00r0C         [24] 8066 	mov	dptr,#_axradio_sync_time
      001D23 EC               [12] 8067 	mov	a,r4
      001D24 F0               [24] 8068 	movx	@dptr,a
      001D25 ED               [12] 8069 	mov	a,r5
      001D26 A3               [24] 8070 	inc	dptr
      001D27 F0               [24] 8071 	movx	@dptr,a
      001D28 EE               [12] 8072 	mov	a,r6
      001D29 A3               [24] 8073 	inc	dptr
      001D2A F0               [24] 8074 	movx	@dptr,a
      001D2B EF               [12] 8075 	mov	a,r7
      001D2C A3               [24] 8076 	inc	dptr
      001D2D F0               [24] 8077 	movx	@dptr,a
                                   8078 ;	..\COMMON\easyax5043.c:1466: axradio_sync_periodcorr = -32768;
      001D2E 90r00r10         [24] 8079 	mov	dptr,#_axradio_sync_periodcorr
      001D31 E4               [12] 8080 	clr	a
      001D32 F0               [24] 8081 	movx	@dptr,a
      001D33 74 80            [12] 8082 	mov	a,#0x80
      001D35 A3               [24] 8083 	inc	dptr
      001D36 F0               [24] 8084 	movx	@dptr,a
                                   8085 ;	..\COMMON\easyax5043.c:1467: axradio_sync_seqnr = 0;
      001D37 90r00r0B         [24] 8086 	mov	dptr,#_axradio_ack_seqnr
      001D3A E4               [12] 8087 	clr	a
      001D3B F0               [24] 8088 	movx	@dptr,a
                                   8089 ;	..\COMMON\easyax5043.c:1468: break;
                                   8090 ;	..\COMMON\easyax5043.c:1472: case syncstate_slave_rxpacket:
      001D3C 80 2D            [24] 8091 	sjmp	00164$
      001D3E                       8092 00163$:
                                   8093 ;	..\COMMON\easyax5043.c:1473: axradio_sync_adjustperiodcorr();
      001D3E 12r0Fr56         [24] 8094 	lcall	_axradio_sync_adjustperiodcorr
                                   8095 ;	..\COMMON\easyax5043.c:1474: axradio_cb_receive.st.rx.phy.period = axradio_sync_periodcorr >> SYNC_K1;
      001D41 90r00r10         [24] 8096 	mov	dptr,#_axradio_sync_periodcorr
      001D44 E0               [24] 8097 	movx	a,@dptr
      001D45 FE               [12] 8098 	mov	r6,a
      001D46 A3               [24] 8099 	inc	dptr
      001D47 E0               [24] 8100 	movx	a,@dptr
      001D48 FF               [12] 8101 	mov	r7,a
      001D49 C4               [12] 8102 	swap	a
      001D4A 03               [12] 8103 	rr	a
      001D4B CE               [12] 8104 	xch	a,r6
      001D4C C4               [12] 8105 	swap	a
      001D4D 03               [12] 8106 	rr	a
      001D4E 54 07            [12] 8107 	anl	a,#0x07
      001D50 6E               [12] 8108 	xrl	a,r6
      001D51 CE               [12] 8109 	xch	a,r6
      001D52 54 07            [12] 8110 	anl	a,#0x07
      001D54 CE               [12] 8111 	xch	a,r6
      001D55 6E               [12] 8112 	xrl	a,r6
      001D56 CE               [12] 8113 	xch	a,r6
      001D57 30 E2 02         [24] 8114 	jnb	acc.2,00331$
      001D5A 44 F8            [12] 8115 	orl	a,#0xf8
      001D5C                       8116 00331$:
      001D5C FF               [12] 8117 	mov	r7,a
      001D5D 90r02r43         [24] 8118 	mov	dptr,#(_axradio_cb_receive + 0x0012)
      001D60 EE               [12] 8119 	mov	a,r6
      001D61 F0               [24] 8120 	movx	@dptr,a
      001D62 EF               [12] 8121 	mov	a,r7
      001D63 A3               [24] 8122 	inc	dptr
      001D64 F0               [24] 8123 	movx	@dptr,a
                                   8124 ;	..\COMMON\easyax5043.c:1475: axradio_sync_seqnr = 1;
      001D65 90r00r0B         [24] 8125 	mov	dptr,#_axradio_ack_seqnr
      001D68 74 01            [12] 8126 	mov	a,#0x01
      001D6A F0               [24] 8127 	movx	@dptr,a
                                   8128 ;	..\COMMON\easyax5043.c:1477: };
      001D6B                       8129 00164$:
                                   8130 ;	..\COMMON\easyax5043.c:1478: axradio_sync_slave_nextperiod();
      001D6B 12r10r7D         [24] 8131 	lcall	_axradio_sync_slave_nextperiod
                                   8132 ;	..\COMMON\easyax5043.c:1479: if (axradio_mode != AXRADIO_MODE_SYNC_ACK_SLAVE) {
      001D6E 74 33            [12] 8133 	mov	a,#0x33
      001D70 B5*00 02         [24] 8134 	cjne	a,_axradio_mode,00332$
      001D73 80 3D            [24] 8135 	sjmp	00166$
      001D75                       8136 00332$:
                                   8137 ;	..\COMMON\easyax5043.c:1480: axradio_syncstate = syncstate_slave_rxidle;
      001D75 90r00r00         [24] 8138 	mov	dptr,#_axradio_syncstate
      001D78 74 08            [12] 8139 	mov	a,#0x08
      001D7A F0               [24] 8140 	movx	@dptr,a
                                   8141 ;	..\COMMON\easyax5043.c:1481: wtimer_remove(&axradio_timer);
      001D7B 90r02r8A         [24] 8142 	mov	dptr,#_axradio_timer
      001D7E 12r00r00         [24] 8143 	lcall	_wtimer_remove
                                   8144 ;	..\COMMON\easyax5043.c:1482: axradio_sync_settimeradv(axradio_sync_slave_rxadvance[axradio_sync_seqnr]);
      001D81 90r00r0B         [24] 8145 	mov	dptr,#_axradio_ack_seqnr
      001D84 E0               [24] 8146 	movx	a,@dptr
      001D85 75 F0 04         [24] 8147 	mov	b,#0x04
      001D88 A4               [48] 8148 	mul	ab
      001D89 24r00            [12] 8149 	add	a,#_axradio_sync_slave_rxadvance
      001D8B F5 82            [12] 8150 	mov	dpl,a
      001D8D 74s00            [12] 8151 	mov	a,#(_axradio_sync_slave_rxadvance >> 8)
      001D8F 35 F0            [12] 8152 	addc	a,b
      001D91 F5 83            [12] 8153 	mov	dph,a
      001D93 E4               [12] 8154 	clr	a
      001D94 93               [24] 8155 	movc	a,@a+dptr
      001D95 FC               [12] 8156 	mov	r4,a
      001D96 A3               [24] 8157 	inc	dptr
      001D97 E4               [12] 8158 	clr	a
      001D98 93               [24] 8159 	movc	a,@a+dptr
      001D99 FD               [12] 8160 	mov	r5,a
      001D9A A3               [24] 8161 	inc	dptr
      001D9B E4               [12] 8162 	clr	a
      001D9C 93               [24] 8163 	movc	a,@a+dptr
      001D9D FE               [12] 8164 	mov	r6,a
      001D9E A3               [24] 8165 	inc	dptr
      001D9F E4               [12] 8166 	clr	a
      001DA0 93               [24] 8167 	movc	a,@a+dptr
      001DA1 8C 82            [24] 8168 	mov	dpl,r4
      001DA3 8D 83            [24] 8169 	mov	dph,r5
      001DA5 8E F0            [24] 8170 	mov	b,r6
      001DA7 12r0Fr17         [24] 8171 	lcall	_axradio_sync_settimeradv
                                   8172 ;	..\COMMON\easyax5043.c:1483: wtimer0_addabsolute(&axradio_timer);
      001DAA 90r02r8A         [24] 8173 	mov	dptr,#_axradio_timer
      001DAD 12r00r00         [24] 8174 	lcall	_wtimer0_addabsolute
      001DB0 80 06            [24] 8175 	sjmp	00169$
      001DB2                       8176 00166$:
                                   8177 ;	..\COMMON\easyax5043.c:1485: axradio_syncstate = syncstate_slave_rxack;
      001DB2 90r00r00         [24] 8178 	mov	dptr,#_axradio_syncstate
      001DB5 74 0C            [12] 8179 	mov	a,#0x0c
      001DB7 F0               [24] 8180 	movx	@dptr,a
      001DB8                       8181 00169$:
                                   8182 ;	..\COMMON\easyax5043.c:1488: axradio_statuschange((struct axradio_status __xdata *)&axradio_cb_receive.st);
      001DB8 90r02r35         [24] 8183 	mov	dptr,#(_axradio_cb_receive + 0x0004)
      001DBB 12r00r00         [24] 8184 	lcall	_axradio_statuschange
                                   8185 ;	..\COMMON\easyax5043.c:1489: endcb:
      001DBE                       8186 00171$:
                                   8187 ;	..\COMMON\easyax5043.c:1490: if (axradio_mode == AXRADIO_MODE_WOR_RECEIVE) {
      001DBE 74 21            [12] 8188 	mov	a,#0x21
      001DC0 B5*00 03         [24] 8189 	cjne	a,_axradio_mode,00189$
                                   8190 ;	..\COMMON\easyax5043.c:1491: ax5043_receiver_on_wor();
      001DC3 02r0Cr26         [24] 8191 	ljmp	_ax5043_receiver_on_wor
      001DC6                       8192 00189$:
                                   8193 ;	..\COMMON\easyax5043.c:1492: } else if (axradio_mode == AXRADIO_MODE_ACK_RECEIVE ||
      001DC6 74 22            [12] 8194 	mov	a,#0x22
      001DC8 B5*00 02         [24] 8195 	cjne	a,_axradio_mode,00335$
      001DCB 80 05            [24] 8196 	sjmp	00184$
      001DCD                       8197 00335$:
                                   8198 ;	..\COMMON\easyax5043.c:1493: axradio_mode == AXRADIO_MODE_WOR_ACK_RECEIVE) {
      001DCD 74 23            [12] 8199 	mov	a,#0x23
      001DCF B5*00 20         [24] 8200 	cjne	a,_axradio_mode,00185$
      001DD2                       8201 00184$:
                                   8202 ;	C:/Program Files (x86)/ON Semiconductor/AXSDB/libmf/include/libmftypes.h:351: criticalsection_t crit = IE & 0x80;
      001DD2 74 80            [12] 8203 	mov	a,#0x80
      001DD4 55 A8            [12] 8204 	anl	a,_IE
      001DD6 FF               [12] 8205 	mov	r7,a
                                   8206 ;	..\COMMON\easyax5043.c:1496: criticalsection_t crit = enter_critical();
      001DD7 C2 AF            [12] 8207 	clr	_EA
                                   8208 ;	..\COMMON\easyax5043.c:1497: trxst = axradio_trxstate;
      001DD9 AE*01            [24] 8209 	mov	r6,_axradio_trxstate
                                   8210 ;	..\COMMON\easyax5043.c:1498: axradio_cb_receive.st.error = AXRADIO_ERR_PACKETDONE;
      001DDB 90r02r36         [24] 8211 	mov	dptr,#(_axradio_cb_receive + 0x0005)
      001DDE 74 F0            [12] 8212 	mov	a,#0xf0
      001DE0 F0               [24] 8213 	movx	@dptr,a
                                   8214 ;	C:/Program Files (x86)/ON Semiconductor/AXSDB/libmf/include/libmftypes.h:358: IE |= crit;
      001DE1 EF               [12] 8215 	mov	a,r7
      001DE2 42 A8            [12] 8216 	orl	_IE,a
                                   8217 ;	..\COMMON\easyax5043.c:1501: if (trxst == trxstate_off) {
      001DE4 EE               [12] 8218 	mov	a,r6
      001DE5 70 1D            [24] 8219 	jnz	00193$
                                   8220 ;	..\COMMON\easyax5043.c:1502: if (axradio_mode == AXRADIO_MODE_WOR_ACK_RECEIVE)
      001DE7 74 23            [12] 8221 	mov	a,#0x23
      001DE9 B5*00 03         [24] 8222 	cjne	a,_axradio_mode,00173$
                                   8223 ;	..\COMMON\easyax5043.c:1503: ax5043_receiver_on_wor();
      001DEC 02r0Cr26         [24] 8224 	ljmp	_ax5043_receiver_on_wor
      001DEF                       8225 00173$:
                                   8226 ;	..\COMMON\easyax5043.c:1505: ax5043_receiver_on_continuous();
      001DEF 02r0BrBF         [24] 8227 	ljmp	_ax5043_receiver_on_continuous
      001DF2                       8228 00185$:
                                   8229 ;	..\COMMON\easyax5043.c:1508: switch (axradio_trxstate) {
      001DF2 AF*01            [24] 8230 	mov	r7,_axradio_trxstate
      001DF4 BF 01 02         [24] 8231 	cjne	r7,#0x01,00341$
      001DF7 80 03            [24] 8232 	sjmp	00179$
      001DF9                       8233 00341$:
      001DF9 BF 02 08         [24] 8234 	cjne	r7,#0x02,00193$
                                   8235 ;	..\COMMON\easyax5043.c:1511: radio_write8(AX5043_REG_IRQMASK0, (radio_read8(AX5043_REG_IRQMASK0) | 0x01)); // re-enable FIFO not empty irq
      001DFC                       8236 00179$:
      001DFC 90 40 07         [24] 8237 	mov	dptr,#0x4007
      001DFF E0               [24] 8238 	movx	a,@dptr
      001E00 44 01            [12] 8239 	orl	a,#0x01
      001E02 FF               [12] 8240 	mov	r7,a
      001E03 F0               [24] 8241 	movx	@dptr,a
                                   8242 ;	..\COMMON\easyax5043.c:1516: }
      001E04                       8243 00193$:
      001E04 22               [24] 8244 	ret
                                   8245 ;------------------------------------------------------------
                                   8246 ;Allocation info for local variables in function 'axradio_killallcb'
                                   8247 ;------------------------------------------------------------
                                   8248 ;	..\COMMON\easyax5043.c:1520: static void axradio_killallcb(void)
                                   8249 ;	-----------------------------------------
                                   8250 ;	 function axradio_killallcb
                                   8251 ;	-----------------------------------------
      001E05                       8252 _axradio_killallcb:
                                   8253 ;	..\COMMON\easyax5043.c:1522: wtimer_remove_callback(&axradio_cb_receive.cb);
      001E05 90r02r31         [24] 8254 	mov	dptr,#_axradio_cb_receive
      001E08 12r00r00         [24] 8255 	lcall	_wtimer_remove_callback
                                   8256 ;	..\COMMON\easyax5043.c:1523: wtimer_remove_callback(&axradio_cb_receivesfd.cb);
      001E0B 90r02r55         [24] 8257 	mov	dptr,#_axradio_cb_receivesfd
      001E0E 12r00r00         [24] 8258 	lcall	_wtimer_remove_callback
                                   8259 ;	..\COMMON\easyax5043.c:1524: wtimer_remove_callback(&axradio_cb_channelstate.cb);
      001E11 90r02r5F         [24] 8260 	mov	dptr,#_axradio_cb_channelstate
      001E14 12r00r00         [24] 8261 	lcall	_wtimer_remove_callback
                                   8262 ;	..\COMMON\easyax5043.c:1525: wtimer_remove_callback(&axradio_cb_transmitstart.cb);
      001E17 90r02r6C         [24] 8263 	mov	dptr,#_axradio_cb_transmitstart
      001E1A 12r00r00         [24] 8264 	lcall	_wtimer_remove_callback
                                   8265 ;	..\COMMON\easyax5043.c:1526: wtimer_remove_callback(&axradio_cb_transmitend.cb);
      001E1D 90r02r76         [24] 8266 	mov	dptr,#_axradio_cb_transmitend
      001E20 12r00r00         [24] 8267 	lcall	_wtimer_remove_callback
                                   8268 ;	..\COMMON\easyax5043.c:1527: wtimer_remove_callback(&axradio_cb_transmitdata.cb);
      001E23 90r02r80         [24] 8269 	mov	dptr,#_axradio_cb_transmitdata
      001E26 12r00r00         [24] 8270 	lcall	_wtimer_remove_callback
                                   8271 ;	..\COMMON\easyax5043.c:1528: wtimer_remove(&axradio_timer);
      001E29 90r02r8A         [24] 8272 	mov	dptr,#_axradio_timer
      001E2C 02r00r00         [24] 8273 	ljmp	_wtimer_remove
                                   8274 ;------------------------------------------------------------
                                   8275 ;Allocation info for local variables in function 'axradio_tunevoltage'
                                   8276 ;------------------------------------------------------------
                                   8277 ;r                         Allocated to registers r6 r7 
                                   8278 ;cnt                       Allocated to registers r5 
                                   8279 ;x                         Allocated to registers r4 r3 
                                   8280 ;------------------------------------------------------------
                                   8281 ;	..\COMMON\easyax5043.c:1555: static int16_t axradio_tunevoltage(void)
                                   8282 ;	-----------------------------------------
                                   8283 ;	 function axradio_tunevoltage
                                   8284 ;	-----------------------------------------
      001E2F                       8285 _axradio_tunevoltage:
                                   8286 ;	..\COMMON\easyax5043.c:1557: int16_t __autodata r = 0;
      001E2F 7E 00            [12] 8287 	mov	r6,#0x00
      001E31 7F 00            [12] 8288 	mov	r7,#0x00
                                   8289 ;	..\COMMON\easyax5043.c:1560: radio_write8(AX5043_REG_GPADCCTRL, 0x84);
      001E33 7D 40            [12] 8290 	mov	r5,#0x40
      001E35                       8291 00101$:
      001E35 90 43 00         [24] 8292 	mov	dptr,#0x4300
      001E38 74 84            [12] 8293 	mov	a,#0x84
      001E3A F0               [24] 8294 	movx	@dptr,a
                                   8295 ;	..\COMMON\easyax5043.c:1561: do {} while (radio_read8(AX5043_REG_GPADCCTRL) & 0x80);
      001E3B                       8296 00104$:
      001E3B 90 43 00         [24] 8297 	mov	dptr,#0x4300
      001E3E E0               [24] 8298 	movx	a,@dptr
      001E3F FC               [12] 8299 	mov	r4,a
      001E40 20 E7 F8         [24] 8300 	jb	acc.7,00104$
                                   8301 ;	..\COMMON\easyax5043.c:1562: } while (--cnt);
      001E43 DD F0            [24] 8302 	djnz	r5,00101$
                                   8303 ;	..\COMMON\easyax5043.c:1565: radio_write8(AX5043_REG_GPADCCTRL, 0x84);
      001E45 7D 20            [12] 8304 	mov	r5,#0x20
      001E47                       8305 00109$:
      001E47 90 43 00         [24] 8306 	mov	dptr,#0x4300
      001E4A 74 84            [12] 8307 	mov	a,#0x84
      001E4C F0               [24] 8308 	movx	@dptr,a
                                   8309 ;	..\COMMON\easyax5043.c:1566: do {} while (radio_read8(AX5043_REG_GPADCCTRL) & 0x80);
      001E4D                       8310 00112$:
      001E4D 90 43 00         [24] 8311 	mov	dptr,#0x4300
      001E50 E0               [24] 8312 	movx	a,@dptr
      001E51 FC               [12] 8313 	mov	r4,a
      001E52 20 E7 F8         [24] 8314 	jb	acc.7,00112$
                                   8315 ;	..\COMMON\easyax5043.c:1568: int16_t x = radio_read8(AX5043_REG_GPADC13VALUE1) & 0x03;
      001E55 90 43 08         [24] 8316 	mov	dptr,#0x4308
      001E58 E0               [24] 8317 	movx	a,@dptr
      001E59 FC               [12] 8318 	mov	r4,a
      001E5A 53 04 03         [24] 8319 	anl	ar4,#0x03
                                   8320 ;	..\COMMON\easyax5043.c:1569: x <<= 8;
      001E5D 8C 03            [24] 8321 	mov	ar3,r4
      001E5F 7C 00            [12] 8322 	mov	r4,#0x00
                                   8323 ;	..\COMMON\easyax5043.c:1570: x |= radio_read8(AX5043_REG_GPADC13VALUE0);
      001E61 90 43 09         [24] 8324 	mov	dptr,#0x4309
      001E64 E0               [24] 8325 	movx	a,@dptr
      001E65 F9               [12] 8326 	mov	r1,a
      001E66 7A 00            [12] 8327 	mov	r2,#0x00
      001E68 E9               [12] 8328 	mov	a,r1
      001E69 42 04            [12] 8329 	orl	ar4,a
      001E6B EA               [12] 8330 	mov	a,r2
      001E6C 42 03            [12] 8331 	orl	ar3,a
                                   8332 ;	..\COMMON\easyax5043.c:1571: r += x;
      001E6E EC               [12] 8333 	mov	a,r4
      001E6F 2E               [12] 8334 	add	a,r6
      001E70 FE               [12] 8335 	mov	r6,a
      001E71 EB               [12] 8336 	mov	a,r3
      001E72 3F               [12] 8337 	addc	a,r7
      001E73 FF               [12] 8338 	mov	r7,a
                                   8339 ;	..\COMMON\easyax5043.c:1573: } while (--cnt);
      001E74 DD D1            [24] 8340 	djnz	r5,00109$
                                   8341 ;	..\COMMON\easyax5043.c:1574: return r;
      001E76 8E 82            [24] 8342 	mov	dpl,r6
      001E78 8F 83            [24] 8343 	mov	dph,r7
      001E7A 22               [24] 8344 	ret
                                   8345 ;------------------------------------------------------------
                                   8346 ;Allocation info for local variables in function 'axradio_adjustvcoi'
                                   8347 ;------------------------------------------------------------
                                   8348 ;rng                       Allocated to registers r7 
                                   8349 ;offs                      Allocated to registers r3 
                                   8350 ;bestrng                   Allocated to registers r4 
                                   8351 ;bestval                   Allocated to registers r5 r6 
                                   8352 ;val                       Allocated to stack - _bp +1
                                   8353 ;------------------------------------------------------------
                                   8354 ;	..\COMMON\easyax5043.c:1579: static __reentrantb uint8_t axradio_adjustvcoi(uint8_t rng) __reentrant
                                   8355 ;	-----------------------------------------
                                   8356 ;	 function axradio_adjustvcoi
                                   8357 ;	-----------------------------------------
      001E7B                       8358 _axradio_adjustvcoi:
      001E7B C0*00            [24] 8359 	push	_bp
      001E7D 85 81*00         [24] 8360 	mov	_bp,sp
      001E80 05 81            [12] 8361 	inc	sp
      001E82 05 81            [12] 8362 	inc	sp
      001E84 AF 82            [24] 8363 	mov	r7,dpl
                                   8364 ;	..\COMMON\easyax5043.c:1583: uint16_t bestval = (uint16_t)~0;
      001E86 7D FF            [12] 8365 	mov	r5,#0xff
      001E88 7E FF            [12] 8366 	mov	r6,#0xff
                                   8367 ;	..\COMMON\easyax5043.c:1584: rng &= 0x7F;
      001E8A 53 07 7F         [24] 8368 	anl	ar7,#0x7f
                                   8369 ;	..\COMMON\easyax5043.c:1585: bestrng = rng;
      001E8D 8F 04            [24] 8370 	mov	ar4,r7
                                   8371 ;	..\COMMON\easyax5043.c:1586: for (offs = 0; offs != 16; ++offs) {
      001E8F 7B 00            [12] 8372 	mov	r3,#0x00
      001E91                       8373 00121$:
                                   8374 ;	..\COMMON\easyax5043.c:1588: if (!((uint8_t)(rng + offs) & 0xC0)) {
      001E91 EB               [12] 8375 	mov	a,r3
      001E92 2F               [12] 8376 	add	a,r7
      001E93 54 C0            [12] 8377 	anl	a,#0xc0
      001E95 60 02            [24] 8378 	jz	00150$
      001E97 80 42            [24] 8379 	sjmp	00107$
      001E99                       8380 00150$:
                                   8381 ;	..\COMMON\easyax5043.c:1589: radio_write8(AX5043_REG_PLLVCOI, (0x80 | (rng + offs)));
      001E99 C0 04            [24] 8382 	push	ar4
      001E9B EB               [12] 8383 	mov	a,r3
      001E9C 2F               [12] 8384 	add	a,r7
      001E9D 44 80            [12] 8385 	orl	a,#0x80
      001E9F 90 41 80         [24] 8386 	mov	dptr,#0x4180
      001EA2 F0               [24] 8387 	movx	@dptr,a
                                   8388 ;	..\COMMON\easyax5043.c:1590: val = axradio_tunevoltage();
      001EA3 C0 07            [24] 8389 	push	ar7
      001EA5 C0 06            [24] 8390 	push	ar6
      001EA7 C0 05            [24] 8391 	push	ar5
      001EA9 C0 03            [24] 8392 	push	ar3
      001EAB 12r1Er2F         [24] 8393 	lcall	_axradio_tunevoltage
      001EAE AA 82            [24] 8394 	mov	r2,dpl
      001EB0 AC 83            [24] 8395 	mov	r4,dph
      001EB2 D0 03            [24] 8396 	pop	ar3
      001EB4 D0 05            [24] 8397 	pop	ar5
      001EB6 D0 06            [24] 8398 	pop	ar6
      001EB8 D0 07            [24] 8399 	pop	ar7
      001EBA A8*00            [24] 8400 	mov	r0,_bp
      001EBC 08               [12] 8401 	inc	r0
      001EBD A6 02            [24] 8402 	mov	@r0,ar2
      001EBF 08               [12] 8403 	inc	r0
      001EC0 A6 04            [24] 8404 	mov	@r0,ar4
                                   8405 ;	..\COMMON\easyax5043.c:1591: if (val < bestval) {
      001EC2 A8*00            [24] 8406 	mov	r0,_bp
      001EC4 08               [12] 8407 	inc	r0
      001EC5 C3               [12] 8408 	clr	c
      001EC6 E6               [12] 8409 	mov	a,@r0
      001EC7 9D               [12] 8410 	subb	a,r5
      001EC8 08               [12] 8411 	inc	r0
      001EC9 E6               [12] 8412 	mov	a,@r0
      001ECA 9E               [12] 8413 	subb	a,r6
      001ECB D0 04            [24] 8414 	pop	ar4
      001ECD 50 0C            [24] 8415 	jnc	00107$
                                   8416 ;	..\COMMON\easyax5043.c:1592: bestval = val;
      001ECF A8*00            [24] 8417 	mov	r0,_bp
      001ED1 08               [12] 8418 	inc	r0
      001ED2 86 05            [24] 8419 	mov	ar5,@r0
      001ED4 08               [12] 8420 	inc	r0
      001ED5 86 06            [24] 8421 	mov	ar6,@r0
                                   8422 ;	..\COMMON\easyax5043.c:1593: bestrng = rng + offs;
      001ED7 EB               [12] 8423 	mov	a,r3
      001ED8 2F               [12] 8424 	add	a,r7
      001ED9 FA               [12] 8425 	mov	r2,a
      001EDA FC               [12] 8426 	mov	r4,a
      001EDB                       8427 00107$:
                                   8428 ;	..\COMMON\easyax5043.c:1596: if (!offs)
      001EDB EB               [12] 8429 	mov	a,r3
      001EDC 60 4D            [24] 8430 	jz	00117$
                                   8431 ;	..\COMMON\easyax5043.c:1598: if (!((uint8_t)(rng - offs) & 0xC0)) {
      001EDE EF               [12] 8432 	mov	a,r7
      001EDF C3               [12] 8433 	clr	c
      001EE0 9B               [12] 8434 	subb	a,r3
      001EE1 54 C0            [12] 8435 	anl	a,#0xc0
      001EE3 60 02            [24] 8436 	jz	00154$
      001EE5 80 44            [24] 8437 	sjmp	00117$
      001EE7                       8438 00154$:
                                   8439 ;	..\COMMON\easyax5043.c:1599: radio_write8(AX5043_REG_PLLVCOI, (0x80 | (rng - offs)));
      001EE7 C0 04            [24] 8440 	push	ar4
      001EE9 EF               [12] 8441 	mov	a,r7
      001EEA C3               [12] 8442 	clr	c
      001EEB 9B               [12] 8443 	subb	a,r3
      001EEC 44 80            [12] 8444 	orl	a,#0x80
      001EEE 90 41 80         [24] 8445 	mov	dptr,#0x4180
      001EF1 F0               [24] 8446 	movx	@dptr,a
                                   8447 ;	..\COMMON\easyax5043.c:1600: val = axradio_tunevoltage();
      001EF2 C0 07            [24] 8448 	push	ar7
      001EF4 C0 06            [24] 8449 	push	ar6
      001EF6 C0 05            [24] 8450 	push	ar5
      001EF8 C0 03            [24] 8451 	push	ar3
      001EFA 12r1Er2F         [24] 8452 	lcall	_axradio_tunevoltage
      001EFD AA 82            [24] 8453 	mov	r2,dpl
      001EFF AC 83            [24] 8454 	mov	r4,dph
      001F01 D0 03            [24] 8455 	pop	ar3
      001F03 D0 05            [24] 8456 	pop	ar5
      001F05 D0 06            [24] 8457 	pop	ar6
      001F07 D0 07            [24] 8458 	pop	ar7
      001F09 A8*00            [24] 8459 	mov	r0,_bp
      001F0B 08               [12] 8460 	inc	r0
      001F0C A6 02            [24] 8461 	mov	@r0,ar2
      001F0E 08               [12] 8462 	inc	r0
      001F0F A6 04            [24] 8463 	mov	@r0,ar4
                                   8464 ;	..\COMMON\easyax5043.c:1601: if (val < bestval) {
      001F11 A8*00            [24] 8465 	mov	r0,_bp
      001F13 08               [12] 8466 	inc	r0
      001F14 C3               [12] 8467 	clr	c
      001F15 E6               [12] 8468 	mov	a,@r0
      001F16 9D               [12] 8469 	subb	a,r5
      001F17 08               [12] 8470 	inc	r0
      001F18 E6               [12] 8471 	mov	a,@r0
      001F19 9E               [12] 8472 	subb	a,r6
      001F1A D0 04            [24] 8473 	pop	ar4
      001F1C 50 0D            [24] 8474 	jnc	00117$
                                   8475 ;	..\COMMON\easyax5043.c:1602: bestval = val;
      001F1E A8*00            [24] 8476 	mov	r0,_bp
      001F20 08               [12] 8477 	inc	r0
      001F21 86 05            [24] 8478 	mov	ar5,@r0
      001F23 08               [12] 8479 	inc	r0
      001F24 86 06            [24] 8480 	mov	ar6,@r0
                                   8481 ;	..\COMMON\easyax5043.c:1603: bestrng = rng - offs;
      001F26 EF               [12] 8482 	mov	a,r7
      001F27 C3               [12] 8483 	clr	c
      001F28 9B               [12] 8484 	subb	a,r3
      001F29 FA               [12] 8485 	mov	r2,a
      001F2A FC               [12] 8486 	mov	r4,a
      001F2B                       8487 00117$:
                                   8488 ;	..\COMMON\easyax5043.c:1586: for (offs = 0; offs != 16; ++offs) {
      001F2B 0B               [12] 8489 	inc	r3
      001F2C BB 10 02         [24] 8490 	cjne	r3,#0x10,00156$
      001F2F 80 03            [24] 8491 	sjmp	00157$
      001F31                       8492 00156$:
      001F31 02r1Er91         [24] 8493 	ljmp	00121$
      001F34                       8494 00157$:
                                   8495 ;	..\COMMON\easyax5043.c:1608: if (bestval <= 0x0010)
      001F34 C3               [12] 8496 	clr	c
      001F35 74 10            [12] 8497 	mov	a,#0x10
      001F37 9D               [12] 8498 	subb	a,r5
      001F38 E4               [12] 8499 	clr	a
      001F39 9E               [12] 8500 	subb	a,r6
      001F3A 40 07            [24] 8501 	jc	00120$
                                   8502 ;	..\COMMON\easyax5043.c:1609: return rng | 0x80;
      001F3C 74 80            [12] 8503 	mov	a,#0x80
      001F3E 4F               [12] 8504 	orl	a,r7
      001F3F F5 82            [12] 8505 	mov	dpl,a
      001F41 80 05            [24] 8506 	sjmp	00122$
      001F43                       8507 00120$:
                                   8508 ;	..\COMMON\easyax5043.c:1610: return bestrng | 0x80;
      001F43 74 80            [12] 8509 	mov	a,#0x80
      001F45 4C               [12] 8510 	orl	a,r4
      001F46 F5 82            [12] 8511 	mov	dpl,a
      001F48                       8512 00122$:
      001F48 85*00 81         [24] 8513 	mov	sp,_bp
      001F4B D0*00            [24] 8514 	pop	_bp
      001F4D 22               [24] 8515 	ret
                                   8516 ;------------------------------------------------------------
                                   8517 ;Allocation info for local variables in function 'axradio_calvcoi'
                                   8518 ;------------------------------------------------------------
                                   8519 ;i                         Allocated to registers r2 
                                   8520 ;r                         Allocated to registers r7 
                                   8521 ;vmin                      Allocated to registers r5 r6 
                                   8522 ;vmax                      Allocated to registers r3 r4 
                                   8523 ;curtune                   Allocated to stack - _bp +1
                                   8524 ;------------------------------------------------------------
                                   8525 ;	..\COMMON\easyax5043.c:1613: static __reentrantb uint8_t axradio_calvcoi(void) __reentrant
                                   8526 ;	-----------------------------------------
                                   8527 ;	 function axradio_calvcoi
                                   8528 ;	-----------------------------------------
      001F4E                       8529 _axradio_calvcoi:
      001F4E C0*00            [24] 8530 	push	_bp
      001F50 85 81*00         [24] 8531 	mov	_bp,sp
      001F53 05 81            [12] 8532 	inc	sp
      001F55 05 81            [12] 8533 	inc	sp
                                   8534 ;	..\COMMON\easyax5043.c:1616: uint8_t r = 0;
      001F57 7F 00            [12] 8535 	mov	r7,#0x00
                                   8536 ;	..\COMMON\easyax5043.c:1617: uint16_t vmin = 0xffff;
      001F59 7D FF            [12] 8537 	mov	r5,#0xff
      001F5B 7E FF            [12] 8538 	mov	r6,#0xff
                                   8539 ;	..\COMMON\easyax5043.c:1618: uint16_t vmax = 0x0000;
      001F5D 7B 00            [12] 8540 	mov	r3,#0x00
      001F5F 7C 00            [12] 8541 	mov	r4,#0x00
                                   8542 ;	..\COMMON\easyax5043.c:1619: for (i = 0x40; i != 0;) {
      001F61 7A 40            [12] 8543 	mov	r2,#0x40
      001F63                       8544 00116$:
                                   8545 ;	..\COMMON\easyax5043.c:1621: --i;
      001F63 C0 07            [24] 8546 	push	ar7
      001F65 1A               [12] 8547 	dec	r2
                                   8548 ;	..\COMMON\easyax5043.c:1622: radio_write8(AX5043_REG_PLLVCOI, (0x80 | i));
      001F66 74 80            [12] 8549 	mov	a,#0x80
      001F68 4A               [12] 8550 	orl	a,r2
      001F69 FF               [12] 8551 	mov	r7,a
      001F6A 90 41 80         [24] 8552 	mov	dptr,#0x4180
      001F6D F0               [24] 8553 	movx	@dptr,a
                                   8554 ;	..\COMMON\easyax5043.c:1623: radio_read8(AX5043_REG_PLLRANGINGA); // clear PLL lock loss
      001F6E 90 40 33         [24] 8555 	mov	dptr,#0x4033
      001F71 E0               [24] 8556 	movx	a,@dptr
                                   8557 ;	..\COMMON\easyax5043.c:1624: curtune = axradio_tunevoltage();
      001F72 C0 07            [24] 8558 	push	ar7
      001F74 C0 06            [24] 8559 	push	ar6
      001F76 C0 05            [24] 8560 	push	ar5
      001F78 C0 04            [24] 8561 	push	ar4
      001F7A C0 03            [24] 8562 	push	ar3
      001F7C C0 02            [24] 8563 	push	ar2
      001F7E 12r1Er2F         [24] 8564 	lcall	_axradio_tunevoltage
      001F81 A8*00            [24] 8565 	mov	r0,_bp
      001F83 08               [12] 8566 	inc	r0
      001F84 A6 82            [24] 8567 	mov	@r0,dpl
      001F86 08               [12] 8568 	inc	r0
      001F87 A6 83            [24] 8569 	mov	@r0,dph
      001F89 D0 02            [24] 8570 	pop	ar2
      001F8B D0 03            [24] 8571 	pop	ar3
      001F8D D0 04            [24] 8572 	pop	ar4
      001F8F D0 05            [24] 8573 	pop	ar5
      001F91 D0 06            [24] 8574 	pop	ar6
      001F93 D0 07            [24] 8575 	pop	ar7
      001F95 A8*00            [24] 8576 	mov	r0,_bp
      001F97 08               [12] 8577 	inc	r0
                                   8578 ;	..\COMMON\easyax5043.c:1625: radio_read8(AX5043_REG_PLLRANGINGA); // clear PLL lock loss
      001F98 90 40 33         [24] 8579 	mov	dptr,#0x4033
      001F9B E0               [24] 8580 	movx	a,@dptr
                                   8581 ;	..\COMMON\easyax5043.c:1626: ((uint16_t __xdata *)axradio_rxbuffer)[i] = curtune;
      001F9C EA               [12] 8582 	mov	a,r2
      001F9D 75 F0 02         [24] 8583 	mov	b,#0x02
      001FA0 A4               [48] 8584 	mul	ab
      001FA1 24r2D            [12] 8585 	add	a,#_axradio_rxbuffer
      001FA3 F5 82            [12] 8586 	mov	dpl,a
      001FA5 74s01            [12] 8587 	mov	a,#(_axradio_rxbuffer >> 8)
      001FA7 35 F0            [12] 8588 	addc	a,b
      001FA9 F5 83            [12] 8589 	mov	dph,a
      001FAB A8*00            [24] 8590 	mov	r0,_bp
      001FAD 08               [12] 8591 	inc	r0
      001FAE E6               [12] 8592 	mov	a,@r0
      001FAF F0               [24] 8593 	movx	@dptr,a
      001FB0 08               [12] 8594 	inc	r0
      001FB1 E6               [12] 8595 	mov	a,@r0
      001FB2 A3               [24] 8596 	inc	dptr
      001FB3 F0               [24] 8597 	movx	@dptr,a
                                   8598 ;	..\COMMON\easyax5043.c:1627: if (curtune > vmax)
      001FB4 A8*00            [24] 8599 	mov	r0,_bp
      001FB6 08               [12] 8600 	inc	r0
      001FB7 C3               [12] 8601 	clr	c
      001FB8 EB               [12] 8602 	mov	a,r3
      001FB9 96               [12] 8603 	subb	a,@r0
      001FBA EC               [12] 8604 	mov	a,r4
      001FBB 08               [12] 8605 	inc	r0
      001FBC 96               [12] 8606 	subb	a,@r0
      001FBD D0 07            [24] 8607 	pop	ar7
      001FBF 50 08            [24] 8608 	jnc	00105$
                                   8609 ;	..\COMMON\easyax5043.c:1628: vmax = curtune;
      001FC1 A8*00            [24] 8610 	mov	r0,_bp
      001FC3 08               [12] 8611 	inc	r0
      001FC4 86 03            [24] 8612 	mov	ar3,@r0
      001FC6 08               [12] 8613 	inc	r0
      001FC7 86 04            [24] 8614 	mov	ar4,@r0
      001FC9                       8615 00105$:
                                   8616 ;	..\COMMON\easyax5043.c:1629: if (curtune < vmin) {
      001FC9 A8*00            [24] 8617 	mov	r0,_bp
      001FCB 08               [12] 8618 	inc	r0
      001FCC C3               [12] 8619 	clr	c
      001FCD E6               [12] 8620 	mov	a,@r0
      001FCE 9D               [12] 8621 	subb	a,r5
      001FCF 08               [12] 8622 	inc	r0
      001FD0 E6               [12] 8623 	mov	a,@r0
      001FD1 9E               [12] 8624 	subb	a,r6
      001FD2 50 1E            [24] 8625 	jnc	00117$
                                   8626 ;	..\COMMON\easyax5043.c:1630: vmin = curtune;
      001FD4 C0 07            [24] 8627 	push	ar7
      001FD6 A8*00            [24] 8628 	mov	r0,_bp
      001FD8 08               [12] 8629 	inc	r0
      001FD9 86 05            [24] 8630 	mov	ar5,@r0
      001FDB 08               [12] 8631 	inc	r0
      001FDC 86 06            [24] 8632 	mov	ar6,@r0
                                   8633 ;	..\COMMON\easyax5043.c:1632: if (!(0xC0 & (uint8_t)~(radio_read8(AX5043_REG_PLLRANGINGA))))
      001FDE 90 40 33         [24] 8634 	mov	dptr,#0x4033
      001FE1 E0               [24] 8635 	movx	a,@dptr
      001FE2 F4               [12] 8636 	cpl	a
      001FE3 FF               [12] 8637 	mov	r7,a
      001FE4 54 C0            [12] 8638 	anl	a,#0xc0
      001FE6 60 04            [24] 8639 	jz	00150$
      001FE8 D0 07            [24] 8640 	pop	ar7
      001FEA 80 06            [24] 8641 	sjmp	00117$
      001FEC                       8642 00150$:
      001FEC D0 07            [24] 8643 	pop	ar7
                                   8644 ;	..\COMMON\easyax5043.c:1633: r = i | 0x80;
      001FEE 74 80            [12] 8645 	mov	a,#0x80
      001FF0 4A               [12] 8646 	orl	a,r2
      001FF1 FF               [12] 8647 	mov	r7,a
      001FF2                       8648 00117$:
                                   8649 ;	..\COMMON\easyax5043.c:1619: for (i = 0x40; i != 0;) {
      001FF2 EA               [12] 8650 	mov	a,r2
      001FF3 60 03            [24] 8651 	jz	00151$
      001FF5 02r1Fr63         [24] 8652 	ljmp	00116$
      001FF8                       8653 00151$:
                                   8654 ;	..\COMMON\easyax5043.c:1636: if (!(r & 0x80) || vmax >= 0xFF00 || vmin < 0x0100 || vmax - vmin < 0x4000)
      001FF8 EF               [12] 8655 	mov	a,r7
      001FF9 30 E7 16         [24] 8656 	jnb	acc.7,00111$
      001FFC 74 01            [12] 8657 	mov	a,#0x100 - 0xff
      001FFE 2C               [12] 8658 	add	a,r4
      001FFF 40 11            [24] 8659 	jc	00111$
      002001 74 FF            [12] 8660 	mov	a,#0x100 - 0x01
      002003 2E               [12] 8661 	add	a,r6
      002004 50 0C            [24] 8662 	jnc	00111$
      002006 EB               [12] 8663 	mov	a,r3
      002007 C3               [12] 8664 	clr	c
      002008 9D               [12] 8665 	subb	a,r5
      002009 FD               [12] 8666 	mov	r5,a
      00200A EC               [12] 8667 	mov	a,r4
      00200B 9E               [12] 8668 	subb	a,r6
      00200C FE               [12] 8669 	mov	r6,a
      00200D C3               [12] 8670 	clr	c
      00200E 94 40            [12] 8671 	subb	a,#0x40
      002010 50 05            [24] 8672 	jnc	00112$
      002012                       8673 00111$:
                                   8674 ;	..\COMMON\easyax5043.c:1637: return 0;
      002012 75 82 00         [24] 8675 	mov	dpl,#0x00
      002015 80 02            [24] 8676 	sjmp	00118$
      002017                       8677 00112$:
                                   8678 ;	..\COMMON\easyax5043.c:1638: return r;
      002017 8F 82            [24] 8679 	mov	dpl,r7
      002019                       8680 00118$:
      002019 85*00 81         [24] 8681 	mov	sp,_bp
      00201C D0*00            [24] 8682 	pop	_bp
      00201E 22               [24] 8683 	ret
                                   8684 ;------------------------------------------------------------
                                   8685 ;Allocation info for local variables in function 'axradio_init'
                                   8686 ;------------------------------------------------------------
                                   8687 ;i                         Allocated with name '_axradio_init_i_1_657'
                                   8688 ;crit                      Allocated to registers r6 
                                   8689 ;__00020027                Allocated to registers 
                                   8690 ;f                         Allocated to registers r3 r4 r5 r6 
                                   8691 ;crit                      Allocated to registers r6 
                                   8692 ;r                         Allocated to registers r4 
                                   8693 ;__00040030                Allocated to registers 
                                   8694 ;crit                      Allocated to registers 
                                   8695 ;__00030032                Allocated to registers 
                                   8696 ;crit                      Allocated to registers 
                                   8697 ;x                         Allocated to registers r7 
                                   8698 ;vcoisave                  Allocated with name '_axradio_init_vcoisave_3_687'
                                   8699 ;j                         Allocated with name '_axradio_init_j_3_687'
                                   8700 ;f                         Allocated with name '_axradio_init_f_5_690'
                                   8701 ;x                         Allocated to registers r7 
                                   8702 ;f                         Allocated to registers r4 r5 r6 r7 
                                   8703 ;sloc0                     Allocated with name '_axradio_init_sloc0_1_0'
                                   8704 ;------------------------------------------------------------
                                   8705 ;	..\COMMON\easyax5043.c:1645: uint8_t axradio_init(void)
                                   8706 ;	-----------------------------------------
                                   8707 ;	 function axradio_init
                                   8708 ;	-----------------------------------------
      00201F                       8709 _axradio_init:
                                   8710 ;	..\COMMON\easyax5043.c:1649: axradio_mode = AXRADIO_MODE_UNINIT;
      00201F 75*00 00         [24] 8711 	mov	_axradio_mode,#0x00
                                   8712 ;	..\COMMON\easyax5043.c:1650: axradio_killallcb();
      002022 12r1Er05         [24] 8713 	lcall	_axradio_killallcb
                                   8714 ;	..\COMMON\easyax5043.c:1651: axradio_cb_receive.cb.handler = axradio_receive_callback_fwd;
      002025 90r02r33         [24] 8715 	mov	dptr,#(_axradio_cb_receive + 0x0002)
      002028 74r22            [12] 8716 	mov	a,#_axradio_receive_callback_fwd
      00202A F0               [24] 8717 	movx	@dptr,a
      00202B 74s19            [12] 8718 	mov	a,#(_axradio_receive_callback_fwd >> 8)
      00202D A3               [24] 8719 	inc	dptr
      00202E F0               [24] 8720 	movx	@dptr,a
                                   8721 ;	..\COMMON\easyax5043.c:1652: axradio_cb_receive.st.status = AXRADIO_STAT_RECEIVE;
      00202F 90r02r35         [24] 8722 	mov	dptr,#(_axradio_cb_receive + 0x0004)
      002032 E4               [12] 8723 	clr	a
      002033 F0               [24] 8724 	movx	@dptr,a
                                   8725 ;	..\COMMON\easyax5043.c:1653: memset_xdata(axradio_cb_receive.st.rx.mac.remoteaddr, 0, sizeof(axradio_cb_receive.st.rx.mac.remoteaddr));
                                   8726 ;	1-genFromRTrack replaced	mov	_memset_PARM_2,#0x00
      002034 F5*00            [12] 8727 	mov	_memset_PARM_2,a
      002036 75*00 05         [24] 8728 	mov	_memset_PARM_3,#0x05
                                   8729 ;	1-genFromRTrack replaced	mov	(_memset_PARM_3 + 1),#0x00
      002039 F5*01            [12] 8730 	mov	(_memset_PARM_3 + 1),a
      00203B 90r02r45         [24] 8731 	mov	dptr,#(_axradio_cb_receive + 0x0014)
      00203E 75 F0 00         [24] 8732 	mov	b,#0x00
      002041 12r00r00         [24] 8733 	lcall	_memset
                                   8734 ;	..\COMMON\easyax5043.c:1654: memset_xdata(axradio_cb_receive.st.rx.mac.localaddr, 0, sizeof(axradio_cb_receive.st.rx.mac.localaddr));
      002044 75*00 00         [24] 8735 	mov	_memset_PARM_2,#0x00
      002047 75*00 05         [24] 8736 	mov	_memset_PARM_3,#0x05
      00204A 75*01 00         [24] 8737 	mov	(_memset_PARM_3 + 1),#0x00
      00204D 90r02r4A         [24] 8738 	mov	dptr,#(_axradio_cb_receive + 0x0019)
      002050 75 F0 00         [24] 8739 	mov	b,#0x00
      002053 12r00r00         [24] 8740 	lcall	_memset
                                   8741 ;	..\COMMON\easyax5043.c:1655: axradio_cb_receivesfd.cb.handler = axradio_callback_fwd;
      002056 90r02r57         [24] 8742 	mov	dptr,#(_axradio_cb_receivesfd + 0x0002)
      002059 74r10            [12] 8743 	mov	a,#_axradio_callback_fwd
      00205B F0               [24] 8744 	movx	@dptr,a
      00205C 74s19            [12] 8745 	mov	a,#(_axradio_callback_fwd >> 8)
      00205E A3               [24] 8746 	inc	dptr
      00205F F0               [24] 8747 	movx	@dptr,a
                                   8748 ;	..\COMMON\easyax5043.c:1656: axradio_cb_receivesfd.st.status = AXRADIO_STAT_RECEIVESFD;
      002060 90r02r59         [24] 8749 	mov	dptr,#(_axradio_cb_receivesfd + 0x0004)
      002063 74 01            [12] 8750 	mov	a,#0x01
      002065 F0               [24] 8751 	movx	@dptr,a
                                   8752 ;	..\COMMON\easyax5043.c:1657: axradio_cb_channelstate.cb.handler = axradio_callback_fwd;
      002066 90r02r61         [24] 8753 	mov	dptr,#(_axradio_cb_channelstate + 0x0002)
      002069 74r10            [12] 8754 	mov	a,#_axradio_callback_fwd
      00206B F0               [24] 8755 	movx	@dptr,a
      00206C 74s19            [12] 8756 	mov	a,#(_axradio_callback_fwd >> 8)
      00206E A3               [24] 8757 	inc	dptr
      00206F F0               [24] 8758 	movx	@dptr,a
                                   8759 ;	..\COMMON\easyax5043.c:1658: axradio_cb_channelstate.st.status = AXRADIO_STAT_CHANNELSTATE;
      002070 90r02r63         [24] 8760 	mov	dptr,#(_axradio_cb_channelstate + 0x0004)
      002073 74 02            [12] 8761 	mov	a,#0x02
      002075 F0               [24] 8762 	movx	@dptr,a
                                   8763 ;	..\COMMON\easyax5043.c:1659: axradio_cb_transmitstart.cb.handler = axradio_callback_fwd;
      002076 90r02r6E         [24] 8764 	mov	dptr,#(_axradio_cb_transmitstart + 0x0002)
      002079 74r10            [12] 8765 	mov	a,#_axradio_callback_fwd
      00207B F0               [24] 8766 	movx	@dptr,a
      00207C 74s19            [12] 8767 	mov	a,#(_axradio_callback_fwd >> 8)
      00207E A3               [24] 8768 	inc	dptr
      00207F F0               [24] 8769 	movx	@dptr,a
                                   8770 ;	..\COMMON\easyax5043.c:1660: axradio_cb_transmitstart.st.status = AXRADIO_STAT_TRANSMITSTART;
      002080 90r02r70         [24] 8771 	mov	dptr,#(_axradio_cb_transmitstart + 0x0004)
      002083 74 03            [12] 8772 	mov	a,#0x03
      002085 F0               [24] 8773 	movx	@dptr,a
                                   8774 ;	..\COMMON\easyax5043.c:1661: axradio_cb_transmitend.cb.handler = axradio_callback_fwd;
      002086 90r02r78         [24] 8775 	mov	dptr,#(_axradio_cb_transmitend + 0x0002)
      002089 74r10            [12] 8776 	mov	a,#_axradio_callback_fwd
      00208B F0               [24] 8777 	movx	@dptr,a
      00208C 74s19            [12] 8778 	mov	a,#(_axradio_callback_fwd >> 8)
      00208E A3               [24] 8779 	inc	dptr
      00208F F0               [24] 8780 	movx	@dptr,a
                                   8781 ;	..\COMMON\easyax5043.c:1662: axradio_cb_transmitend.st.status = AXRADIO_STAT_TRANSMITEND;
      002090 90r02r7A         [24] 8782 	mov	dptr,#(_axradio_cb_transmitend + 0x0004)
      002093 74 04            [12] 8783 	mov	a,#0x04
      002095 F0               [24] 8784 	movx	@dptr,a
                                   8785 ;	..\COMMON\easyax5043.c:1663: axradio_cb_transmitdata.cb.handler = axradio_callback_fwd;
      002096 90r02r82         [24] 8786 	mov	dptr,#(_axradio_cb_transmitdata + 0x0002)
      002099 74r10            [12] 8787 	mov	a,#_axradio_callback_fwd
      00209B F0               [24] 8788 	movx	@dptr,a
      00209C 74s19            [12] 8789 	mov	a,#(_axradio_callback_fwd >> 8)
      00209E A3               [24] 8790 	inc	dptr
      00209F F0               [24] 8791 	movx	@dptr,a
                                   8792 ;	..\COMMON\easyax5043.c:1664: axradio_cb_transmitdata.st.status = AXRADIO_STAT_TRANSMITDATA;
      0020A0 90r02r84         [24] 8793 	mov	dptr,#(_axradio_cb_transmitdata + 0x0004)
      0020A3 74 05            [12] 8794 	mov	a,#0x05
      0020A5 F0               [24] 8795 	movx	@dptr,a
                                   8796 ;	..\COMMON\easyax5043.c:1665: axradio_timer.handler = axradio_timer_callback;
      0020A6 90r02r8C         [24] 8797 	mov	dptr,#(_axradio_timer + 0x0002)
      0020A9 74rE5            [12] 8798 	mov	a,#_axradio_timer_callback
      0020AB F0               [24] 8799 	movx	@dptr,a
      0020AC 74s10            [12] 8800 	mov	a,#(_axradio_timer_callback >> 8)
      0020AE A3               [24] 8801 	inc	dptr
      0020AF F0               [24] 8802 	movx	@dptr,a
                                   8803 ;	..\COMMON\easyax5043.c:1666: axradio_curchannel = 0;
      0020B0 90r00r05         [24] 8804 	mov	dptr,#_axradio_curchannel
      0020B3 E4               [12] 8805 	clr	a
      0020B4 F0               [24] 8806 	movx	@dptr,a
                                   8807 ;	..\COMMON\easyax5043.c:1667: axradio_curfreqoffset = 0;
      0020B5 90r00r06         [24] 8808 	mov	dptr,#_axradio_curfreqoffset
      0020B8 F0               [24] 8809 	movx	@dptr,a
      0020B9 A3               [24] 8810 	inc	dptr
      0020BA F0               [24] 8811 	movx	@dptr,a
      0020BB A3               [24] 8812 	inc	dptr
      0020BC F0               [24] 8813 	movx	@dptr,a
      0020BD A3               [24] 8814 	inc	dptr
      0020BE F0               [24] 8815 	movx	@dptr,a
                                   8816 ;	..\COMMON\easyax5043.c:1668: disable_radio_interrupt_in_mcu_pin();
      0020BF 12r00r00         [24] 8817 	lcall	_disable_radio_interrupt_in_mcu_pin
                                   8818 ;	..\COMMON\easyax5043.c:1669: axradio_trxstate = trxstate_off;
      0020C2 75*01 00         [24] 8819 	mov	_axradio_trxstate,#0x00
                                   8820 ;	..\COMMON\easyax5043.c:1670: if (ax5043_reset())
      0020C5 12r00r00         [24] 8821 	lcall	_ax5043_reset
      0020C8 E5 82            [12] 8822 	mov	a,dpl
      0020CA 60 04            [24] 8823 	jz	00102$
                                   8824 ;	..\COMMON\easyax5043.c:1671: return AXRADIO_ERR_NOCHIP;
      0020CC 75 82 05         [24] 8825 	mov	dpl,#0x05
      0020CF 22               [24] 8826 	ret
      0020D0                       8827 00102$:
                                   8828 ;	..\COMMON\easyax5043.c:1672: ax5043_init_registers();
      0020D0 12r0Er97         [24] 8829 	lcall	_ax5043_init_registers
                                   8830 ;	..\COMMON\easyax5043.c:1673: ax5043_set_registers_tx();
      0020D3 12r00r00         [24] 8831 	lcall	_ax5043_set_registers_tx
                                   8832 ;	..\COMMON\easyax5043.c:1674: radio_write8(AX5043_REG_PLLLOOP, 0x09); // default 100kHz loop BW for ranging
      0020D6 90 40 30         [24] 8833 	mov	dptr,#0x4030
      0020D9 74 09            [12] 8834 	mov	a,#0x09
      0020DB F0               [24] 8835 	movx	@dptr,a
                                   8836 ;	..\COMMON\easyax5043.c:1675: radio_write8(AX5043_REG_PLLCPI, 0x08);
      0020DC 90 40 31         [24] 8837 	mov	dptr,#0x4031
      0020DF 14               [12] 8838 	dec	a
      0020E0 F0               [24] 8839 	movx	@dptr,a
                                   8840 ;	..\COMMON\easyax5043.c:1676: enable_radio_interrupt_in_mcu_pin();
      0020E1 12r00r00         [24] 8841 	lcall	_enable_radio_interrupt_in_mcu_pin
                                   8842 ;	..\COMMON\easyax5043.c:1678: radio_write8(AX5043_REG_PWRMODE, AX5043_PWRSTATE_XTAL_ON);
      0020E4 90 40 02         [24] 8843 	mov	dptr,#0x4002
      0020E7 74 05            [12] 8844 	mov	a,#0x05
      0020E9 F0               [24] 8845 	movx	@dptr,a
                                   8846 ;	..\COMMON\easyax5043.c:1679: radio_write8(AX5043_REG_MODULATION, 0x08);
      0020EA 90 40 10         [24] 8847 	mov	dptr,#0x4010
      0020ED 74 08            [12] 8848 	mov	a,#0x08
      0020EF F0               [24] 8849 	movx	@dptr,a
                                   8850 ;	..\COMMON\easyax5043.c:1680: radio_write8(AX5043_REG_FSKDEV2, 0x00);
      0020F0 90 41 61         [24] 8851 	mov	dptr,#0x4161
      0020F3 E4               [12] 8852 	clr	a
      0020F4 F0               [24] 8853 	movx	@dptr,a
                                   8854 ;	..\COMMON\easyax5043.c:1681: radio_write8(AX5043_REG_FSKDEV1, 0x00);
      0020F5 90 41 62         [24] 8855 	mov	dptr,#0x4162
      0020F8 F0               [24] 8856 	movx	@dptr,a
                                   8857 ;	..\COMMON\easyax5043.c:1682: radio_write8(AX5043_REG_FSKDEV0, 0x00);
      0020F9 90 41 63         [24] 8858 	mov	dptr,#0x4163
      0020FC F0               [24] 8859 	movx	@dptr,a
                                   8860 ;	..\COMMON\easyax5043.c:1683: axradio_wait_for_xtal();
      0020FD 12r0Dr2E         [24] 8861 	lcall	_axradio_wait_for_xtal
                                   8862 ;	..\COMMON\easyax5043.c:1684: for (i = 0; i < axradio_phy_nrchannels; ++i) {
      002100 7F 00            [12] 8863 	mov	r7,#0x00
      002102                       8864 00239$:
      002102 90r00r00         [24] 8865 	mov	dptr,#_axradio_phy_nrchannels
      002105 E4               [12] 8866 	clr	a
      002106 93               [24] 8867 	movc	a,@a+dptr
      002107 FE               [12] 8868 	mov	r6,a
      002108 C3               [12] 8869 	clr	c
      002109 EF               [12] 8870 	mov	a,r7
      00210A 9E               [12] 8871 	subb	a,r6
      00210B 40 03            [24] 8872 	jc	00311$
      00210D 02r22r0A         [24] 8873 	ljmp	00155$
      002110                       8874 00311$:
                                   8875 ;	..\COMMON\easyax5043.c:1685: uint32_t __autodata f = axradio_phy_chanfreq[i];
      002110 EF               [12] 8876 	mov	a,r7
      002111 75 F0 04         [24] 8877 	mov	b,#0x04
      002114 A4               [48] 8878 	mul	ab
      002115 24r00            [12] 8879 	add	a,#_axradio_phy_chanfreq
      002117 F5 82            [12] 8880 	mov	dpl,a
      002119 74s00            [12] 8881 	mov	a,#(_axradio_phy_chanfreq >> 8)
      00211B 35 F0            [12] 8882 	addc	a,b
      00211D F5 83            [12] 8883 	mov	dph,a
      00211F E4               [12] 8884 	clr	a
      002120 93               [24] 8885 	movc	a,@a+dptr
      002121 FB               [12] 8886 	mov	r3,a
      002122 A3               [24] 8887 	inc	dptr
      002123 E4               [12] 8888 	clr	a
      002124 93               [24] 8889 	movc	a,@a+dptr
      002125 FC               [12] 8890 	mov	r4,a
      002126 A3               [24] 8891 	inc	dptr
      002127 E4               [12] 8892 	clr	a
      002128 93               [24] 8893 	movc	a,@a+dptr
      002129 FD               [12] 8894 	mov	r5,a
      00212A A3               [24] 8895 	inc	dptr
      00212B E4               [12] 8896 	clr	a
      00212C 93               [24] 8897 	movc	a,@a+dptr
      00212D FE               [12] 8898 	mov	r6,a
                                   8899 ;	..\COMMON\easyax5043.c:1686: radio_write8(AX5043_REG_FREQA0, f);
      00212E 8B 02            [24] 8900 	mov	ar2,r3
      002130 90 40 37         [24] 8901 	mov	dptr,#0x4037
      002133 EA               [12] 8902 	mov	a,r2
      002134 F0               [24] 8903 	movx	@dptr,a
                                   8904 ;	..\COMMON\easyax5043.c:1687: radio_write8(AX5043_REG_FREQA1, (f >> 8));
      002135 8C 02            [24] 8905 	mov	ar2,r4
      002137 90 40 36         [24] 8906 	mov	dptr,#0x4036
      00213A EA               [12] 8907 	mov	a,r2
      00213B F0               [24] 8908 	movx	@dptr,a
                                   8909 ;	..\COMMON\easyax5043.c:1688: radio_write8(AX5043_REG_FREQA2, (f >> 16));
      00213C 8D 02            [24] 8910 	mov	ar2,r5
      00213E 90 40 35         [24] 8911 	mov	dptr,#0x4035
      002141 EA               [12] 8912 	mov	a,r2
      002142 F0               [24] 8913 	movx	@dptr,a
                                   8914 ;	..\COMMON\easyax5043.c:1689: radio_write8(AX5043_REG_FREQA3, (f >> 24));
      002143 8E 03            [24] 8915 	mov	ar3,r6
      002145 90 40 34         [24] 8916 	mov	dptr,#0x4034
      002148 EB               [12] 8917 	mov	a,r3
      002149 F0               [24] 8918 	movx	@dptr,a
                                   8919 ;	C:/Program Files (x86)/ON Semiconductor/AXSDB/libmf/include/libmftypes.h:351: criticalsection_t crit = IE & 0x80;
      00214A 74 80            [12] 8920 	mov	a,#0x80
      00214C 55 A8            [12] 8921 	anl	a,_IE
      00214E FE               [12] 8922 	mov	r6,a
                                   8923 ;	C:/Program Files (x86)/ON Semiconductor/AXSDB/libmf/include/libmftypes.h:352: EA = 0;
      00214F C2 AF            [12] 8924 	clr	_EA
                                   8925 ;	..\COMMON\easyax5043.c:1690: crit = enter_critical();
                                   8926 ;	..\COMMON\easyax5043.c:1691: axradio_trxstate = trxstate_pll_ranging;
      002151 75*01 05         [24] 8927 	mov	_axradio_trxstate,#0x05
                                   8928 ;	..\COMMON\easyax5043.c:1692: radio_write8(AX5043_REG_IRQMASK1, 0x10); // enable pll autoranging done interrupt
      002154 90 40 06         [24] 8929 	mov	dptr,#0x4006
      002157 74 10            [12] 8930 	mov	a,#0x10
      002159 F0               [24] 8931 	movx	@dptr,a
                                   8932 ;	..\COMMON\easyax5043.c:1695: if (!(axradio_phy_chanpllrnginit[0] & 0xF0)) {
      00215A 90r00r00         [24] 8933 	mov	dptr,#_axradio_phy_chanpllrnginit
      00215D E4               [12] 8934 	clr	a
      00215E 93               [24] 8935 	movc	a,@a+dptr
      00215F FC               [12] 8936 	mov	r4,a
      002160 A3               [24] 8937 	inc	dptr
      002161 E4               [12] 8938 	clr	a
      002162 93               [24] 8939 	movc	a,@a+dptr
      002163 FD               [12] 8940 	mov	r5,a
      002164 EC               [12] 8941 	mov	a,r4
      002165 54 F0            [12] 8942 	anl	a,#0xf0
      002167 70 1B            [24] 8943 	jnz	00144$
                                   8944 ;	..\COMMON\easyax5043.c:1697: r = axradio_phy_chanpllrnginit[i] | 0x10;
      002169 EF               [12] 8945 	mov	a,r7
      00216A 75 F0 02         [24] 8946 	mov	b,#0x02
      00216D A4               [48] 8947 	mul	ab
      00216E 24r00            [12] 8948 	add	a,#_axradio_phy_chanpllrnginit
      002170 F5 82            [12] 8949 	mov	dpl,a
      002172 74s00            [12] 8950 	mov	a,#(_axradio_phy_chanpllrnginit >> 8)
      002174 35 F0            [12] 8951 	addc	a,b
      002176 F5 83            [12] 8952 	mov	dph,a
      002178 E4               [12] 8953 	clr	a
      002179 93               [24] 8954 	movc	a,@a+dptr
      00217A FC               [12] 8955 	mov	r4,a
      00217B A3               [24] 8956 	inc	dptr
      00217C E4               [12] 8957 	clr	a
      00217D 93               [24] 8958 	movc	a,@a+dptr
      00217E FD               [12] 8959 	mov	r5,a
      00217F 43 04 10         [24] 8960 	orl	ar4,#0x10
      002182 80 32            [24] 8961 	sjmp	00146$
      002184                       8962 00144$:
                                   8963 ;	..\COMMON\easyax5043.c:1699: r = 0x18;
      002184 7C 18            [12] 8964 	mov	r4,#0x18
                                   8965 ;	..\COMMON\easyax5043.c:1700: if (i) {
      002186 EF               [12] 8966 	mov	a,r7
      002187 60 2D            [24] 8967 	jz	00146$
                                   8968 ;	..\COMMON\easyax5043.c:1701: r = axradio_phy_chanpllrng[i - 1];
      002189 8F 03            [24] 8969 	mov	ar3,r7
      00218B 7D 00            [12] 8970 	mov	r5,#0x00
      00218D 1B               [12] 8971 	dec	r3
      00218E BB FF 01         [24] 8972 	cjne	r3,#0xff,00315$
      002191 1D               [12] 8973 	dec	r5
      002192                       8974 00315$:
      002192 ED               [12] 8975 	mov	a,r5
      002193 CB               [12] 8976 	xch	a,r3
      002194 25 E0            [12] 8977 	add	a,acc
      002196 CB               [12] 8978 	xch	a,r3
      002197 33               [12] 8979 	rlc	a
      002198 FD               [12] 8980 	mov	r5,a
      002199 EB               [12] 8981 	mov	a,r3
      00219A 24r00            [12] 8982 	add	a,#_axradio_phy_chanpllrng
      00219C F5 82            [12] 8983 	mov	dpl,a
      00219E ED               [12] 8984 	mov	a,r5
      00219F 34s00            [12] 8985 	addc	a,#(_axradio_phy_chanpllrng >> 8)
      0021A1 F5 83            [12] 8986 	mov	dph,a
      0021A3 E0               [24] 8987 	movx	a,@dptr
      0021A4 FB               [12] 8988 	mov	r3,a
      0021A5 A3               [24] 8989 	inc	dptr
      0021A6 E0               [24] 8990 	movx	a,@dptr
      0021A7 FD               [12] 8991 	mov	r5,a
      0021A8 8B 04            [24] 8992 	mov	ar4,r3
                                   8993 ;	..\COMMON\easyax5043.c:1702: if (r & 0x20)
      0021AA EC               [12] 8994 	mov	a,r4
      0021AB 30 E5 02         [24] 8995 	jnb	acc.5,00140$
                                   8996 ;	..\COMMON\easyax5043.c:1703: r = 0x08;
      0021AE 7C 08            [12] 8997 	mov	r4,#0x08
      0021B0                       8998 00140$:
                                   8999 ;	..\COMMON\easyax5043.c:1704: r &= 0x0F;
      0021B0 53 04 0F         [24] 9000 	anl	ar4,#0x0f
                                   9001 ;	..\COMMON\easyax5043.c:1705: r |= 0x10;
      0021B3 43 04 10         [24] 9002 	orl	ar4,#0x10
                                   9003 ;	..\COMMON\easyax5043.c:1708: radio_write8(AX5043_REG_PLLRANGINGA, r); // init ranging process starting from "range"
      0021B6                       9004 00146$:
      0021B6 90 40 33         [24] 9005 	mov	dptr,#0x4033
      0021B9 EC               [12] 9006 	mov	a,r4
      0021BA F0               [24] 9007 	movx	@dptr,a
      0021BB                       9008 00236$:
                                   9009 ;	C:/Program Files (x86)/ON Semiconductor/AXSDB/libmf/include/libmftypes.h:363: EA = 0;
      0021BB C2 AF            [12] 9010 	clr	_EA
                                   9011 ;	..\COMMON\easyax5043.c:1712: if (axradio_trxstate == trxstate_pll_ranging_done)
      0021BD 74 06            [12] 9012 	mov	a,#0x06
      0021BF B5*01 02         [24] 9013 	cjne	a,_axradio_trxstate,00317$
      0021C2 80 1A            [24] 9014 	sjmp	00151$
      0021C4                       9015 00317$:
                                   9016 ;	..\COMMON\easyax5043.c:1714: wtimer_idle(WTFLAG_CANSTANDBY);
      0021C4 75 82 02         [24] 9017 	mov	dpl,#0x02
      0021C7 C0 07            [24] 9018 	push	ar7
      0021C9 C0 06            [24] 9019 	push	ar6
      0021CB 12r00r00         [24] 9020 	lcall	_wtimer_idle
      0021CE D0 06            [24] 9021 	pop	ar6
                                   9022 ;	C:/Program Files (x86)/ON Semiconductor/AXSDB/libmf/include/libmftypes.h:358: IE |= crit;
      0021D0 EE               [12] 9023 	mov	a,r6
      0021D1 42 A8            [12] 9024 	orl	_IE,a
                                   9025 ;	..\COMMON\easyax5043.c:1716: wtimer_runcallbacks();
      0021D3 C0 06            [24] 9026 	push	ar6
      0021D5 12r00r00         [24] 9027 	lcall	_wtimer_runcallbacks
      0021D8 D0 06            [24] 9028 	pop	ar6
      0021DA D0 07            [24] 9029 	pop	ar7
      0021DC 80 DD            [24] 9030 	sjmp	00236$
      0021DE                       9031 00151$:
                                   9032 ;	..\COMMON\easyax5043.c:1718: axradio_trxstate = trxstate_off;
      0021DE 75*01 00         [24] 9033 	mov	_axradio_trxstate,#0x00
                                   9034 ;	..\COMMON\easyax5043.c:1719: radio_write8(AX5043_REG_IRQMASK1, 0x00);
      0021E1 90 40 06         [24] 9035 	mov	dptr,#0x4006
      0021E4 E4               [12] 9036 	clr	a
      0021E5 F0               [24] 9037 	movx	@dptr,a
                                   9038 ;	..\COMMON\easyax5043.c:1720: axradio_phy_chanpllrng[i] = (uint8_t)radio_read8(AX5043_REG_PLLRANGINGA);
      0021E6 EF               [12] 9039 	mov	a,r7
      0021E7 75 F0 02         [24] 9040 	mov	b,#0x02
      0021EA A4               [48] 9041 	mul	ab
      0021EB 24r00            [12] 9042 	add	a,#_axradio_phy_chanpllrng
      0021ED FC               [12] 9043 	mov	r4,a
      0021EE 74s00            [12] 9044 	mov	a,#(_axradio_phy_chanpllrng >> 8)
      0021F0 35 F0            [12] 9045 	addc	a,b
      0021F2 FD               [12] 9046 	mov	r5,a
      0021F3 90 40 33         [24] 9047 	mov	dptr,#0x4033
      0021F6 E0               [24] 9048 	movx	a,@dptr
      0021F7 FB               [12] 9049 	mov	r3,a
      0021F8 7A 00            [12] 9050 	mov	r2,#0x00
      0021FA 8C 82            [24] 9051 	mov	dpl,r4
      0021FC 8D 83            [24] 9052 	mov	dph,r5
      0021FE EB               [12] 9053 	mov	a,r3
      0021FF F0               [24] 9054 	movx	@dptr,a
      002200 EA               [12] 9055 	mov	a,r2
      002201 A3               [24] 9056 	inc	dptr
      002202 F0               [24] 9057 	movx	@dptr,a
                                   9058 ;	C:/Program Files (x86)/ON Semiconductor/AXSDB/libmf/include/libmftypes.h:358: IE |= crit;
      002203 EE               [12] 9059 	mov	a,r6
      002204 42 A8            [12] 9060 	orl	_IE,a
                                   9061 ;	..\COMMON\easyax5043.c:1684: for (i = 0; i < axradio_phy_nrchannels; ++i) {
      002206 0F               [12] 9062 	inc	r7
      002207 02r21r02         [24] 9063 	ljmp	00239$
      00220A                       9064 00155$:
                                   9065 ;	..\COMMON\easyax5043.c:1724: if (axradio_phy_vcocalib) {
      00220A 90r00r00         [24] 9066 	mov	dptr,#_axradio_phy_vcocalib
      00220D E4               [12] 9067 	clr	a
      00220E 93               [24] 9068 	movc	a,@a+dptr
      00220F 70 03            [24] 9069 	jnz	00318$
      002211 02r23r93         [24] 9070 	ljmp	00211$
      002214                       9071 00318$:
                                   9072 ;	..\COMMON\easyax5043.c:1725: ax5043_set_registers_tx();
      002214 12r00r00         [24] 9073 	lcall	_ax5043_set_registers_tx
                                   9074 ;	..\COMMON\easyax5043.c:1726: radio_write8(AX5043_REG_MODULATION, 0x08);
      002217 90 40 10         [24] 9075 	mov	dptr,#0x4010
      00221A 74 08            [12] 9076 	mov	a,#0x08
      00221C F0               [24] 9077 	movx	@dptr,a
                                   9078 ;	..\COMMON\easyax5043.c:1727: radio_write8(AX5043_REG_FSKDEV2, 0x00);
      00221D 90 41 61         [24] 9079 	mov	dptr,#0x4161
      002220 E4               [12] 9080 	clr	a
      002221 F0               [24] 9081 	movx	@dptr,a
                                   9082 ;	..\COMMON\easyax5043.c:1728: radio_write8(AX5043_REG_FSKDEV1, 0x00);
      002222 90 41 62         [24] 9083 	mov	dptr,#0x4162
      002225 F0               [24] 9084 	movx	@dptr,a
                                   9085 ;	..\COMMON\easyax5043.c:1729: radio_write8(AX5043_REG_FSKDEV0, 0x00);
      002226 90 41 63         [24] 9086 	mov	dptr,#0x4163
      002229 F0               [24] 9087 	movx	@dptr,a
                                   9088 ;	..\COMMON\easyax5043.c:1730: radio_write8(AX5043_REG_PLLLOOP, (radio_read8(AX5043_REG_PLLLOOP) | 0x04));
      00222A 90 40 30         [24] 9089 	mov	dptr,#0x4030
      00222D E0               [24] 9090 	movx	a,@dptr
      00222E 44 04            [12] 9091 	orl	a,#0x04
      002230 F0               [24] 9092 	movx	@dptr,a
                                   9093 ;	..\COMMON\easyax5043.c:1732: uint8_t x = radio_read8(AX5043_REG_0xF35);
      002231 90 4F 35         [24] 9094 	mov	dptr,#0x4f35
      002234 E0               [24] 9095 	movx	a,@dptr
                                   9096 ;	..\COMMON\easyax5043.c:1733: x |= 0x80;
                                   9097 ;	..\COMMON\easyax5043.c:1734: if (2 & (uint8_t)~x)
      002235 44 80            [12] 9098 	orl	a,#0x80
      002237 FF               [12] 9099 	mov	r7,a
      002238 F4               [12] 9100 	cpl	a
      002239 FE               [12] 9101 	mov	r6,a
      00223A 30 E1 01         [24] 9102 	jnb	acc.1,00173$
                                   9103 ;	..\COMMON\easyax5043.c:1735: ++x;
      00223D 0F               [12] 9104 	inc	r7
                                   9105 ;	..\COMMON\easyax5043.c:1736: radio_write8(AX5043_REG_0xF35, x);
      00223E                       9106 00173$:
      00223E 90 4F 35         [24] 9107 	mov	dptr,#0x4f35
      002241 EF               [12] 9108 	mov	a,r7
      002242 F0               [24] 9109 	movx	@dptr,a
                                   9110 ;	..\COMMON\easyax5043.c:1738: radio_write8(AX5043_REG_PWRMODE, AX5043_PWRSTATE_SYNTH_TX);
      002243 90 40 02         [24] 9111 	mov	dptr,#0x4002
      002246 74 0C            [12] 9112 	mov	a,#0x0c
      002248 F0               [24] 9113 	movx	@dptr,a
                                   9114 ;	..\COMMON\easyax5043.c:1740: uint8_t __autodata vcoisave = radio_read8(AX5043_REG_PLLVCOI);
      002249 90 41 80         [24] 9115 	mov	dptr,#0x4180
      00224C E0               [24] 9116 	movx	a,@dptr
      00224D F5*05            [12] 9117 	mov	_axradio_init_vcoisave_3_687,a
                                   9118 ;	..\COMMON\easyax5043.c:1741: uint8_t j = 2;
      00224F 75*06 02         [24] 9119 	mov	_axradio_init_j_3_687,#0x02
                                   9120 ;	..\COMMON\easyax5043.c:1742: for (i = 0; i < axradio_phy_nrchannels; ++i) {
      002252 75*04 00         [24] 9121 	mov	_axradio_init_i_1_657,#0x00
      002255                       9122 00242$:
      002255 90r00r00         [24] 9123 	mov	dptr,#_axradio_phy_nrchannels
      002258 E4               [12] 9124 	clr	a
      002259 93               [24] 9125 	movc	a,@a+dptr
      00225A FC               [12] 9126 	mov	r4,a
      00225B C3               [12] 9127 	clr	c
      00225C E5*04            [12] 9128 	mov	a,_axradio_init_i_1_657
      00225E 9C               [12] 9129 	subb	a,r4
      00225F 40 03            [24] 9130 	jc	00320$
      002261 02r23r8D         [24] 9131 	ljmp	00206$
      002264                       9132 00320$:
                                   9133 ;	..\COMMON\easyax5043.c:1743: axradio_phy_chanvcoi[i] = 0;
      002264 E5*04            [12] 9134 	mov	a,_axradio_init_i_1_657
      002266 24r00            [12] 9135 	add	a,#_axradio_phy_chanvcoi
      002268 F5 82            [12] 9136 	mov	dpl,a
      00226A E4               [12] 9137 	clr	a
      00226B 34s00            [12] 9138 	addc	a,#(_axradio_phy_chanvcoi >> 8)
      00226D F5 83            [12] 9139 	mov	dph,a
      00226F E4               [12] 9140 	clr	a
      002270 F0               [24] 9141 	movx	@dptr,a
                                   9142 ;	..\COMMON\easyax5043.c:1744: if (axradio_phy_chanpllrng[i] & 0x20)
      002271 E5*04            [12] 9143 	mov	a,_axradio_init_i_1_657
      002273 75 F0 02         [24] 9144 	mov	b,#0x02
      002276 A4               [48] 9145 	mul	ab
      002277 FB               [12] 9146 	mov	r3,a
      002278 AC F0            [24] 9147 	mov	r4,b
      00227A 24r00            [12] 9148 	add	a,#_axradio_phy_chanpllrng
      00227C F9               [12] 9149 	mov	r1,a
      00227D EC               [12] 9150 	mov	a,r4
      00227E 34s00            [12] 9151 	addc	a,#(_axradio_phy_chanpllrng >> 8)
      002280 FA               [12] 9152 	mov	r2,a
      002281 89 82            [24] 9153 	mov	dpl,r1
      002283 8A 83            [24] 9154 	mov	dph,r2
      002285 E0               [24] 9155 	movx	a,@dptr
      002286 F5*0B            [12] 9156 	mov	_axradio_init_sloc0_1_0,a
      002288 A3               [24] 9157 	inc	dptr
      002289 E0               [24] 9158 	movx	a,@dptr
      00228A F5*0C            [12] 9159 	mov	(_axradio_init_sloc0_1_0 + 1),a
      00228C E5*0B            [12] 9160 	mov	a,_axradio_init_sloc0_1_0
      00228E 30 E5 03         [24] 9161 	jnb	acc.5,00321$
      002291 02r23r88         [24] 9162 	ljmp	00204$
      002294                       9163 00321$:
                                   9164 ;	..\COMMON\easyax5043.c:1746: radio_write8(AX5043_REG_PLLRANGINGA, (axradio_phy_chanpllrng[i] & 0x0F));
      002294 74 0F            [12] 9165 	mov	a,#0x0f
      002296 55*0B            [12] 9166 	anl	a,_axradio_init_sloc0_1_0
      002298 F8               [12] 9167 	mov	r0,a
      002299 90 40 33         [24] 9168 	mov	dptr,#0x4033
      00229C F0               [24] 9169 	movx	@dptr,a
                                   9170 ;	..\COMMON\easyax5043.c:1748: uint32_t __autodata f = axradio_phy_chanfreq[i];
      00229D E5*04            [12] 9171 	mov	a,_axradio_init_i_1_657
      00229F 75 F0 04         [24] 9172 	mov	b,#0x04
      0022A2 A4               [48] 9173 	mul	ab
      0022A3 24r00            [12] 9174 	add	a,#_axradio_phy_chanfreq
      0022A5 F5 82            [12] 9175 	mov	dpl,a
      0022A7 74s00            [12] 9176 	mov	a,#(_axradio_phy_chanfreq >> 8)
      0022A9 35 F0            [12] 9177 	addc	a,b
      0022AB F5 83            [12] 9178 	mov	dph,a
      0022AD E4               [12] 9179 	clr	a
      0022AE 93               [24] 9180 	movc	a,@a+dptr
      0022AF F5*07            [12] 9181 	mov	_axradio_init_f_5_690,a
      0022B1 A3               [24] 9182 	inc	dptr
      0022B2 E4               [12] 9183 	clr	a
      0022B3 93               [24] 9184 	movc	a,@a+dptr
      0022B4 F5*08            [12] 9185 	mov	(_axradio_init_f_5_690 + 1),a
      0022B6 A3               [24] 9186 	inc	dptr
      0022B7 E4               [12] 9187 	clr	a
      0022B8 93               [24] 9188 	movc	a,@a+dptr
      0022B9 F5*09            [12] 9189 	mov	(_axradio_init_f_5_690 + 2),a
      0022BB A3               [24] 9190 	inc	dptr
      0022BC E4               [12] 9191 	clr	a
      0022BD 93               [24] 9192 	movc	a,@a+dptr
      0022BE F5*0A            [12] 9193 	mov	(_axradio_init_f_5_690 + 3),a
                                   9194 ;	..\COMMON\easyax5043.c:1749: radio_write8(AX5043_REG_FREQA0, f);
      0022C0 AF*07            [24] 9195 	mov	r7,_axradio_init_f_5_690
      0022C2 90 40 37         [24] 9196 	mov	dptr,#0x4037
      0022C5 EF               [12] 9197 	mov	a,r7
      0022C6 F0               [24] 9198 	movx	@dptr,a
                                   9199 ;	..\COMMON\easyax5043.c:1750: radio_write8(AX5043_REG_FREQA1, (f >> 8));
      0022C7 AF*08            [24] 9200 	mov	r7,(_axradio_init_f_5_690 + 1)
      0022C9 90 40 36         [24] 9201 	mov	dptr,#0x4036
      0022CC EF               [12] 9202 	mov	a,r7
      0022CD F0               [24] 9203 	movx	@dptr,a
                                   9204 ;	..\COMMON\easyax5043.c:1751: radio_write8(AX5043_REG_FREQA2, (f >> 16));
      0022CE AF*09            [24] 9205 	mov	r7,(_axradio_init_f_5_690 + 2)
      0022D0 90 40 35         [24] 9206 	mov	dptr,#0x4035
      0022D3 EF               [12] 9207 	mov	a,r7
      0022D4 F0               [24] 9208 	movx	@dptr,a
                                   9209 ;	..\COMMON\easyax5043.c:1752: radio_write8(AX5043_REG_FREQA3, (f >> 24));
      0022D5 AF*0A            [24] 9210 	mov	r7,(_axradio_init_f_5_690 + 3)
      0022D7 90 40 34         [24] 9211 	mov	dptr,#0x4034
      0022DA EF               [12] 9212 	mov	a,r7
      0022DB F0               [24] 9213 	movx	@dptr,a
                                   9214 ;	..\COMMON\easyax5043.c:1754: do {
      0022DC                       9215 00201$:
                                   9216 ;	..\COMMON\easyax5043.c:1755: if (axradio_phy_chanvcoiinit[0]) {
      0022DC 90r00r00         [24] 9217 	mov	dptr,#_axradio_phy_chanvcoiinit
      0022DF E4               [12] 9218 	clr	a
      0022E0 93               [24] 9219 	movc	a,@a+dptr
      0022E1 60 6B            [24] 9220 	jz	00199$
                                   9221 ;	..\COMMON\easyax5043.c:1756: uint8_t x = axradio_phy_chanvcoiinit[i];
      0022E3 E5*04            [12] 9222 	mov	a,_axradio_init_i_1_657
      0022E5 90r00r00         [24] 9223 	mov	dptr,#_axradio_phy_chanvcoiinit
      0022E8 93               [24] 9224 	movc	a,@a+dptr
      0022E9 FF               [12] 9225 	mov	r7,a
                                   9226 ;	..\COMMON\easyax5043.c:1757: if (!(axradio_phy_chanpllrnginit[0] & 0xF0))
      0022EA 90r00r00         [24] 9227 	mov	dptr,#_axradio_phy_chanpllrnginit
      0022ED E4               [12] 9228 	clr	a
      0022EE 93               [24] 9229 	movc	a,@a+dptr
      0022EF FD               [12] 9230 	mov	r5,a
      0022F0 A3               [24] 9231 	inc	dptr
      0022F1 E4               [12] 9232 	clr	a
      0022F2 93               [24] 9233 	movc	a,@a+dptr
      0022F3 FE               [12] 9234 	mov	r6,a
      0022F4 ED               [12] 9235 	mov	a,r5
      0022F5 54 F0            [12] 9236 	anl	a,#0xf0
      0022F7 70 25            [24] 9237 	jnz	00197$
                                   9238 ;	..\COMMON\easyax5043.c:1758: x += (axradio_phy_chanpllrng[i] & 0x0F) - (axradio_phy_chanpllrnginit[i] & 0x0F);
      0022F9 89 82            [24] 9239 	mov	dpl,r1
      0022FB 8A 83            [24] 9240 	mov	dph,r2
      0022FD E0               [24] 9241 	movx	a,@dptr
      0022FE FD               [12] 9242 	mov	r5,a
      0022FF A3               [24] 9243 	inc	dptr
      002300 E0               [24] 9244 	movx	a,@dptr
      002301 53 05 0F         [24] 9245 	anl	ar5,#0x0f
      002304 EB               [12] 9246 	mov	a,r3
      002305 24r00            [12] 9247 	add	a,#_axradio_phy_chanpllrnginit
      002307 F5 82            [12] 9248 	mov	dpl,a
      002309 EC               [12] 9249 	mov	a,r4
      00230A 34s00            [12] 9250 	addc	a,#(_axradio_phy_chanpllrnginit >> 8)
      00230C F5 83            [12] 9251 	mov	dph,a
      00230E E4               [12] 9252 	clr	a
      00230F 93               [24] 9253 	movc	a,@a+dptr
      002310 F8               [12] 9254 	mov	r0,a
      002311 A3               [24] 9255 	inc	dptr
      002312 E4               [12] 9256 	clr	a
      002313 93               [24] 9257 	movc	a,@a+dptr
      002314 53 00 0F         [24] 9258 	anl	ar0,#0x0f
      002317 7E 00            [12] 9259 	mov	r6,#0x00
      002319 ED               [12] 9260 	mov	a,r5
      00231A C3               [12] 9261 	clr	c
      00231B 98               [12] 9262 	subb	a,r0
      00231C 2F               [12] 9263 	add	a,r7
      00231D FF               [12] 9264 	mov	r7,a
      00231E                       9265 00197$:
                                   9266 ;	..\COMMON\easyax5043.c:1759: axradio_phy_chanvcoi[i] = axradio_adjustvcoi(x);
      00231E E5*04            [12] 9267 	mov	a,_axradio_init_i_1_657
      002320 24r00            [12] 9268 	add	a,#_axradio_phy_chanvcoi
      002322 FD               [12] 9269 	mov	r5,a
      002323 E4               [12] 9270 	clr	a
      002324 34s00            [12] 9271 	addc	a,#(_axradio_phy_chanvcoi >> 8)
      002326 FE               [12] 9272 	mov	r6,a
      002327 8F 82            [24] 9273 	mov	dpl,r7
      002329 C0 06            [24] 9274 	push	ar6
      00232B C0 05            [24] 9275 	push	ar5
      00232D C0 04            [24] 9276 	push	ar4
      00232F C0 03            [24] 9277 	push	ar3
      002331 C0 02            [24] 9278 	push	ar2
      002333 C0 01            [24] 9279 	push	ar1
      002335 12r1Er7B         [24] 9280 	lcall	_axradio_adjustvcoi
      002338 AF 82            [24] 9281 	mov	r7,dpl
      00233A D0 01            [24] 9282 	pop	ar1
      00233C D0 02            [24] 9283 	pop	ar2
      00233E D0 03            [24] 9284 	pop	ar3
      002340 D0 04            [24] 9285 	pop	ar4
      002342 D0 05            [24] 9286 	pop	ar5
      002344 D0 06            [24] 9287 	pop	ar6
      002346 8D 82            [24] 9288 	mov	dpl,r5
      002348 8E 83            [24] 9289 	mov	dph,r6
      00234A EF               [12] 9290 	mov	a,r7
      00234B F0               [24] 9291 	movx	@dptr,a
      00234C 80 2C            [24] 9292 	sjmp	00202$
      00234E                       9293 00199$:
                                   9294 ;	..\COMMON\easyax5043.c:1761: axradio_phy_chanvcoi[i] = axradio_calvcoi();
      00234E E5*04            [12] 9295 	mov	a,_axradio_init_i_1_657
      002350 24r00            [12] 9296 	add	a,#_axradio_phy_chanvcoi
      002352 FE               [12] 9297 	mov	r6,a
      002353 E4               [12] 9298 	clr	a
      002354 34s00            [12] 9299 	addc	a,#(_axradio_phy_chanvcoi >> 8)
      002356 FF               [12] 9300 	mov	r7,a
      002357 C0 07            [24] 9301 	push	ar7
      002359 C0 06            [24] 9302 	push	ar6
      00235B C0 04            [24] 9303 	push	ar4
      00235D C0 03            [24] 9304 	push	ar3
      00235F C0 02            [24] 9305 	push	ar2
      002361 C0 01            [24] 9306 	push	ar1
      002363 12r1Fr4E         [24] 9307 	lcall	_axradio_calvcoi
      002366 AD 82            [24] 9308 	mov	r5,dpl
      002368 D0 01            [24] 9309 	pop	ar1
      00236A D0 02            [24] 9310 	pop	ar2
      00236C D0 03            [24] 9311 	pop	ar3
      00236E D0 04            [24] 9312 	pop	ar4
      002370 D0 06            [24] 9313 	pop	ar6
      002372 D0 07            [24] 9314 	pop	ar7
      002374 8E 82            [24] 9315 	mov	dpl,r6
      002376 8F 83            [24] 9316 	mov	dph,r7
      002378 ED               [12] 9317 	mov	a,r5
      002379 F0               [24] 9318 	movx	@dptr,a
      00237A                       9319 00202$:
                                   9320 ;	..\COMMON\easyax5043.c:1763: } while (--j);
      00237A E5*06            [12] 9321 	mov	a,_axradio_init_j_3_687
      00237C 14               [12] 9322 	dec	a
      00237D FF               [12] 9323 	mov	r7,a
      00237E 8F*06            [24] 9324 	mov	_axradio_init_j_3_687,r7
      002380 60 03            [24] 9325 	jz	00325$
      002382 02r22rDC         [24] 9326 	ljmp	00201$
      002385                       9327 00325$:
                                   9328 ;	..\COMMON\easyax5043.c:1764: j = 1;
      002385 75*06 01         [24] 9329 	mov	_axradio_init_j_3_687,#0x01
      002388                       9330 00204$:
                                   9331 ;	..\COMMON\easyax5043.c:1742: for (i = 0; i < axradio_phy_nrchannels; ++i) {
      002388 05*04            [12] 9332 	inc	_axradio_init_i_1_657
      00238A 02r22r55         [24] 9333 	ljmp	00242$
                                   9334 ;	..\COMMON\easyax5043.c:1784: radio_write8(AX5043_REG_PLLVCOI, vcoisave);
      00238D                       9335 00206$:
      00238D 90 41 80         [24] 9336 	mov	dptr,#0x4180
      002390 E5*05            [12] 9337 	mov	a,_axradio_init_vcoisave_3_687
      002392 F0               [24] 9338 	movx	@dptr,a
                                   9339 ;	..\COMMON\easyax5043.c:1817: radio_write8(AX5043_REG_PWRMODE, AX5043_PWRSTATE_POWERDOWN);
      002393                       9340 00211$:
      002393 90 40 02         [24] 9341 	mov	dptr,#0x4002
      002396 E4               [12] 9342 	clr	a
      002397 F0               [24] 9343 	movx	@dptr,a
                                   9344 ;	..\COMMON\easyax5043.c:1818: ax5043_init_registers();
      002398 12r0Er97         [24] 9345 	lcall	_ax5043_init_registers
                                   9346 ;	..\COMMON\easyax5043.c:1819: ax5043_set_registers_rx();
      00239B 12r00r00         [24] 9347 	lcall	_ax5043_set_registers_rx
                                   9348 ;	..\COMMON\easyax5043.c:1820: radio_write8(AX5043_REG_PLLRANGINGA, (axradio_phy_chanpllrng[0] & 0x0F));
      00239E 90r00r00         [24] 9349 	mov	dptr,#_axradio_phy_chanpllrng
      0023A1 E0               [24] 9350 	movx	a,@dptr
      0023A2 FE               [12] 9351 	mov	r6,a
      0023A3 A3               [24] 9352 	inc	dptr
      0023A4 E0               [24] 9353 	movx	a,@dptr
      0023A5 53 06 0F         [24] 9354 	anl	ar6,#0x0f
      0023A8 90 40 33         [24] 9355 	mov	dptr,#0x4033
      0023AB EE               [12] 9356 	mov	a,r6
      0023AC F0               [24] 9357 	movx	@dptr,a
                                   9358 ;	..\COMMON\easyax5043.c:1822: uint32_t __autodata f = axradio_phy_chanfreq[0];
      0023AD 90r00r00         [24] 9359 	mov	dptr,#_axradio_phy_chanfreq
      0023B0 E4               [12] 9360 	clr	a
      0023B1 93               [24] 9361 	movc	a,@a+dptr
      0023B2 FC               [12] 9362 	mov	r4,a
      0023B3 A3               [24] 9363 	inc	dptr
      0023B4 E4               [12] 9364 	clr	a
      0023B5 93               [24] 9365 	movc	a,@a+dptr
      0023B6 FD               [12] 9366 	mov	r5,a
      0023B7 A3               [24] 9367 	inc	dptr
      0023B8 E4               [12] 9368 	clr	a
      0023B9 93               [24] 9369 	movc	a,@a+dptr
      0023BA FE               [12] 9370 	mov	r6,a
      0023BB A3               [24] 9371 	inc	dptr
      0023BC E4               [12] 9372 	clr	a
      0023BD 93               [24] 9373 	movc	a,@a+dptr
      0023BE FF               [12] 9374 	mov	r7,a
                                   9375 ;	..\COMMON\easyax5043.c:1823: radio_write8(AX5043_REG_FREQA0, f);
      0023BF 8C 03            [24] 9376 	mov	ar3,r4
      0023C1 90 40 37         [24] 9377 	mov	dptr,#0x4037
      0023C4 EB               [12] 9378 	mov	a,r3
      0023C5 F0               [24] 9379 	movx	@dptr,a
                                   9380 ;	..\COMMON\easyax5043.c:1824: radio_write8(AX5043_REG_FREQA1, (f >> 8));
      0023C6 8D 03            [24] 9381 	mov	ar3,r5
      0023C8 90 40 36         [24] 9382 	mov	dptr,#0x4036
      0023CB EB               [12] 9383 	mov	a,r3
      0023CC F0               [24] 9384 	movx	@dptr,a
                                   9385 ;	..\COMMON\easyax5043.c:1825: radio_write8(AX5043_REG_FREQA2, (f >> 16));
      0023CD 8E 03            [24] 9386 	mov	ar3,r6
      0023CF 90 40 35         [24] 9387 	mov	dptr,#0x4035
      0023D2 EB               [12] 9388 	mov	a,r3
      0023D3 F0               [24] 9389 	movx	@dptr,a
                                   9390 ;	..\COMMON\easyax5043.c:1826: radio_write8(AX5043_REG_FREQA3, (f >> 24));
      0023D4 8F 04            [24] 9391 	mov	ar4,r7
      0023D6 90 40 34         [24] 9392 	mov	dptr,#0x4034
      0023D9 EC               [12] 9393 	mov	a,r4
      0023DA F0               [24] 9394 	movx	@dptr,a
                                   9395 ;	..\COMMON\easyax5043.c:1829: axradio_mode = AXRADIO_MODE_OFF;
      0023DB 75*00 01         [24] 9396 	mov	_axradio_mode,#0x01
                                   9397 ;	..\COMMON\easyax5043.c:1830: for (i = 0; i < axradio_phy_nrchannels; ++i)
      0023DE 7F 00            [12] 9398 	mov	r7,#0x00
      0023E0                       9399 00244$:
      0023E0 90r00r00         [24] 9400 	mov	dptr,#_axradio_phy_nrchannels
      0023E3 E4               [12] 9401 	clr	a
      0023E4 93               [24] 9402 	movc	a,@a+dptr
      0023E5 FE               [12] 9403 	mov	r6,a
      0023E6 C3               [12] 9404 	clr	c
      0023E7 EF               [12] 9405 	mov	a,r7
      0023E8 9E               [12] 9406 	subb	a,r6
      0023E9 50 1F            [24] 9407 	jnc	00231$
                                   9408 ;	..\COMMON\easyax5043.c:1831: if (axradio_phy_chanpllrng[i] & 0x20)
      0023EB EF               [12] 9409 	mov	a,r7
      0023EC 75 F0 02         [24] 9410 	mov	b,#0x02
      0023EF A4               [48] 9411 	mul	ab
      0023F0 24r00            [12] 9412 	add	a,#_axradio_phy_chanpllrng
      0023F2 F5 82            [12] 9413 	mov	dpl,a
      0023F4 74s00            [12] 9414 	mov	a,#(_axradio_phy_chanpllrng >> 8)
      0023F6 35 F0            [12] 9415 	addc	a,b
      0023F8 F5 83            [12] 9416 	mov	dph,a
      0023FA E0               [24] 9417 	movx	a,@dptr
      0023FB FD               [12] 9418 	mov	r5,a
      0023FC A3               [24] 9419 	inc	dptr
      0023FD E0               [24] 9420 	movx	a,@dptr
      0023FE FE               [12] 9421 	mov	r6,a
      0023FF ED               [12] 9422 	mov	a,r5
      002400 30 E5 04         [24] 9423 	jnb	acc.5,00245$
                                   9424 ;	..\COMMON\easyax5043.c:1832: return AXRADIO_ERR_RANGING;
      002403 75 82 06         [24] 9425 	mov	dpl,#0x06
      002406 22               [24] 9426 	ret
      002407                       9427 00245$:
                                   9428 ;	..\COMMON\easyax5043.c:1830: for (i = 0; i < axradio_phy_nrchannels; ++i)
      002407 0F               [12] 9429 	inc	r7
      002408 80 D6            [24] 9430 	sjmp	00244$
      00240A                       9431 00231$:
                                   9432 ;	..\COMMON\easyax5043.c:1833: return AXRADIO_ERR_NOERROR;
      00240A 75 82 00         [24] 9433 	mov	dpl,#0x00
      00240D 22               [24] 9434 	ret
                                   9435 ;------------------------------------------------------------
                                   9436 ;Allocation info for local variables in function 'axradio_cansleep'
                                   9437 ;------------------------------------------------------------
                                   9438 ;	..\COMMON\easyax5043.c:1836: __reentrantb uint8_t axradio_cansleep(void) __reentrant
                                   9439 ;	-----------------------------------------
                                   9440 ;	 function axradio_cansleep
                                   9441 ;	-----------------------------------------
      00240E                       9442 _axradio_cansleep:
                                   9443 ;	..\COMMON\easyax5043.c:1838: if (axradio_trxstate == trxstate_off || axradio_trxstate == trxstate_rxwor)
      00240E E5*01            [12] 9444 	mov	a,_axradio_trxstate
      002410 60 05            [24] 9445 	jz	00101$
      002412 74 02            [12] 9446 	mov	a,#0x02
      002414 B5*01 04         [24] 9447 	cjne	a,_axradio_trxstate,00102$
      002417                       9448 00101$:
                                   9449 ;	..\COMMON\easyax5043.c:1839: return 1;
      002417 75 82 01         [24] 9450 	mov	dpl,#0x01
      00241A 22               [24] 9451 	ret
      00241B                       9452 00102$:
                                   9453 ;	..\COMMON\easyax5043.c:1840: return 0;
      00241B 75 82 00         [24] 9454 	mov	dpl,#0x00
      00241E 22               [24] 9455 	ret
                                   9456 ;------------------------------------------------------------
                                   9457 ;Allocation info for local variables in function 'wtimer_cansleep_dummy'
                                   9458 ;------------------------------------------------------------
                                   9459 ;	..\COMMON\easyax5043.c:1844: static void wtimer_cansleep_dummy(void) __naked
                                   9460 ;	-----------------------------------------
                                   9461 ;	 function wtimer_cansleep_dummy
                                   9462 ;	-----------------------------------------
      00241F                       9463 _wtimer_cansleep_dummy:
                                   9464 ;	naked function: no prologue.
                                   9465 ;	..\COMMON\easyax5043.c:1858: __endasm;
                                   9466 	.area	WTCANSLP0 (CODE)
                                   9467 	.area	WTCANSLP1 (CODE)
                                   9468 	.area	WTCANSLP2 (CODE)
                                   9469 	.area	WTCANSLP1 (CODE)
      000000 12r24r0E         [24] 9470 	lcall	_axradio_cansleep
      000003 E5 82            [12] 9471 	mov	a,dpl
      000005 70 01            [24] 9472 	jnz	00000$
      000007 22               [24] 9473 	ret
      000008                       9474 	00000$:
                                   9475 	.area	CSEG (CODE)
                                   9476 ;	naked function: no epilogue.
                                   9477 ;------------------------------------------------------------
                                   9478 ;Allocation info for local variables in function 'axradio_set_mode'
                                   9479 ;------------------------------------------------------------
                                   9480 ;mode                      Allocated to registers r7 
                                   9481 ;r                         Allocated to registers r5 
                                   9482 ;r                         Allocated to registers r6 
                                   9483 ;__00030034                Allocated to registers 
                                   9484 ;crit                      Allocated to registers r6 
                                   9485 ;crit                      Allocated to registers r6 
                                   9486 ;__00040036                Allocated to registers 
                                   9487 ;crit                      Allocated to registers 
                                   9488 ;------------------------------------------------------------
                                   9489 ;	..\COMMON\easyax5043.c:1862: uint8_t axradio_set_mode(uint8_t mode)
                                   9490 ;	-----------------------------------------
                                   9491 ;	 function axradio_set_mode
                                   9492 ;	-----------------------------------------
      00241F                       9493 _axradio_set_mode:
                                   9494 ;	..\COMMON\easyax5043.c:1864: if (mode == axradio_mode)
      00241F E5 82            [12] 9495 	mov	a,dpl
      002421 FF               [12] 9496 	mov	r7,a
      002422 B5*00 04         [24] 9497 	cjne	a,_axradio_mode,00102$
                                   9498 ;	..\COMMON\easyax5043.c:1865: return AXRADIO_ERR_NOERROR;
      002425 75 82 00         [24] 9499 	mov	dpl,#0x00
      002428 22               [24] 9500 	ret
      002429                       9501 00102$:
                                   9502 ;	..\COMMON\easyax5043.c:1866: switch (axradio_mode) {
      002429 AE*00            [24] 9503 	mov	r6,_axradio_mode
      00242B BE 00 02         [24] 9504 	cjne	r6,#0x00,00357$
      00242E 80 4C            [24] 9505 	sjmp	00103$
      002430                       9506 00357$:
      002430 BE 02 02         [24] 9507 	cjne	r6,#0x02,00358$
      002433 80 5A            [24] 9508 	sjmp	00106$
      002435                       9509 00358$:
      002435 BE 03 03         [24] 9510 	cjne	r6,#0x03,00359$
      002438 02r24rBF         [24] 9511 	ljmp	00116$
      00243B                       9512 00359$:
      00243B BE 18 03         [24] 9513 	cjne	r6,#0x18,00360$
      00243E 02r24rBF         [24] 9514 	ljmp	00116$
      002441                       9515 00360$:
      002441 BE 19 02         [24] 9516 	cjne	r6,#0x19,00361$
      002444 80 79            [24] 9517 	sjmp	00116$
      002446                       9518 00361$:
      002446 BE 1A 02         [24] 9519 	cjne	r6,#0x1a,00362$
      002449 80 74            [24] 9520 	sjmp	00116$
      00244B                       9521 00362$:
      00244B BE 1B 02         [24] 9522 	cjne	r6,#0x1b,00363$
      00244E 80 6F            [24] 9523 	sjmp	00116$
      002450                       9524 00363$:
      002450 BE 1C 02         [24] 9525 	cjne	r6,#0x1c,00364$
      002453 80 6A            [24] 9526 	sjmp	00116$
      002455                       9527 00364$:
      002455 BE 28 03         [24] 9528 	cjne	r6,#0x28,00365$
      002458 02r25r18         [24] 9529 	ljmp	00124$
      00245B                       9530 00365$:
      00245B BE 29 03         [24] 9531 	cjne	r6,#0x29,00366$
      00245E 02r25r18         [24] 9532 	ljmp	00124$
      002461                       9533 00366$:
      002461 BE 2A 03         [24] 9534 	cjne	r6,#0x2a,00367$
      002464 02r25r18         [24] 9535 	ljmp	00124$
      002467                       9536 00367$:
      002467 BE 2B 03         [24] 9537 	cjne	r6,#0x2b,00368$
      00246A 02r25r18         [24] 9538 	ljmp	00124$
      00246D                       9539 00368$:
      00246D BE 2C 03         [24] 9540 	cjne	r6,#0x2c,00369$
      002470 02r25r18         [24] 9541 	ljmp	00124$
      002473                       9542 00369$:
      002473 BE 2D 03         [24] 9543 	cjne	r6,#0x2d,00370$
      002476 02r25r18         [24] 9544 	ljmp	00124$
      002479                       9545 00370$:
      002479 02r25r25         [24] 9546 	ljmp	00125$
                                   9547 ;	..\COMMON\easyax5043.c:1867: case AXRADIO_MODE_UNINIT:
      00247C                       9548 00103$:
                                   9549 ;	..\COMMON\easyax5043.c:1869: uint8_t __autodata r = axradio_init();
      00247C C0 07            [24] 9550 	push	ar7
      00247E 12r20r1F         [24] 9551 	lcall	_axradio_init
      002481 AE 82            [24] 9552 	mov	r6,dpl
      002483 D0 07            [24] 9553 	pop	ar7
                                   9554 ;	..\COMMON\easyax5043.c:1870: if (r != AXRADIO_ERR_NOERROR)
      002485 EE               [12] 9555 	mov	a,r6
      002486 FD               [12] 9556 	mov	r5,a
      002487 70 03            [24] 9557 	jnz	00371$
      002489 02r25r2F         [24] 9558 	ljmp	00126$
      00248C                       9559 00371$:
                                   9560 ;	..\COMMON\easyax5043.c:1871: return r;
      00248C 8D 82            [24] 9561 	mov	dpl,r5
      00248E 22               [24] 9562 	ret
                                   9563 ;	..\COMMON\easyax5043.c:1875: case AXRADIO_MODE_DEEPSLEEP:
      00248F                       9564 00106$:
                                   9565 ;	..\COMMON\easyax5043.c:1877: uint8_t __autodata r = ax5043_wakeup_deepsleep();
      00248F C0 07            [24] 9566 	push	ar7
      002491 12r00r00         [24] 9567 	lcall	_ax5043_wakeup_deepsleep
      002494 AE 82            [24] 9568 	mov	r6,dpl
      002496 D0 07            [24] 9569 	pop	ar7
                                   9570 ;	..\COMMON\easyax5043.c:1878: if (r)
      002498 EE               [12] 9571 	mov	a,r6
      002499 60 04            [24] 9572 	jz	00108$
                                   9573 ;	..\COMMON\easyax5043.c:1879: return AXRADIO_ERR_NOCHIP;
      00249B 75 82 05         [24] 9574 	mov	dpl,#0x05
      00249E 22               [24] 9575 	ret
      00249F                       9576 00108$:
                                   9577 ;	..\COMMON\easyax5043.c:1880: ax5043_init_registers();
      00249F C0 07            [24] 9578 	push	ar7
      0024A1 12r0Er97         [24] 9579 	lcall	_ax5043_init_registers
                                   9580 ;	..\COMMON\easyax5043.c:1881: r = axradio_set_channel(axradio_curchannel);
      0024A4 90r00r05         [24] 9581 	mov	dptr,#_axradio_curchannel
      0024A7 E0               [24] 9582 	movx	a,@dptr
      0024A8 F5 82            [12] 9583 	mov	dpl,a
      0024AA 12r28r70         [24] 9584 	lcall	_axradio_set_channel
      0024AD AE 82            [24] 9585 	mov	r6,dpl
      0024AF D0 07            [24] 9586 	pop	ar7
                                   9587 ;	..\COMMON\easyax5043.c:1882: if (r != AXRADIO_ERR_NOERROR)
      0024B1 EE               [12] 9588 	mov	a,r6
      0024B2 60 03            [24] 9589 	jz	00110$
                                   9590 ;	..\COMMON\easyax5043.c:1883: return r;
      0024B4 8E 82            [24] 9591 	mov	dpl,r6
      0024B6 22               [24] 9592 	ret
      0024B7                       9593 00110$:
                                   9594 ;	..\COMMON\easyax5043.c:1884: axradio_trxstate = trxstate_off;
      0024B7 75*01 00         [24] 9595 	mov	_axradio_trxstate,#0x00
                                   9596 ;	..\COMMON\easyax5043.c:1885: axradio_mode = AXRADIO_MODE_OFF;
      0024BA 75*00 01         [24] 9597 	mov	_axradio_mode,#0x01
                                   9598 ;	..\COMMON\easyax5043.c:1886: break;
                                   9599 ;	..\COMMON\easyax5043.c:1894: case AXRADIO_MODE_CW_TRANSMIT:
      0024BD 80 70            [24] 9600 	sjmp	00126$
      0024BF                       9601 00116$:
                                   9602 ;	C:/Program Files (x86)/ON Semiconductor/AXSDB/libmf/include/libmftypes.h:351: criticalsection_t crit = IE & 0x80;
      0024BF 74 80            [12] 9603 	mov	a,#0x80
      0024C1 55 A8            [12] 9604 	anl	a,_IE
      0024C3 FE               [12] 9605 	mov	r6,a
                                   9606 ;	..\COMMON\easyax5043.c:1896: criticalsection_t crit = enter_critical();
      0024C4 C2 AF            [12] 9607 	clr	_EA
                                   9608 ;	..\COMMON\easyax5043.c:1897: if (axradio_trxstate == trxstate_off) {
      0024C6 E5*01            [12] 9609 	mov	a,_axradio_trxstate
      0024C8 70 38            [24] 9610 	jnz	00118$
                                   9611 ;	..\COMMON\easyax5043.c:1898: update_timeanchor();
      0024CA C0 07            [24] 9612 	push	ar7
      0024CC C0 06            [24] 9613 	push	ar6
      0024CE 12r00r00         [24] 9614 	lcall	_update_timeanchor
                                   9615 ;	..\COMMON\easyax5043.c:1899: wtimer_remove_callback(&axradio_cb_transmitend.cb);
      0024D1 90r02r76         [24] 9616 	mov	dptr,#_axradio_cb_transmitend
      0024D4 12r00r00         [24] 9617 	lcall	_wtimer_remove_callback
                                   9618 ;	..\COMMON\easyax5043.c:1900: axradio_cb_transmitend.st.error = AXRADIO_ERR_NOERROR;
      0024D7 90r02r7B         [24] 9619 	mov	dptr,#(_axradio_cb_transmitend + 0x0005)
      0024DA E4               [12] 9620 	clr	a
      0024DB F0               [24] 9621 	movx	@dptr,a
                                   9622 ;	..\COMMON\easyax5043.c:1901: axradio_cb_transmitend.st.time.t = axradio_timeanchor.radiotimer;
      0024DC 90r00r16         [24] 9623 	mov	dptr,#(_axradio_timeanchor + 0x0004)
      0024DF E0               [24] 9624 	movx	a,@dptr
      0024E0 FA               [12] 9625 	mov	r2,a
      0024E1 A3               [24] 9626 	inc	dptr
      0024E2 E0               [24] 9627 	movx	a,@dptr
      0024E3 FB               [12] 9628 	mov	r3,a
      0024E4 A3               [24] 9629 	inc	dptr
      0024E5 E0               [24] 9630 	movx	a,@dptr
      0024E6 FC               [12] 9631 	mov	r4,a
      0024E7 A3               [24] 9632 	inc	dptr
      0024E8 E0               [24] 9633 	movx	a,@dptr
      0024E9 FD               [12] 9634 	mov	r5,a
      0024EA 90r02r7C         [24] 9635 	mov	dptr,#(_axradio_cb_transmitend + 0x0006)
      0024ED EA               [12] 9636 	mov	a,r2
      0024EE F0               [24] 9637 	movx	@dptr,a
      0024EF EB               [12] 9638 	mov	a,r3
      0024F0 A3               [24] 9639 	inc	dptr
      0024F1 F0               [24] 9640 	movx	@dptr,a
      0024F2 EC               [12] 9641 	mov	a,r4
      0024F3 A3               [24] 9642 	inc	dptr
      0024F4 F0               [24] 9643 	movx	@dptr,a
      0024F5 ED               [12] 9644 	mov	a,r5
      0024F6 A3               [24] 9645 	inc	dptr
      0024F7 F0               [24] 9646 	movx	@dptr,a
                                   9647 ;	..\COMMON\easyax5043.c:1902: wtimer_add_callback(&axradio_cb_transmitend.cb);
      0024F8 90r02r76         [24] 9648 	mov	dptr,#_axradio_cb_transmitend
      0024FB 12r00r00         [24] 9649 	lcall	_wtimer_add_callback
      0024FE D0 06            [24] 9650 	pop	ar6
      002500 D0 07            [24] 9651 	pop	ar7
      002502                       9652 00118$:
                                   9653 ;	..\COMMON\easyax5043.c:1904: ax5043_off();
      002502 C0 07            [24] 9654 	push	ar7
      002504 C0 06            [24] 9655 	push	ar6
      002506 12r0Dr0E         [24] 9656 	lcall	_ax5043_off
      002509 D0 06            [24] 9657 	pop	ar6
                                   9658 ;	C:/Program Files (x86)/ON Semiconductor/AXSDB/libmf/include/libmftypes.h:358: IE |= crit;
      00250B EE               [12] 9659 	mov	a,r6
      00250C 42 A8            [12] 9660 	orl	_IE,a
                                   9661 ;	..\COMMON\easyax5043.c:1907: ax5043_init_registers();
      00250E 12r0Er97         [24] 9662 	lcall	_ax5043_init_registers
      002511 D0 07            [24] 9663 	pop	ar7
                                   9664 ;	..\COMMON\easyax5043.c:1908: axradio_mode = AXRADIO_MODE_OFF;
      002513 75*00 01         [24] 9665 	mov	_axradio_mode,#0x01
                                   9666 ;	..\COMMON\easyax5043.c:1909: break;
                                   9667 ;	..\COMMON\easyax5043.c:1917: case AXRADIO_MODE_STREAM_RECEIVE_DATAPIN:
      002516 80 17            [24] 9668 	sjmp	00126$
      002518                       9669 00124$:
                                   9670 ;	..\COMMON\easyax5043.c:1918: ax5043_off();
      002518 C0 07            [24] 9671 	push	ar7
      00251A 12r0Dr0E         [24] 9672 	lcall	_ax5043_off
                                   9673 ;	..\COMMON\easyax5043.c:1919: ax5043_init_registers();
      00251D 12r0Er97         [24] 9674 	lcall	_ax5043_init_registers
      002520 D0 07            [24] 9675 	pop	ar7
                                   9676 ;	..\COMMON\easyax5043.c:1920: axradio_mode = AXRADIO_MODE_OFF;
      002522 75*00 01         [24] 9677 	mov	_axradio_mode,#0x01
                                   9678 ;	..\COMMON\easyax5043.c:1922: default:
      002525                       9679 00125$:
                                   9680 ;	..\COMMON\easyax5043.c:1923: ax5043_off();
      002525 C0 07            [24] 9681 	push	ar7
      002527 12r0Dr0E         [24] 9682 	lcall	_ax5043_off
      00252A D0 07            [24] 9683 	pop	ar7
                                   9684 ;	..\COMMON\easyax5043.c:1924: axradio_mode = AXRADIO_MODE_OFF;
      00252C 75*00 01         [24] 9685 	mov	_axradio_mode,#0x01
                                   9686 ;	..\COMMON\easyax5043.c:1926: }
      00252F                       9687 00126$:
                                   9688 ;	..\COMMON\easyax5043.c:1927: axradio_killallcb();
      00252F C0 07            [24] 9689 	push	ar7
      002531 12r1Er05         [24] 9690 	lcall	_axradio_killallcb
      002534 D0 07            [24] 9691 	pop	ar7
                                   9692 ;	..\COMMON\easyax5043.c:1928: if (mode == AXRADIO_MODE_UNINIT)
      002536 EF               [12] 9693 	mov	a,r7
      002537 70 04            [24] 9694 	jnz	00128$
                                   9695 ;	..\COMMON\easyax5043.c:1929: return AXRADIO_ERR_NOTSUPPORTED;
      002539 75 82 01         [24] 9696 	mov	dpl,#0x01
      00253C 22               [24] 9697 	ret
      00253D                       9698 00128$:
                                   9699 ;	..\COMMON\easyax5043.c:1930: axradio_syncstate = syncstate_off;
      00253D 90r00r00         [24] 9700 	mov	dptr,#_axradio_syncstate
      002540 E4               [12] 9701 	clr	a
      002541 F0               [24] 9702 	movx	@dptr,a
                                   9703 ;	..\COMMON\easyax5043.c:1931: switch (mode) {
      002542 EF               [12] 9704 	mov	a,r7
      002543 24 CC            [12] 9705 	add	a,#0xff - 0x33
      002545 50 03            [24] 9706 	jnc	00376$
      002547 02r28r68         [24] 9707 	ljmp	00253$
      00254A                       9708 00376$:
      00254A EF               [12] 9709 	mov	a,r7
      00254B 24 0A            [12] 9710 	add	a,#(00377$-3-.)
      00254D 83               [24] 9711 	movc	a,@a+pc
      00254E F5 82            [12] 9712 	mov	dpl,a
      002550 EF               [12] 9713 	mov	a,r7
      002551 24 38            [12] 9714 	add	a,#(00378$-3-.)
      002553 83               [24] 9715 	movc	a,@a+pc
      002554 F5 83            [12] 9716 	mov	dph,a
      002556 E4               [12] 9717 	clr	a
      002557 73               [24] 9718 	jmp	@a+dptr
      002558                       9719 00377$:
      002558r68                    9720 	.db	00253$
      002559rC0                    9721 	.db	00129$
      00255ArC4                    9722 	.db	00130$
      00255Br30                    9723 	.db	00215$
      00255Cr68                    9724 	.db	00253$
      00255Dr68                    9725 	.db	00253$
      00255Er68                    9726 	.db	00253$
      00255Fr68                    9727 	.db	00253$
      002560r68                    9728 	.db	00253$
      002561r68                    9729 	.db	00253$
      002562r68                    9730 	.db	00253$
      002563r68                    9731 	.db	00253$
      002564r68                    9732 	.db	00253$
      002565r68                    9733 	.db	00253$
      002566r68                    9734 	.db	00253$
      002567r68                    9735 	.db	00253$
      002568rCE                    9736 	.db	00131$
      002569rDD                    9737 	.db	00133$
      00256ArCE                    9738 	.db	00132$
      00256BrDD                    9739 	.db	00134$
      00256Cr68                    9740 	.db	00253$
      00256Dr68                    9741 	.db	00253$
      00256Er68                    9742 	.db	00253$
      00256Fr68                    9743 	.db	00253$
      002570r3F                    9744 	.db	00143$
      002571r3F                    9745 	.db	00144$
      002572r3F                    9746 	.db	00145$
      002573r3F                    9747 	.db	00146$
      002574r3F                    9748 	.db	00142$
      002575r68                    9749 	.db	00253$
      002576r68                    9750 	.db	00253$
      002577r68                    9751 	.db	00253$
      002578rEC                    9752 	.db	00135$
      002579r2D                    9753 	.db	00140$
      00257ArEC                    9754 	.db	00136$
      00257Br2D                    9755 	.db	00141$
      00257Cr68                    9756 	.db	00253$
      00257Dr68                    9757 	.db	00253$
      00257Er68                    9758 	.db	00253$
      00257Fr68                    9759 	.db	00253$
      002580rCC                    9760 	.db	00175$
      002581rCC                    9761 	.db	00176$
      002582rCC                    9762 	.db	00177$
      002583rCC                    9763 	.db	00178$
      002584rCC                    9764 	.db	00174$
      002585rCC                    9765 	.db	00179$
      002586r68                    9766 	.db	00253$
      002587r68                    9767 	.db	00253$
      002588r73                    9768 	.db	00249$
      002589r73                    9769 	.db	00250$
      00258ArCE                    9770 	.db	00251$
      00258BrCE                    9771 	.db	00252$
      00258C                       9772 00378$:
      00258Cs28                    9773 	.db	00253$>>8
      00258Ds25                    9774 	.db	00129$>>8
      00258Es25                    9775 	.db	00130$>>8
      00258Fs27                    9776 	.db	00215$>>8
      002590s28                    9777 	.db	00253$>>8
      002591s28                    9778 	.db	00253$>>8
      002592s28                    9779 	.db	00253$>>8
      002593s28                    9780 	.db	00253$>>8
      002594s28                    9781 	.db	00253$>>8
      002595s28                    9782 	.db	00253$>>8
      002596s28                    9783 	.db	00253$>>8
      002597s28                    9784 	.db	00253$>>8
      002598s28                    9785 	.db	00253$>>8
      002599s28                    9786 	.db	00253$>>8
      00259As28                    9787 	.db	00253$>>8
      00259Bs28                    9788 	.db	00253$>>8
      00259Cs25                    9789 	.db	00131$>>8
      00259Ds25                    9790 	.db	00133$>>8
      00259Es25                    9791 	.db	00132$>>8
      00259Fs25                    9792 	.db	00134$>>8
      0025A0s28                    9793 	.db	00253$>>8
      0025A1s28                    9794 	.db	00253$>>8
      0025A2s28                    9795 	.db	00253$>>8
      0025A3s28                    9796 	.db	00253$>>8
      0025A4s26                    9797 	.db	00143$>>8
      0025A5s26                    9798 	.db	00144$>>8
      0025A6s26                    9799 	.db	00145$>>8
      0025A7s26                    9800 	.db	00146$>>8
      0025A8s26                    9801 	.db	00142$>>8
      0025A9s28                    9802 	.db	00253$>>8
      0025AAs28                    9803 	.db	00253$>>8
      0025ABs28                    9804 	.db	00253$>>8
      0025ACs25                    9805 	.db	00135$>>8
      0025ADs26                    9806 	.db	00140$>>8
      0025AEs25                    9807 	.db	00136$>>8
      0025AFs26                    9808 	.db	00141$>>8
      0025B0s28                    9809 	.db	00253$>>8
      0025B1s28                    9810 	.db	00253$>>8
      0025B2s28                    9811 	.db	00253$>>8
      0025B3s28                    9812 	.db	00253$>>8
      0025B4s26                    9813 	.db	00175$>>8
      0025B5s26                    9814 	.db	00176$>>8
      0025B6s26                    9815 	.db	00177$>>8
      0025B7s26                    9816 	.db	00178$>>8
      0025B8s26                    9817 	.db	00174$>>8
      0025B9s26                    9818 	.db	00179$>>8
      0025BAs28                    9819 	.db	00253$>>8
      0025BBs28                    9820 	.db	00253$>>8
      0025BCs27                    9821 	.db	00249$>>8
      0025BDs27                    9822 	.db	00250$>>8
      0025BEs27                    9823 	.db	00251$>>8
      0025BFs27                    9824 	.db	00252$>>8
                                   9825 ;	..\COMMON\easyax5043.c:1932: case AXRADIO_MODE_OFF:
      0025C0                       9826 00129$:
                                   9827 ;	..\COMMON\easyax5043.c:1933: return AXRADIO_ERR_NOERROR;
      0025C0 75 82 00         [24] 9828 	mov	dpl,#0x00
      0025C3 22               [24] 9829 	ret
                                   9830 ;	..\COMMON\easyax5043.c:1935: case AXRADIO_MODE_DEEPSLEEP:
      0025C4                       9831 00130$:
                                   9832 ;	..\COMMON\easyax5043.c:1936: ax5043_enter_deepsleep();
      0025C4 12r00r00         [24] 9833 	lcall	_ax5043_enter_deepsleep
                                   9834 ;	..\COMMON\easyax5043.c:1937: axradio_mode = AXRADIO_MODE_DEEPSLEEP;
      0025C7 75*00 02         [24] 9835 	mov	_axradio_mode,#0x02
                                   9836 ;	..\COMMON\easyax5043.c:1938: return AXRADIO_ERR_NOERROR;
      0025CA 75 82 00         [24] 9837 	mov	dpl,#0x00
      0025CD 22               [24] 9838 	ret
                                   9839 ;	..\COMMON\easyax5043.c:1940: case AXRADIO_MODE_ASYNC_TRANSMIT:
      0025CE                       9840 00131$:
                                   9841 ;	..\COMMON\easyax5043.c:1941: case AXRADIO_MODE_ACK_TRANSMIT:
      0025CE                       9842 00132$:
                                   9843 ;	..\COMMON\easyax5043.c:1942: axradio_mode = mode;
      0025CE 8F*00            [24] 9844 	mov	_axradio_mode,r7
                                   9845 ;	..\COMMON\easyax5043.c:1943: axradio_ack_seqnr = 0xff;
      0025D0 90r00r0B         [24] 9846 	mov	dptr,#_axradio_ack_seqnr
      0025D3 74 FF            [12] 9847 	mov	a,#0xff
      0025D5 F0               [24] 9848 	movx	@dptr,a
                                   9849 ;	..\COMMON\easyax5043.c:1944: ax5043_init_registers_tx();
      0025D6 12r00rE3         [24] 9850 	lcall	_ax5043_init_registers_tx
                                   9851 ;	..\COMMON\easyax5043.c:1945: return AXRADIO_ERR_NOERROR;
      0025D9 75 82 00         [24] 9852 	mov	dpl,#0x00
      0025DC 22               [24] 9853 	ret
                                   9854 ;	..\COMMON\easyax5043.c:1947: case AXRADIO_MODE_WOR_TRANSMIT:
      0025DD                       9855 00133$:
                                   9856 ;	..\COMMON\easyax5043.c:1948: case AXRADIO_MODE_WOR_ACK_TRANSMIT:
      0025DD                       9857 00134$:
                                   9858 ;	..\COMMON\easyax5043.c:1949: axradio_mode = mode;
      0025DD 8F*00            [24] 9859 	mov	_axradio_mode,r7
                                   9860 ;	..\COMMON\easyax5043.c:1950: axradio_ack_seqnr = 0xff;
      0025DF 90r00r0B         [24] 9861 	mov	dptr,#_axradio_ack_seqnr
      0025E2 74 FF            [12] 9862 	mov	a,#0xff
      0025E4 F0               [24] 9863 	movx	@dptr,a
                                   9864 ;	..\COMMON\easyax5043.c:1951: ax5043_init_registers_tx();
      0025E5 12r00rE3         [24] 9865 	lcall	_ax5043_init_registers_tx
                                   9866 ;	..\COMMON\easyax5043.c:1952: return AXRADIO_ERR_NOERROR;
      0025E8 75 82 00         [24] 9867 	mov	dpl,#0x00
      0025EB 22               [24] 9868 	ret
                                   9869 ;	..\COMMON\easyax5043.c:1954: case AXRADIO_MODE_ASYNC_RECEIVE:
      0025EC                       9870 00135$:
                                   9871 ;	..\COMMON\easyax5043.c:1955: case AXRADIO_MODE_ACK_RECEIVE:
      0025EC                       9872 00136$:
                                   9873 ;	..\COMMON\easyax5043.c:1956: axradio_mode = mode;
      0025EC 8F*00            [24] 9874 	mov	_axradio_mode,r7
                                   9875 ;	..\COMMON\easyax5043.c:1957: axradio_ack_seqnr = 0xff;
      0025EE 90r00r0B         [24] 9876 	mov	dptr,#_axradio_ack_seqnr
      0025F1 74 FF            [12] 9877 	mov	a,#0xff
      0025F3 F0               [24] 9878 	movx	@dptr,a
                                   9879 ;	..\COMMON\easyax5043.c:1958: ax5043_init_registers_rx();
      0025F4 12r00rE9         [24] 9880 	lcall	_ax5043_init_registers_rx
                                   9881 ;	..\COMMON\easyax5043.c:1959: ax5043_receiver_on_continuous();
      0025F7 12r0BrBF         [24] 9882 	lcall	_ax5043_receiver_on_continuous
                                   9883 ;	..\COMMON\easyax5043.c:1960: enablecs:
      0025FA                       9884 00137$:
                                   9885 ;	..\COMMON\easyax5043.c:1961: if (axradio_phy_cs_enabled) {
      0025FA 90r00r00         [24] 9886 	mov	dptr,#_axradio_phy_cs_enabled
      0025FD E4               [12] 9887 	clr	a
      0025FE 93               [24] 9888 	movc	a,@a+dptr
      0025FF 60 28            [24] 9889 	jz	00139$
                                   9890 ;	..\COMMON\easyax5043.c:1962: wtimer_remove(&axradio_timer);
      002601 90r02r8A         [24] 9891 	mov	dptr,#_axradio_timer
      002604 12r00r00         [24] 9892 	lcall	_wtimer_remove
                                   9893 ;	..\COMMON\easyax5043.c:1963: axradio_timer.time = axradio_phy_cs_period;
      002607 90r00r00         [24] 9894 	mov	dptr,#_axradio_phy_cs_period
      00260A E4               [12] 9895 	clr	a
      00260B 93               [24] 9896 	movc	a,@a+dptr
      00260C FD               [12] 9897 	mov	r5,a
      00260D 74 01            [12] 9898 	mov	a,#0x01
      00260F 93               [24] 9899 	movc	a,@a+dptr
      002610 FE               [12] 9900 	mov	r6,a
      002611 7C 00            [12] 9901 	mov	r4,#0x00
      002613 7B 00            [12] 9902 	mov	r3,#0x00
      002615 90r02r8E         [24] 9903 	mov	dptr,#(_axradio_timer + 0x0004)
      002618 ED               [12] 9904 	mov	a,r5
      002619 F0               [24] 9905 	movx	@dptr,a
      00261A EE               [12] 9906 	mov	a,r6
      00261B A3               [24] 9907 	inc	dptr
      00261C F0               [24] 9908 	movx	@dptr,a
      00261D EC               [12] 9909 	mov	a,r4
      00261E A3               [24] 9910 	inc	dptr
      00261F F0               [24] 9911 	movx	@dptr,a
      002620 EB               [12] 9912 	mov	a,r3
      002621 A3               [24] 9913 	inc	dptr
      002622 F0               [24] 9914 	movx	@dptr,a
                                   9915 ;	..\COMMON\easyax5043.c:1964: wtimer0_addrelative(&axradio_timer);
      002623 90r02r8A         [24] 9916 	mov	dptr,#_axradio_timer
      002626 12r00r00         [24] 9917 	lcall	_wtimer0_addrelative
      002629                       9918 00139$:
                                   9919 ;	..\COMMON\easyax5043.c:1966: return AXRADIO_ERR_NOERROR;
      002629 75 82 00         [24] 9920 	mov	dpl,#0x00
      00262C 22               [24] 9921 	ret
                                   9922 ;	..\COMMON\easyax5043.c:1968: case AXRADIO_MODE_WOR_RECEIVE:
      00262D                       9923 00140$:
                                   9924 ;	..\COMMON\easyax5043.c:1969: case AXRADIO_MODE_WOR_ACK_RECEIVE:
      00262D                       9925 00141$:
                                   9926 ;	..\COMMON\easyax5043.c:1970: axradio_ack_seqnr = 0xff;
      00262D 90r00r0B         [24] 9927 	mov	dptr,#_axradio_ack_seqnr
      002630 74 FF            [12] 9928 	mov	a,#0xff
      002632 F0               [24] 9929 	movx	@dptr,a
                                   9930 ;	..\COMMON\easyax5043.c:1971: axradio_mode = mode;
      002633 8F*00            [24] 9931 	mov	_axradio_mode,r7
                                   9932 ;	..\COMMON\easyax5043.c:1972: ax5043_init_registers_rx();
      002635 12r00rE9         [24] 9933 	lcall	_ax5043_init_registers_rx
                                   9934 ;	..\COMMON\easyax5043.c:1973: ax5043_receiver_on_wor();
      002638 12r0Cr26         [24] 9935 	lcall	_ax5043_receiver_on_wor
                                   9936 ;	..\COMMON\easyax5043.c:1974: return AXRADIO_ERR_NOERROR;
      00263B 75 82 00         [24] 9937 	mov	dpl,#0x00
      00263E 22               [24] 9938 	ret
                                   9939 ;	..\COMMON\easyax5043.c:1976: case AXRADIO_MODE_STREAM_TRANSMIT:
      00263F                       9940 00142$:
                                   9941 ;	..\COMMON\easyax5043.c:1977: case AXRADIO_MODE_STREAM_TRANSMIT_UNENC:
      00263F                       9942 00143$:
                                   9943 ;	..\COMMON\easyax5043.c:1978: case AXRADIO_MODE_STREAM_TRANSMIT_SCRAM:
      00263F                       9944 00144$:
                                   9945 ;	..\COMMON\easyax5043.c:1979: case AXRADIO_MODE_STREAM_TRANSMIT_UNENC_LSB:
      00263F                       9946 00145$:
                                   9947 ;	..\COMMON\easyax5043.c:1980: case AXRADIO_MODE_STREAM_TRANSMIT_SCRAM_LSB:
      00263F                       9948 00146$:
                                   9949 ;	..\COMMON\easyax5043.c:1981: axradio_mode = mode;
      00263F 8F*00            [24] 9950 	mov	_axradio_mode,r7
                                   9951 ;	..\COMMON\easyax5043.c:1982: if (axradio_mode == AXRADIO_MODE_STREAM_TRANSMIT_UNENC ||
      002641 74 18            [12] 9952 	mov	a,#0x18
      002643 B5*00 02         [24] 9953 	cjne	a,_axradio_mode,00380$
      002646 80 05            [24] 9954 	sjmp	00147$
      002648                       9955 00380$:
                                   9956 ;	..\COMMON\easyax5043.c:1983: axradio_mode == AXRADIO_MODE_STREAM_TRANSMIT_UNENC_LSB)
      002648 74 1A            [12] 9957 	mov	a,#0x1a
      00264A B5*00 05         [24] 9958 	cjne	a,_axradio_mode,00151$
                                   9959 ;	..\COMMON\easyax5043.c:1984: radio_write8(AX5043_REG_ENCODING, 0);
      00264D                       9960 00147$:
      00264D 90 40 11         [24] 9961 	mov	dptr,#0x4011
      002650 E4               [12] 9962 	clr	a
      002651 F0               [24] 9963 	movx	@dptr,a
      002652                       9964 00151$:
                                   9965 ;	..\COMMON\easyax5043.c:1985: if (axradio_mode == AXRADIO_MODE_STREAM_TRANSMIT_SCRAM ||
      002652 74 19            [12] 9966 	mov	a,#0x19
      002654 B5*00 02         [24] 9967 	cjne	a,_axradio_mode,00383$
      002657 80 05            [24] 9968 	sjmp	00153$
      002659                       9969 00383$:
                                   9970 ;	..\COMMON\easyax5043.c:1986: axradio_mode == AXRADIO_MODE_STREAM_TRANSMIT_SCRAM_LSB)
      002659 74 1B            [12] 9971 	mov	a,#0x1b
      00265B B5*00 06         [24] 9972 	cjne	a,_axradio_mode,00157$
                                   9973 ;	..\COMMON\easyax5043.c:1987: radio_write8(AX5043_REG_ENCODING, 4);
      00265E                       9974 00153$:
      00265E 90 40 11         [24] 9975 	mov	dptr,#0x4011
      002661 74 04            [12] 9976 	mov	a,#0x04
      002663 F0               [24] 9977 	movx	@dptr,a
      002664                       9978 00157$:
                                   9979 ;	..\COMMON\easyax5043.c:1988: if (axradio_mode == AXRADIO_MODE_STREAM_TRANSMIT_UNENC_LSB ||
      002664 74 1A            [12] 9980 	mov	a,#0x1a
      002666 B5*00 02         [24] 9981 	cjne	a,_axradio_mode,00386$
      002669 80 05            [24] 9982 	sjmp	00159$
      00266B                       9983 00386$:
                                   9984 ;	..\COMMON\easyax5043.c:1989: axradio_mode == AXRADIO_MODE_STREAM_TRANSMIT_SCRAM_LSB)
      00266B 74 1B            [12] 9985 	mov	a,#0x1b
      00266D B5*00 08         [24] 9986 	cjne	a,_axradio_mode,00163$
                                   9987 ;	..\COMMON\easyax5043.c:1990: radio_write8(AX5043_REG_PKTADDRCFG, (radio_read8(AX5043_REG_PKTADDRCFG) & 0x7F));
      002670                       9988 00159$:
      002670 90 42 00         [24] 9989 	mov	dptr,#0x4200
      002673 E0               [24] 9990 	movx	a,@dptr
      002674 54 7F            [12] 9991 	anl	a,#0x7f
      002676 FE               [12] 9992 	mov	r6,a
      002677 F0               [24] 9993 	movx	@dptr,a
      002678                       9994 00163$:
                                   9995 ;	..\COMMON\easyax5043.c:1991: ax5043_init_registers_tx();
      002678 12r00rE3         [24] 9996 	lcall	_ax5043_init_registers_tx
                                   9997 ;	..\COMMON\easyax5043.c:1992: radio_write8(AX5043_REG_FRAMING, 0);
      00267B 90 40 12         [24] 9998 	mov	dptr,#0x4012
      00267E E4               [12] 9999 	clr	a
      00267F F0               [24]10000 	movx	@dptr,a
                                  10001 ;	..\COMMON\easyax5043.c:1993: ax5043_prepare_tx();
      002680 12r0CrE5         [24]10002 	lcall	_ax5043_prepare_tx
                                  10003 ;	..\COMMON\easyax5043.c:1994: axradio_trxstate = trxstate_txstream_xtalwait;
      002683 75*01 0F         [24]10004 	mov	_axradio_trxstate,#0x0f
                                  10005 ;	..\COMMON\easyax5043.c:1995: while (!(radio_read8(AX5043_REG_POWSTAT) & 0x08)) {}; // wait for modem vdd so writing the FIFO is safe
      002686                      10006 00168$:
      002686 90 40 03         [24]10007 	mov	dptr,#0x4003
      002689 E0               [24]10008 	movx	a,@dptr
      00268A FE               [12]10009 	mov	r6,a
      00268B 30 E3 F8         [24]10010 	jnb	acc.3,00168$
                                  10011 ;	..\COMMON\easyax5043.c:1996: radio_write8(AX5043_REG_FIFOSTAT, 3); // clear FIFO data & flags (prevent transmitting anything left over in the FIFO, this has no effect if the FIFO is not powerered, in this case it is reset any way)
      00268E 90 40 28         [24]10012 	mov	dptr,#0x4028
      002691 74 03            [12]10013 	mov	a,#0x03
      002693 F0               [24]10014 	movx	@dptr,a
                                  10015 ;	..\COMMON\easyax5043.c:1997: radio_read8(AX5043_REG_RADIOEVENTREQ0); // make sure REVRDONE bit is cleared, so it is a reliable indicator that the packet is out
      002694 90 40 0F         [24]10016 	mov	dptr,#0x400f
      002697 E0               [24]10017 	movx	a,@dptr
                                  10018 ;	..\COMMON\easyax5043.c:1998: update_timeanchor();
      002698 12r00r00         [24]10019 	lcall	_update_timeanchor
                                  10020 ;	..\COMMON\easyax5043.c:1999: wtimer_remove_callback(&axradio_cb_transmitdata.cb);
      00269B 90r02r80         [24]10021 	mov	dptr,#_axradio_cb_transmitdata
      00269E 12r00r00         [24]10022 	lcall	_wtimer_remove_callback
                                  10023 ;	..\COMMON\easyax5043.c:2000: axradio_cb_transmitdata.st.error = AXRADIO_ERR_NOERROR;
      0026A1 90r02r85         [24]10024 	mov	dptr,#(_axradio_cb_transmitdata + 0x0005)
      0026A4 E4               [12]10025 	clr	a
      0026A5 F0               [24]10026 	movx	@dptr,a
                                  10027 ;	..\COMMON\easyax5043.c:2001: axradio_cb_transmitdata.st.time.t = axradio_timeanchor.radiotimer;
      0026A6 90r00r16         [24]10028 	mov	dptr,#(_axradio_timeanchor + 0x0004)
      0026A9 E0               [24]10029 	movx	a,@dptr
      0026AA FB               [12]10030 	mov	r3,a
      0026AB A3               [24]10031 	inc	dptr
      0026AC E0               [24]10032 	movx	a,@dptr
      0026AD FC               [12]10033 	mov	r4,a
      0026AE A3               [24]10034 	inc	dptr
      0026AF E0               [24]10035 	movx	a,@dptr
      0026B0 FD               [12]10036 	mov	r5,a
      0026B1 A3               [24]10037 	inc	dptr
      0026B2 E0               [24]10038 	movx	a,@dptr
      0026B3 FE               [12]10039 	mov	r6,a
      0026B4 90r02r86         [24]10040 	mov	dptr,#(_axradio_cb_transmitdata + 0x0006)
      0026B7 EB               [12]10041 	mov	a,r3
      0026B8 F0               [24]10042 	movx	@dptr,a
      0026B9 EC               [12]10043 	mov	a,r4
      0026BA A3               [24]10044 	inc	dptr
      0026BB F0               [24]10045 	movx	@dptr,a
      0026BC ED               [12]10046 	mov	a,r5
      0026BD A3               [24]10047 	inc	dptr
      0026BE F0               [24]10048 	movx	@dptr,a
      0026BF EE               [12]10049 	mov	a,r6
      0026C0 A3               [24]10050 	inc	dptr
      0026C1 F0               [24]10051 	movx	@dptr,a
                                  10052 ;	..\COMMON\easyax5043.c:2002: wtimer_add_callback(&axradio_cb_transmitdata.cb);
      0026C2 90r02r80         [24]10053 	mov	dptr,#_axradio_cb_transmitdata
      0026C5 12r00r00         [24]10054 	lcall	_wtimer_add_callback
                                  10055 ;	..\COMMON\easyax5043.c:2003: return AXRADIO_ERR_NOERROR;
      0026C8 75 82 00         [24]10056 	mov	dpl,#0x00
      0026CB 22               [24]10057 	ret
                                  10058 ;	..\COMMON\easyax5043.c:2005: case AXRADIO_MODE_STREAM_RECEIVE:
      0026CC                      10059 00174$:
                                  10060 ;	..\COMMON\easyax5043.c:2006: case AXRADIO_MODE_STREAM_RECEIVE_UNENC:
      0026CC                      10061 00175$:
                                  10062 ;	..\COMMON\easyax5043.c:2007: case AXRADIO_MODE_STREAM_RECEIVE_SCRAM:
      0026CC                      10063 00176$:
                                  10064 ;	..\COMMON\easyax5043.c:2008: case AXRADIO_MODE_STREAM_RECEIVE_UNENC_LSB:
      0026CC                      10065 00177$:
                                  10066 ;	..\COMMON\easyax5043.c:2009: case AXRADIO_MODE_STREAM_RECEIVE_SCRAM_LSB:
      0026CC                      10067 00178$:
                                  10068 ;	..\COMMON\easyax5043.c:2010: case AXRADIO_MODE_STREAM_RECEIVE_DATAPIN:
      0026CC                      10069 00179$:
                                  10070 ;	..\COMMON\easyax5043.c:2011: axradio_mode = mode;
      0026CC 8F*00            [24]10071 	mov	_axradio_mode,r7
                                  10072 ;	..\COMMON\easyax5043.c:2012: ax5043_init_registers_rx();
      0026CE 12r00rE9         [24]10073 	lcall	_ax5043_init_registers_rx
                                  10074 ;	..\COMMON\easyax5043.c:2013: if (axradio_mode == AXRADIO_MODE_STREAM_RECEIVE_UNENC ||
      0026D1 74 28            [12]10075 	mov	a,#0x28
      0026D3 B5*00 02         [24]10076 	cjne	a,_axradio_mode,00390$
      0026D6 80 05            [24]10077 	sjmp	00180$
      0026D8                      10078 00390$:
                                  10079 ;	..\COMMON\easyax5043.c:2014: axradio_mode == AXRADIO_MODE_STREAM_RECEIVE_UNENC_LSB)
      0026D8 74 2A            [12]10080 	mov	a,#0x2a
      0026DA B5*00 05         [24]10081 	cjne	a,_axradio_mode,00184$
                                  10082 ;	..\COMMON\easyax5043.c:2015: radio_write8(AX5043_REG_ENCODING, 0);
      0026DD                      10083 00180$:
      0026DD 90 40 11         [24]10084 	mov	dptr,#0x4011
      0026E0 E4               [12]10085 	clr	a
      0026E1 F0               [24]10086 	movx	@dptr,a
      0026E2                      10087 00184$:
                                  10088 ;	..\COMMON\easyax5043.c:2016: if (axradio_mode == AXRADIO_MODE_STREAM_RECEIVE_SCRAM ||
      0026E2 74 29            [12]10089 	mov	a,#0x29
      0026E4 B5*00 02         [24]10090 	cjne	a,_axradio_mode,00393$
      0026E7 80 05            [24]10091 	sjmp	00186$
      0026E9                      10092 00393$:
                                  10093 ;	..\COMMON\easyax5043.c:2017: axradio_mode == AXRADIO_MODE_STREAM_RECEIVE_SCRAM_LSB)
      0026E9 74 2B            [12]10094 	mov	a,#0x2b
      0026EB B5*00 06         [24]10095 	cjne	a,_axradio_mode,00190$
                                  10096 ;	..\COMMON\easyax5043.c:2018: radio_write8(AX5043_REG_ENCODING, 4);
      0026EE                      10097 00186$:
      0026EE 90 40 11         [24]10098 	mov	dptr,#0x4011
      0026F1 74 04            [12]10099 	mov	a,#0x04
      0026F3 F0               [24]10100 	movx	@dptr,a
      0026F4                      10101 00190$:
                                  10102 ;	..\COMMON\easyax5043.c:2019: if (axradio_mode == AXRADIO_MODE_STREAM_RECEIVE_UNENC_LSB ||
      0026F4 74 2A            [12]10103 	mov	a,#0x2a
      0026F6 B5*00 02         [24]10104 	cjne	a,_axradio_mode,00396$
      0026F9 80 05            [24]10105 	sjmp	00192$
      0026FB                      10106 00396$:
                                  10107 ;	..\COMMON\easyax5043.c:2020: axradio_mode == AXRADIO_MODE_STREAM_RECEIVE_SCRAM_LSB)
      0026FB 74 2B            [12]10108 	mov	a,#0x2b
      0026FD B5*00 08         [24]10109 	cjne	a,_axradio_mode,00198$
                                  10110 ;	..\COMMON\easyax5043.c:2021: radio_write8(AX5043_REG_PKTADDRCFG, (radio_read8(AX5043_REG_PKTADDRCFG) & 0x7F));
      002700                      10111 00192$:
      002700 90 42 00         [24]10112 	mov	dptr,#0x4200
      002703 E0               [24]10113 	movx	a,@dptr
      002704 54 7F            [12]10114 	anl	a,#0x7f
      002706 FE               [12]10115 	mov	r6,a
      002707 F0               [24]10116 	movx	@dptr,a
                                  10117 ;	..\COMMON\easyax5043.c:2022: radio_write8(AX5043_REG_FRAMING, 0);
      002708                      10118 00198$:
      002708 90 40 12         [24]10119 	mov	dptr,#0x4012
      00270B E4               [12]10120 	clr	a
      00270C F0               [24]10121 	movx	@dptr,a
                                  10122 ;	..\COMMON\easyax5043.c:2023: radio_write8(AX5043_REG_PKTCHUNKSIZE, 8); // 64 byte
      00270D 90 42 30         [24]10123 	mov	dptr,#0x4230
      002710 74 08            [12]10124 	mov	a,#0x08
      002712 F0               [24]10125 	movx	@dptr,a
                                  10126 ;	..\COMMON\easyax5043.c:2024: radio_write8(AX5043_REG_RXPARAMSETS, 0x00);
      002713 90 41 17         [24]10127 	mov	dptr,#0x4117
      002716 E4               [12]10128 	clr	a
      002717 F0               [24]10129 	movx	@dptr,a
                                  10130 ;	..\COMMON\easyax5043.c:2025: if (axradio_mode == AXRADIO_MODE_STREAM_RECEIVE_DATAPIN) {
      002718 74 2D            [12]10131 	mov	a,#0x2d
      00271A B5*00 0D         [24]10132 	cjne	a,_axradio_mode,00214$
                                  10133 ;	..\COMMON\easyax5043.c:2026: ax5043_set_registers_rxcont_singleparamset();
      00271D 12r00r00         [24]10134 	lcall	_ax5043_set_registers_rxcont_singleparamset
                                  10135 ;	..\COMMON\easyax5043.c:2027: radio_write8(AX5043_REG_PINFUNCDATA, 0x04);
      002720 90 40 23         [24]10136 	mov	dptr,#0x4023
      002723 74 04            [12]10137 	mov	a,#0x04
      002725 F0               [24]10138 	movx	@dptr,a
                                  10139 ;	..\COMMON\easyax5043.c:2028: radio_write8(AX5043_REG_PINFUNCDCLK, 0x04);
      002726 90 40 22         [24]10140 	mov	dptr,#0x4022
      002729 F0               [24]10141 	movx	@dptr,a
      00272A                      10142 00214$:
                                  10143 ;	..\COMMON\easyax5043.c:2030: ax5043_receiver_on_continuous();
      00272A 12r0BrBF         [24]10144 	lcall	_ax5043_receiver_on_continuous
                                  10145 ;	..\COMMON\easyax5043.c:2031: goto enablecs;
      00272D 02r25rFA         [24]10146 	ljmp	00137$
                                  10147 ;	..\COMMON\easyax5043.c:2033: case AXRADIO_MODE_CW_TRANSMIT:
      002730                      10148 00215$:
                                  10149 ;	..\COMMON\easyax5043.c:2034: axradio_mode = AXRADIO_MODE_CW_TRANSMIT;
      002730 75*00 03         [24]10150 	mov	_axradio_mode,#0x03
                                  10151 ;	..\COMMON\easyax5043.c:2035: ax5043_init_registers_tx();
      002733 12r00rE3         [24]10152 	lcall	_ax5043_init_registers_tx
                                  10153 ;	..\COMMON\easyax5043.c:2036: radio_write8(AX5043_REG_MODULATION, 8);   // Set an FSK mode
      002736 90 40 10         [24]10154 	mov	dptr,#0x4010
      002739 74 08            [12]10155 	mov	a,#0x08
      00273B F0               [24]10156 	movx	@dptr,a
                                  10157 ;	..\COMMON\easyax5043.c:2037: radio_write8(AX5043_REG_FSKDEV2, 0x00);
      00273C 90 41 61         [24]10158 	mov	dptr,#0x4161
      00273F E4               [12]10159 	clr	a
      002740 F0               [24]10160 	movx	@dptr,a
                                  10161 ;	..\COMMON\easyax5043.c:2038: radio_write8(AX5043_REG_FSKDEV1, 0x00);
      002741 90 41 62         [24]10162 	mov	dptr,#0x4162
      002744 F0               [24]10163 	movx	@dptr,a
                                  10164 ;	..\COMMON\easyax5043.c:2039: radio_write8(AX5043_REG_FSKDEV0, 0x00);
      002745 90 41 63         [24]10165 	mov	dptr,#0x4163
      002748 F0               [24]10166 	movx	@dptr,a
                                  10167 ;	..\COMMON\easyax5043.c:2040: radio_write8(AX5043_REG_TXRATE2, 0x00);
      002749 90 41 65         [24]10168 	mov	dptr,#0x4165
      00274C F0               [24]10169 	movx	@dptr,a
                                  10170 ;	..\COMMON\easyax5043.c:2041: radio_write8(AX5043_REG_TXRATE1, 0x00);
      00274D 90 41 66         [24]10171 	mov	dptr,#0x4166
      002750 F0               [24]10172 	movx	@dptr,a
                                  10173 ;	..\COMMON\easyax5043.c:2042: radio_write8(AX5043_REG_TXRATE0, 0x01);
      002751 90 41 67         [24]10174 	mov	dptr,#0x4167
      002754 04               [12]10175 	inc	a
      002755 F0               [24]10176 	movx	@dptr,a
                                  10177 ;	..\COMMON\easyax5043.c:2043: radio_write8(AX5043_REG_PINFUNCDATA, 0x04);
      002756 90 40 23         [24]10178 	mov	dptr,#0x4023
      002759 74 04            [12]10179 	mov	a,#0x04
      00275B F0               [24]10180 	movx	@dptr,a
                                  10181 ;	..\COMMON\easyax5043.c:2044: radio_write8(AX5043_REG_PWRMODE, AX5043_PWRSTATE_FIFO_ON);
      00275C 90 40 02         [24]10182 	mov	dptr,#0x4002
      00275F 74 07            [12]10183 	mov	a,#0x07
      002761 F0               [24]10184 	movx	@dptr,a
                                  10185 ;	..\COMMON\easyax5043.c:2045: axradio_trxstate = trxstate_txcw_xtalwait;
      002762 75*01 0E         [24]10186 	mov	_axradio_trxstate,#0x0e
                                  10187 ;	..\COMMON\easyax5043.c:2046: radio_write8(AX5043_REG_IRQMASK0, 0x00);
      002765 90 40 07         [24]10188 	mov	dptr,#0x4007
      002768 E4               [12]10189 	clr	a
      002769 F0               [24]10190 	movx	@dptr,a
                                  10191 ;	..\COMMON\easyax5043.c:2047: radio_write8(AX5043_REG_IRQMASK1, 0x01); // enable xtal ready interrupt
      00276A 90 40 06         [24]10192 	mov	dptr,#0x4006
      00276D 04               [12]10193 	inc	a
      00276E F0               [24]10194 	movx	@dptr,a
                                  10195 ;	..\COMMON\easyax5043.c:2048: return AXRADIO_ERR_NOERROR;
      00276F 75 82 00         [24]10196 	mov	dpl,#0x00
      002772 22               [24]10197 	ret
                                  10198 ;	..\COMMON\easyax5043.c:2050: case AXRADIO_MODE_SYNC_MASTER:
      002773                      10199 00249$:
                                  10200 ;	..\COMMON\easyax5043.c:2051: case AXRADIO_MODE_SYNC_ACK_MASTER:
      002773                      10201 00250$:
                                  10202 ;	..\COMMON\easyax5043.c:2052: axradio_mode = mode;
      002773 8F*00            [24]10203 	mov	_axradio_mode,r7
                                  10204 ;	..\COMMON\easyax5043.c:2053: axradio_syncstate = syncstate_master_normal;
      002775 90r00r00         [24]10205 	mov	dptr,#_axradio_syncstate
      002778 74 03            [12]10206 	mov	a,#0x03
      00277A F0               [24]10207 	movx	@dptr,a
                                  10208 ;	..\COMMON\easyax5043.c:2055: wtimer_remove(&axradio_timer);
      00277B 90r02r8A         [24]10209 	mov	dptr,#_axradio_timer
      00277E 12r00r00         [24]10210 	lcall	_wtimer_remove
                                  10211 ;	..\COMMON\easyax5043.c:2056: axradio_timer.time = 2;
      002781 90r02r8E         [24]10212 	mov	dptr,#(_axradio_timer + 0x0004)
      002784 74 02            [12]10213 	mov	a,#0x02
      002786 F0               [24]10214 	movx	@dptr,a
      002787 E4               [12]10215 	clr	a
      002788 A3               [24]10216 	inc	dptr
      002789 F0               [24]10217 	movx	@dptr,a
      00278A A3               [24]10218 	inc	dptr
      00278B F0               [24]10219 	movx	@dptr,a
      00278C A3               [24]10220 	inc	dptr
      00278D F0               [24]10221 	movx	@dptr,a
                                  10222 ;	..\COMMON\easyax5043.c:2057: wtimer0_addrelative(&axradio_timer);
      00278E 90r02r8A         [24]10223 	mov	dptr,#_axradio_timer
      002791 12r00r00         [24]10224 	lcall	_wtimer0_addrelative
                                  10225 ;	..\COMMON\easyax5043.c:2058: axradio_sync_time = axradio_timer.time;
      002794 90r02r8E         [24]10226 	mov	dptr,#(_axradio_timer + 0x0004)
      002797 E0               [24]10227 	movx	a,@dptr
      002798 FB               [12]10228 	mov	r3,a
      002799 A3               [24]10229 	inc	dptr
      00279A E0               [24]10230 	movx	a,@dptr
      00279B FC               [12]10231 	mov	r4,a
      00279C A3               [24]10232 	inc	dptr
      00279D E0               [24]10233 	movx	a,@dptr
      00279E FD               [12]10234 	mov	r5,a
      00279F A3               [24]10235 	inc	dptr
      0027A0 E0               [24]10236 	movx	a,@dptr
      0027A1 FE               [12]10237 	mov	r6,a
      0027A2 90r00r0C         [24]10238 	mov	dptr,#_axradio_sync_time
      0027A5 EB               [12]10239 	mov	a,r3
      0027A6 F0               [24]10240 	movx	@dptr,a
      0027A7 EC               [12]10241 	mov	a,r4
      0027A8 A3               [24]10242 	inc	dptr
      0027A9 F0               [24]10243 	movx	@dptr,a
      0027AA ED               [12]10244 	mov	a,r5
      0027AB A3               [24]10245 	inc	dptr
      0027AC F0               [24]10246 	movx	@dptr,a
      0027AD EE               [12]10247 	mov	a,r6
      0027AE A3               [24]10248 	inc	dptr
      0027AF F0               [24]10249 	movx	@dptr,a
                                  10250 ;	..\COMMON\easyax5043.c:2059: axradio_sync_addtime(axradio_sync_xoscstartup);
      0027B0 90r00r00         [24]10251 	mov	dptr,#_axradio_sync_xoscstartup
      0027B3 E4               [12]10252 	clr	a
      0027B4 93               [24]10253 	movc	a,@a+dptr
      0027B5 FB               [12]10254 	mov	r3,a
      0027B6 74 01            [12]10255 	mov	a,#0x01
      0027B8 93               [24]10256 	movc	a,@a+dptr
      0027B9 FC               [12]10257 	mov	r4,a
      0027BA 74 02            [12]10258 	mov	a,#0x02
      0027BC 93               [24]10259 	movc	a,@a+dptr
      0027BD FD               [12]10260 	mov	r5,a
      0027BE 74 03            [12]10261 	mov	a,#0x03
      0027C0 93               [24]10262 	movc	a,@a+dptr
      0027C1 8B 82            [24]10263 	mov	dpl,r3
      0027C3 8C 83            [24]10264 	mov	dph,r4
      0027C5 8D F0            [24]10265 	mov	b,r5
      0027C7 12r0ErC6         [24]10266 	lcall	_axradio_sync_addtime
                                  10267 ;	..\COMMON\easyax5043.c:2060: return AXRADIO_ERR_NOERROR;
      0027CA 75 82 00         [24]10268 	mov	dpl,#0x00
      0027CD 22               [24]10269 	ret
                                  10270 ;	..\COMMON\easyax5043.c:2062: case AXRADIO_MODE_SYNC_SLAVE:
      0027CE                      10271 00251$:
                                  10272 ;	..\COMMON\easyax5043.c:2063: case AXRADIO_MODE_SYNC_ACK_SLAVE:
      0027CE                      10273 00252$:
                                  10274 ;	..\COMMON\easyax5043.c:2064: axradio_mode = mode;
      0027CE 8F*00            [24]10275 	mov	_axradio_mode,r7
                                  10276 ;	..\COMMON\easyax5043.c:2065: ax5043_init_registers_rx();
      0027D0 12r00rE9         [24]10277 	lcall	_ax5043_init_registers_rx
                                  10278 ;	..\COMMON\easyax5043.c:2066: ax5043_receiver_on_continuous();
      0027D3 12r0BrBF         [24]10279 	lcall	_ax5043_receiver_on_continuous
                                  10280 ;	..\COMMON\easyax5043.c:2067: axradio_syncstate = syncstate_slave_synchunt;
      0027D6 90r00r00         [24]10281 	mov	dptr,#_axradio_syncstate
      0027D9 74 06            [12]10282 	mov	a,#0x06
      0027DB F0               [24]10283 	movx	@dptr,a
                                  10284 ;	..\COMMON\easyax5043.c:2068: wtimer_remove(&axradio_timer);
      0027DC 90r02r8A         [24]10285 	mov	dptr,#_axradio_timer
      0027DF 12r00r00         [24]10286 	lcall	_wtimer_remove
                                  10287 ;	..\COMMON\easyax5043.c:2069: axradio_timer.time = axradio_sync_slave_initialsyncwindow;
      0027E2 90r00r00         [24]10288 	mov	dptr,#_axradio_sync_slave_initialsyncwindow
      0027E5 E4               [12]10289 	clr	a
      0027E6 93               [24]10290 	movc	a,@a+dptr
      0027E7 FC               [12]10291 	mov	r4,a
      0027E8 74 01            [12]10292 	mov	a,#0x01
      0027EA 93               [24]10293 	movc	a,@a+dptr
      0027EB FD               [12]10294 	mov	r5,a
      0027EC 74 02            [12]10295 	mov	a,#0x02
      0027EE 93               [24]10296 	movc	a,@a+dptr
      0027EF FE               [12]10297 	mov	r6,a
      0027F0 74 03            [12]10298 	mov	a,#0x03
      0027F2 93               [24]10299 	movc	a,@a+dptr
      0027F3 FF               [12]10300 	mov	r7,a
      0027F4 90r02r8E         [24]10301 	mov	dptr,#(_axradio_timer + 0x0004)
      0027F7 EC               [12]10302 	mov	a,r4
      0027F8 F0               [24]10303 	movx	@dptr,a
      0027F9 ED               [12]10304 	mov	a,r5
      0027FA A3               [24]10305 	inc	dptr
      0027FB F0               [24]10306 	movx	@dptr,a
      0027FC EE               [12]10307 	mov	a,r6
      0027FD A3               [24]10308 	inc	dptr
      0027FE F0               [24]10309 	movx	@dptr,a
      0027FF EF               [12]10310 	mov	a,r7
      002800 A3               [24]10311 	inc	dptr
      002801 F0               [24]10312 	movx	@dptr,a
                                  10313 ;	..\COMMON\easyax5043.c:2070: wtimer0_addrelative(&axradio_timer);
      002802 90r02r8A         [24]10314 	mov	dptr,#_axradio_timer
      002805 12r00r00         [24]10315 	lcall	_wtimer0_addrelative
                                  10316 ;	..\COMMON\easyax5043.c:2071: axradio_sync_time = axradio_timer.time;
      002808 90r02r8E         [24]10317 	mov	dptr,#(_axradio_timer + 0x0004)
      00280B E0               [24]10318 	movx	a,@dptr
      00280C FC               [12]10319 	mov	r4,a
      00280D A3               [24]10320 	inc	dptr
      00280E E0               [24]10321 	movx	a,@dptr
      00280F FD               [12]10322 	mov	r5,a
      002810 A3               [24]10323 	inc	dptr
      002811 E0               [24]10324 	movx	a,@dptr
      002812 FE               [12]10325 	mov	r6,a
      002813 A3               [24]10326 	inc	dptr
      002814 E0               [24]10327 	movx	a,@dptr
      002815 FF               [12]10328 	mov	r7,a
      002816 90r00r0C         [24]10329 	mov	dptr,#_axradio_sync_time
      002819 EC               [12]10330 	mov	a,r4
      00281A F0               [24]10331 	movx	@dptr,a
      00281B ED               [12]10332 	mov	a,r5
      00281C A3               [24]10333 	inc	dptr
      00281D F0               [24]10334 	movx	@dptr,a
      00281E EE               [12]10335 	mov	a,r6
      00281F A3               [24]10336 	inc	dptr
      002820 F0               [24]10337 	movx	@dptr,a
      002821 EF               [12]10338 	mov	a,r7
      002822 A3               [24]10339 	inc	dptr
      002823 F0               [24]10340 	movx	@dptr,a
                                  10341 ;	..\COMMON\easyax5043.c:2072: wtimer_remove_callback(&axradio_cb_receive.cb);
      002824 90r02r31         [24]10342 	mov	dptr,#_axradio_cb_receive
      002827 12r00r00         [24]10343 	lcall	_wtimer_remove_callback
                                  10344 ;	..\COMMON\easyax5043.c:2073: memset_xdata(&axradio_cb_receive.st, 0, sizeof(axradio_cb_receive.st));
      00282A 75*00 00         [24]10345 	mov	_memset_PARM_2,#0x00
      00282D 75*00 20         [24]10346 	mov	_memset_PARM_3,#0x20
      002830 75*01 00         [24]10347 	mov	(_memset_PARM_3 + 1),#0x00
      002833 90r02r35         [24]10348 	mov	dptr,#(_axradio_cb_receive + 0x0004)
      002836 75 F0 00         [24]10349 	mov	b,#0x00
      002839 12r00r00         [24]10350 	lcall	_memset
                                  10351 ;	..\COMMON\easyax5043.c:2074: axradio_cb_receive.st.time.t = axradio_timeanchor.radiotimer;
      00283C 90r00r16         [24]10352 	mov	dptr,#(_axradio_timeanchor + 0x0004)
      00283F E0               [24]10353 	movx	a,@dptr
      002840 FC               [12]10354 	mov	r4,a
      002841 A3               [24]10355 	inc	dptr
      002842 E0               [24]10356 	movx	a,@dptr
      002843 FD               [12]10357 	mov	r5,a
      002844 A3               [24]10358 	inc	dptr
      002845 E0               [24]10359 	movx	a,@dptr
      002846 FE               [12]10360 	mov	r6,a
      002847 A3               [24]10361 	inc	dptr
      002848 E0               [24]10362 	movx	a,@dptr
      002849 FF               [12]10363 	mov	r7,a
      00284A 90r02r37         [24]10364 	mov	dptr,#(_axradio_cb_receive + 0x0006)
      00284D EC               [12]10365 	mov	a,r4
      00284E F0               [24]10366 	movx	@dptr,a
      00284F ED               [12]10367 	mov	a,r5
      002850 A3               [24]10368 	inc	dptr
      002851 F0               [24]10369 	movx	@dptr,a
      002852 EE               [12]10370 	mov	a,r6
      002853 A3               [24]10371 	inc	dptr
      002854 F0               [24]10372 	movx	@dptr,a
      002855 EF               [12]10373 	mov	a,r7
      002856 A3               [24]10374 	inc	dptr
      002857 F0               [24]10375 	movx	@dptr,a
                                  10376 ;	..\COMMON\easyax5043.c:2075: axradio_cb_receive.st.error = AXRADIO_ERR_RESYNC;
      002858 90r02r36         [24]10377 	mov	dptr,#(_axradio_cb_receive + 0x0005)
      00285B 74 09            [12]10378 	mov	a,#0x09
      00285D F0               [24]10379 	movx	@dptr,a
                                  10380 ;	..\COMMON\easyax5043.c:2076: wtimer_add_callback(&axradio_cb_receive.cb);
      00285E 90r02r31         [24]10381 	mov	dptr,#_axradio_cb_receive
      002861 12r00r00         [24]10382 	lcall	_wtimer_add_callback
                                  10383 ;	..\COMMON\easyax5043.c:2077: return AXRADIO_ERR_NOERROR;
      002864 75 82 00         [24]10384 	mov	dpl,#0x00
                                  10385 ;	..\COMMON\easyax5043.c:2079: default:
      002867 22               [24]10386 	ret
      002868                      10387 00253$:
                                  10388 ;	..\COMMON\easyax5043.c:2080: return AXRADIO_ERR_NOTSUPPORTED;
      002868 75 82 01         [24]10389 	mov	dpl,#0x01
                                  10390 ;	..\COMMON\easyax5043.c:2081: }
      00286B 22               [24]10391 	ret
                                  10392 ;------------------------------------------------------------
                                  10393 ;Allocation info for local variables in function 'axradio_get_mode'
                                  10394 ;------------------------------------------------------------
                                  10395 ;	..\COMMON\easyax5043.c:2084: uint8_t axradio_get_mode(void)
                                  10396 ;	-----------------------------------------
                                  10397 ;	 function axradio_get_mode
                                  10398 ;	-----------------------------------------
      00286C                      10399 _axradio_get_mode:
                                  10400 ;	..\COMMON\easyax5043.c:2086: return axradio_mode;
      00286C 85*00 82         [24]10401 	mov	dpl,_axradio_mode
      00286F 22               [24]10402 	ret
                                  10403 ;------------------------------------------------------------
                                  10404 ;Allocation info for local variables in function 'axradio_set_channel'
                                  10405 ;------------------------------------------------------------
                                  10406 ;chnum                     Allocated to registers r7 
                                  10407 ;rng                       Allocated with name '_axradio_set_channel_rng_1_766'
                                  10408 ;f                         Allocated to registers r3 r4 r6 r7 
                                  10409 ;------------------------------------------------------------
                                  10410 ;	..\COMMON\easyax5043.c:2089: uint8_t axradio_set_channel(uint8_t chnum)
                                  10411 ;	-----------------------------------------
                                  10412 ;	 function axradio_set_channel
                                  10413 ;	-----------------------------------------
      002870                      10414 _axradio_set_channel:
      002870 AF 82            [24]10415 	mov	r7,dpl
                                  10416 ;	..\COMMON\easyax5043.c:2092: if (chnum >= axradio_phy_nrchannels)
      002872 90r00r00         [24]10417 	mov	dptr,#_axradio_phy_nrchannels
      002875 E4               [12]10418 	clr	a
      002876 93               [24]10419 	movc	a,@a+dptr
      002877 FE               [12]10420 	mov	r6,a
      002878 C3               [12]10421 	clr	c
      002879 EF               [12]10422 	mov	a,r7
      00287A 9E               [12]10423 	subb	a,r6
      00287B 40 04            [24]10424 	jc	00102$
                                  10425 ;	..\COMMON\easyax5043.c:2093: return AXRADIO_ERR_INVALID;
      00287D 75 82 04         [24]10426 	mov	dpl,#0x04
      002880 22               [24]10427 	ret
      002881                      10428 00102$:
                                  10429 ;	..\COMMON\easyax5043.c:2094: axradio_curchannel = chnum;
      002881 90r00r05         [24]10430 	mov	dptr,#_axradio_curchannel
      002884 EF               [12]10431 	mov	a,r7
      002885 F0               [24]10432 	movx	@dptr,a
                                  10433 ;	..\COMMON\easyax5043.c:2095: rng = axradio_phy_chanpllrng[chnum];
      002886 EF               [12]10434 	mov	a,r7
      002887 75 F0 02         [24]10435 	mov	b,#0x02
      00288A A4               [48]10436 	mul	ab
      00288B 24r00            [12]10437 	add	a,#_axradio_phy_chanpllrng
      00288D F5 82            [12]10438 	mov	dpl,a
      00288F 74s00            [12]10439 	mov	a,#(_axradio_phy_chanpllrng >> 8)
      002891 35 F0            [12]10440 	addc	a,b
      002893 F5 83            [12]10441 	mov	dph,a
      002895 E0               [24]10442 	movx	a,@dptr
      002896 FD               [12]10443 	mov	r5,a
      002897 A3               [24]10444 	inc	dptr
      002898 E0               [24]10445 	movx	a,@dptr
      002899 FE               [12]10446 	mov	r6,a
                                  10447 ;	..\COMMON\easyax5043.c:2096: if (rng & 0x20)
      00289A ED               [12]10448 	mov	a,r5
      00289B F5*00            [12]10449 	mov	_axradio_set_channel_rng_1_766,a
      00289D 30 E5 04         [24]10450 	jnb	acc.5,00104$
                                  10451 ;	..\COMMON\easyax5043.c:2097: return AXRADIO_ERR_RANGING;
      0028A0 75 82 06         [24]10452 	mov	dpl,#0x06
      0028A3 22               [24]10453 	ret
      0028A4                      10454 00104$:
                                  10455 ;	..\COMMON\easyax5043.c:2099: uint32_t __autodata f = axradio_phy_chanfreq[chnum];
      0028A4 EF               [12]10456 	mov	a,r7
      0028A5 75 F0 04         [24]10457 	mov	b,#0x04
      0028A8 A4               [48]10458 	mul	ab
      0028A9 24r00            [12]10459 	add	a,#_axradio_phy_chanfreq
      0028AB F5 82            [12]10460 	mov	dpl,a
      0028AD 74s00            [12]10461 	mov	a,#(_axradio_phy_chanfreq >> 8)
      0028AF 35 F0            [12]10462 	addc	a,b
      0028B1 F5 83            [12]10463 	mov	dph,a
      0028B3 E4               [12]10464 	clr	a
      0028B4 93               [24]10465 	movc	a,@a+dptr
      0028B5 FB               [12]10466 	mov	r3,a
      0028B6 A3               [24]10467 	inc	dptr
      0028B7 E4               [12]10468 	clr	a
      0028B8 93               [24]10469 	movc	a,@a+dptr
      0028B9 FC               [12]10470 	mov	r4,a
      0028BA A3               [24]10471 	inc	dptr
      0028BB E4               [12]10472 	clr	a
      0028BC 93               [24]10473 	movc	a,@a+dptr
      0028BD FE               [12]10474 	mov	r6,a
      0028BE A3               [24]10475 	inc	dptr
      0028BF E4               [12]10476 	clr	a
      0028C0 93               [24]10477 	movc	a,@a+dptr
      0028C1 FF               [12]10478 	mov	r7,a
                                  10479 ;	..\COMMON\easyax5043.c:2100: f += axradio_curfreqoffset;
      0028C2 90r00r06         [24]10480 	mov	dptr,#_axradio_curfreqoffset
      0028C5 E0               [24]10481 	movx	a,@dptr
      0028C6 F8               [12]10482 	mov	r0,a
      0028C7 A3               [24]10483 	inc	dptr
      0028C8 E0               [24]10484 	movx	a,@dptr
      0028C9 F9               [12]10485 	mov	r1,a
      0028CA A3               [24]10486 	inc	dptr
      0028CB E0               [24]10487 	movx	a,@dptr
      0028CC FA               [12]10488 	mov	r2,a
      0028CD A3               [24]10489 	inc	dptr
      0028CE E0               [24]10490 	movx	a,@dptr
      0028CF FD               [12]10491 	mov	r5,a
      0028D0 E8               [12]10492 	mov	a,r0
      0028D1 2B               [12]10493 	add	a,r3
      0028D2 FB               [12]10494 	mov	r3,a
      0028D3 E9               [12]10495 	mov	a,r1
      0028D4 3C               [12]10496 	addc	a,r4
      0028D5 FC               [12]10497 	mov	r4,a
      0028D6 EA               [12]10498 	mov	a,r2
      0028D7 3E               [12]10499 	addc	a,r6
      0028D8 FE               [12]10500 	mov	r6,a
      0028D9 ED               [12]10501 	mov	a,r5
      0028DA 3F               [12]10502 	addc	a,r7
      0028DB FF               [12]10503 	mov	r7,a
                                  10504 ;	..\COMMON\easyax5043.c:2101: if (radio_read8(AX5043_REG_PLLLOOP) & 0x80) {
      0028DC 90 40 30         [24]10505 	mov	dptr,#0x4030
      0028DF E0               [24]10506 	movx	a,@dptr
      0028E0 FD               [12]10507 	mov	r5,a
      0028E1 30 E7 26         [24]10508 	jnb	acc.7,00120$
                                  10509 ;	..\COMMON\easyax5043.c:2102: radio_write8(AX5043_REG_PLLRANGINGA, (rng & 0x0F));
      0028E4 74 0F            [12]10510 	mov	a,#0x0f
      0028E6 55*00            [12]10511 	anl	a,_axradio_set_channel_rng_1_766
      0028E8 90 40 33         [24]10512 	mov	dptr,#0x4033
      0028EB F0               [24]10513 	movx	@dptr,a
                                  10514 ;	..\COMMON\easyax5043.c:2103: radio_write8(AX5043_REG_FREQA0, f);
      0028EC 8B 05            [24]10515 	mov	ar5,r3
      0028EE 90 40 37         [24]10516 	mov	dptr,#0x4037
      0028F1 ED               [12]10517 	mov	a,r5
      0028F2 F0               [24]10518 	movx	@dptr,a
                                  10519 ;	..\COMMON\easyax5043.c:2104: radio_write8(AX5043_REG_FREQA1, f >> 8);
      0028F3 8C 05            [24]10520 	mov	ar5,r4
      0028F5 90 40 36         [24]10521 	mov	dptr,#0x4036
      0028F8 ED               [12]10522 	mov	a,r5
      0028F9 F0               [24]10523 	movx	@dptr,a
                                  10524 ;	..\COMMON\easyax5043.c:2105: radio_write8(AX5043_REG_FREQA2, f >> 16);
      0028FA 8E 05            [24]10525 	mov	ar5,r6
      0028FC 90 40 35         [24]10526 	mov	dptr,#0x4035
      0028FF ED               [12]10527 	mov	a,r5
      002900 F0               [24]10528 	movx	@dptr,a
                                  10529 ;	..\COMMON\easyax5043.c:2106: radio_write8(AX5043_REG_FREQA3, f >> 24);
      002901 8F 05            [24]10530 	mov	ar5,r7
      002903 90 40 34         [24]10531 	mov	dptr,#0x4034
      002906 ED               [12]10532 	mov	a,r5
      002907 F0               [24]10533 	movx	@dptr,a
                                  10534 ;	..\COMMON\easyax5043.c:2108: radio_write8(AX5043_REG_PLLRANGINGB, rng & 0x0F);
      002908 80 24            [24]10535 	sjmp	00138$
      00290A                      10536 00120$:
      00290A 74 0F            [12]10537 	mov	a,#0x0f
      00290C 55*00            [12]10538 	anl	a,_axradio_set_channel_rng_1_766
      00290E 90 40 3B         [24]10539 	mov	dptr,#0x403b
      002911 F0               [24]10540 	movx	@dptr,a
                                  10541 ;	..\COMMON\easyax5043.c:2109: radio_write8(AX5043_REG_FREQB0, f);
      002912 8B 05            [24]10542 	mov	ar5,r3
      002914 90 40 3F         [24]10543 	mov	dptr,#0x403f
      002917 ED               [12]10544 	mov	a,r5
      002918 F0               [24]10545 	movx	@dptr,a
                                  10546 ;	..\COMMON\easyax5043.c:2110: radio_write8(AX5043_REG_FREQB1, f >> 8);
      002919 8C 05            [24]10547 	mov	ar5,r4
      00291B 90 40 3E         [24]10548 	mov	dptr,#0x403e
      00291E ED               [12]10549 	mov	a,r5
      00291F F0               [24]10550 	movx	@dptr,a
                                  10551 ;	..\COMMON\easyax5043.c:2111: radio_write8(AX5043_REG_FREQB2, f >> 16);
      002920 8E 05            [24]10552 	mov	ar5,r6
      002922 90 40 3D         [24]10553 	mov	dptr,#0x403d
      002925 ED               [12]10554 	mov	a,r5
      002926 F0               [24]10555 	movx	@dptr,a
                                  10556 ;	..\COMMON\easyax5043.c:2112: radio_write8(AX5043_REG_FREQB3, f >> 24);
      002927 8F 03            [24]10557 	mov	ar3,r7
      002929 90 40 3C         [24]10558 	mov	dptr,#0x403c
      00292C EB               [12]10559 	mov	a,r3
      00292D F0               [24]10560 	movx	@dptr,a
                                  10561 ;	..\COMMON\easyax5043.c:2115: radio_write8(AX5043_REG_PLLLOOP, radio_read8(AX5043_REG_PLLLOOP) ^ 0x80);
      00292E                      10562 00138$:
      00292E 90 40 30         [24]10563 	mov	dptr,#0x4030
      002931 E0               [24]10564 	movx	a,@dptr
      002932 64 80            [12]10565 	xrl	a,#0x80
      002934 F0               [24]10566 	movx	@dptr,a
                                  10567 ;	..\COMMON\easyax5043.c:2116: return AXRADIO_ERR_NOERROR;
      002935 75 82 00         [24]10568 	mov	dpl,#0x00
      002938 22               [24]10569 	ret
                                  10570 ;------------------------------------------------------------
                                  10571 ;Allocation info for local variables in function 'axradio_get_channel'
                                  10572 ;------------------------------------------------------------
                                  10573 ;	..\COMMON\easyax5043.c:2119: uint8_t axradio_get_channel(void)
                                  10574 ;	-----------------------------------------
                                  10575 ;	 function axradio_get_channel
                                  10576 ;	-----------------------------------------
      002939                      10577 _axradio_get_channel:
                                  10578 ;	..\COMMON\easyax5043.c:2121: return axradio_curchannel;
      002939 90r00r05         [24]10579 	mov	dptr,#_axradio_curchannel
      00293C E0               [24]10580 	movx	a,@dptr
      00293D F5 82            [12]10581 	mov	dpl,a
      00293F 22               [24]10582 	ret
                                  10583 ;------------------------------------------------------------
                                  10584 ;Allocation info for local variables in function 'axradio_get_pllrange'
                                  10585 ;------------------------------------------------------------
                                  10586 ;	..\COMMON\easyax5043.c:2124: uint16_t axradio_get_pllrange(void)
                                  10587 ;	-----------------------------------------
                                  10588 ;	 function axradio_get_pllrange
                                  10589 ;	-----------------------------------------
      002940                      10590 _axradio_get_pllrange:
                                  10591 ;	..\COMMON\easyax5043.c:2126: return axradio_phy_chanpllrng[axradio_curchannel] & 0x000F;
      002940 90r00r05         [24]10592 	mov	dptr,#_axradio_curchannel
      002943 E0               [24]10593 	movx	a,@dptr
      002944 75 F0 02         [24]10594 	mov	b,#0x02
      002947 A4               [48]10595 	mul	ab
      002948 24r00            [12]10596 	add	a,#_axradio_phy_chanpllrng
      00294A F5 82            [12]10597 	mov	dpl,a
      00294C 74s00            [12]10598 	mov	a,#(_axradio_phy_chanpllrng >> 8)
      00294E 35 F0            [12]10599 	addc	a,b
      002950 F5 83            [12]10600 	mov	dph,a
      002952 E0               [24]10601 	movx	a,@dptr
      002953 FE               [12]10602 	mov	r6,a
      002954 A3               [24]10603 	inc	dptr
      002955 E0               [24]10604 	movx	a,@dptr
      002956 74 0F            [12]10605 	mov	a,#0x0f
      002958 5E               [12]10606 	anl	a,r6
      002959 F5 82            [12]10607 	mov	dpl,a
      00295B 75 83 00         [24]10608 	mov	dph,#0x00
      00295E 22               [24]10609 	ret
                                  10610 ;------------------------------------------------------------
                                  10611 ;Allocation info for local variables in function 'axradio_get_pllvcoi'
                                  10612 ;------------------------------------------------------------
                                  10613 ;x                         Allocated to registers r7 
                                  10614 ;x                         Allocated to registers r6 
                                  10615 ;------------------------------------------------------------
                                  10616 ;	..\COMMON\easyax5043.c:2129: uint8_t axradio_get_pllvcoi(void)
                                  10617 ;	-----------------------------------------
                                  10618 ;	 function axradio_get_pllvcoi
                                  10619 ;	-----------------------------------------
      00295F                      10620 _axradio_get_pllvcoi:
                                  10621 ;	..\COMMON\easyax5043.c:2131: if (axradio_phy_vcocalib) {
      00295F 90r00r00         [24]10622 	mov	dptr,#_axradio_phy_vcocalib
      002962 E4               [12]10623 	clr	a
      002963 93               [24]10624 	movc	a,@a+dptr
      002964 60 15            [24]10625 	jz	00104$
                                  10626 ;	..\COMMON\easyax5043.c:2132: uint8_t x = axradio_phy_chanvcoi[axradio_curchannel];
      002966 90r00r05         [24]10627 	mov	dptr,#_axradio_curchannel
      002969 E0               [24]10628 	movx	a,@dptr
      00296A 24r00            [12]10629 	add	a,#_axradio_phy_chanvcoi
      00296C F5 82            [12]10630 	mov	dpl,a
      00296E E4               [12]10631 	clr	a
      00296F 34s00            [12]10632 	addc	a,#(_axradio_phy_chanvcoi >> 8)
      002971 F5 83            [12]10633 	mov	dph,a
      002973 E0               [24]10634 	movx	a,@dptr
                                  10635 ;	..\COMMON\easyax5043.c:2133: if (x & 0x80)
      002974 FF               [12]10636 	mov	r7,a
      002975 30 E7 03         [24]10637 	jnb	acc.7,00104$
                                  10638 ;	..\COMMON\easyax5043.c:2134: return x;
      002978 8F 82            [24]10639 	mov	dpl,r7
      00297A 22               [24]10640 	ret
      00297B                      10641 00104$:
                                  10642 ;	..\COMMON\easyax5043.c:2137: uint8_t x = axradio_phy_chanvcoiinit[axradio_curchannel];
      00297B 90r00r05         [24]10643 	mov	dptr,#_axradio_curchannel
      00297E E0               [24]10644 	movx	a,@dptr
      00297F FF               [12]10645 	mov	r7,a
      002980 90r00r00         [24]10646 	mov	dptr,#_axradio_phy_chanvcoiinit
      002983 93               [24]10647 	movc	a,@a+dptr
                                  10648 ;	..\COMMON\easyax5043.c:2138: if (x & 0x80) {
      002984 FE               [12]10649 	mov	r6,a
      002985 30 E7 4C         [24]10650 	jnb	acc.7,00108$
                                  10651 ;	..\COMMON\easyax5043.c:2139: if (!(axradio_phy_chanpllrnginit[0] & 0xF0)) {
      002988 90r00r00         [24]10652 	mov	dptr,#_axradio_phy_chanpllrnginit
      00298B E4               [12]10653 	clr	a
      00298C 93               [24]10654 	movc	a,@a+dptr
      00298D FC               [12]10655 	mov	r4,a
      00298E A3               [24]10656 	inc	dptr
      00298F E4               [12]10657 	clr	a
      002990 93               [24]10658 	movc	a,@a+dptr
      002991 FD               [12]10659 	mov	r5,a
      002992 EC               [12]10660 	mov	a,r4
      002993 54 F0            [12]10661 	anl	a,#0xf0
      002995 70 3A            [24]10662 	jnz	00106$
                                  10663 ;	..\COMMON\easyax5043.c:2140: x += (axradio_phy_chanpllrng[axradio_curchannel] & 0x0F) - (axradio_phy_chanpllrnginit[axradio_curchannel] & 0x0F);
      002997 EF               [12]10664 	mov	a,r7
      002998 75 F0 02         [24]10665 	mov	b,#0x02
      00299B A4               [48]10666 	mul	ab
      00299C FF               [12]10667 	mov	r7,a
      00299D AD F0            [24]10668 	mov	r5,b
      00299F 24r00            [12]10669 	add	a,#_axradio_phy_chanpllrng
      0029A1 F5 82            [12]10670 	mov	dpl,a
      0029A3 ED               [12]10671 	mov	a,r5
      0029A4 34s00            [12]10672 	addc	a,#(_axradio_phy_chanpllrng >> 8)
      0029A6 F5 83            [12]10673 	mov	dph,a
      0029A8 E0               [24]10674 	movx	a,@dptr
      0029A9 FB               [12]10675 	mov	r3,a
      0029AA A3               [24]10676 	inc	dptr
      0029AB E0               [24]10677 	movx	a,@dptr
      0029AC 53 03 0F         [24]10678 	anl	ar3,#0x0f
      0029AF 7C 00            [12]10679 	mov	r4,#0x00
      0029B1 EF               [12]10680 	mov	a,r7
      0029B2 24r00            [12]10681 	add	a,#_axradio_phy_chanpllrnginit
      0029B4 F5 82            [12]10682 	mov	dpl,a
      0029B6 ED               [12]10683 	mov	a,r5
      0029B7 34s00            [12]10684 	addc	a,#(_axradio_phy_chanpllrnginit >> 8)
      0029B9 F5 83            [12]10685 	mov	dph,a
      0029BB E4               [12]10686 	clr	a
      0029BC 93               [24]10687 	movc	a,@a+dptr
      0029BD FD               [12]10688 	mov	r5,a
      0029BE A3               [24]10689 	inc	dptr
      0029BF E4               [12]10690 	clr	a
      0029C0 93               [24]10691 	movc	a,@a+dptr
      0029C1 53 05 0F         [24]10692 	anl	ar5,#0x0f
      0029C4 7F 00            [12]10693 	mov	r7,#0x00
      0029C6 EB               [12]10694 	mov	a,r3
      0029C7 C3               [12]10695 	clr	c
      0029C8 9D               [12]10696 	subb	a,r5
      0029C9 2E               [12]10697 	add	a,r6
      0029CA FE               [12]10698 	mov	r6,a
                                  10699 ;	..\COMMON\easyax5043.c:2141: x &= 0x3f;
      0029CB 53 06 3F         [24]10700 	anl	ar6,#0x3f
                                  10701 ;	..\COMMON\easyax5043.c:2142: x |= 0x80;
      0029CE 43 06 80         [24]10702 	orl	ar6,#0x80
      0029D1                      10703 00106$:
                                  10704 ;	..\COMMON\easyax5043.c:2144: return x;
      0029D1 8E 82            [24]10705 	mov	dpl,r6
      0029D3 22               [24]10706 	ret
      0029D4                      10707 00108$:
                                  10708 ;	..\COMMON\easyax5043.c:2147: return radio_read8(AX5043_REG_PLLVCOI);
      0029D4 90 41 80         [24]10709 	mov	dptr,#0x4180
      0029D7 E0               [24]10710 	movx	a,@dptr
      0029D8 F5 82            [12]10711 	mov	dpl,a
      0029DA 22               [24]10712 	ret
                                  10713 ;------------------------------------------------------------
                                  10714 ;Allocation info for local variables in function 'axradio_set_curfreqoffset'
                                  10715 ;------------------------------------------------------------
                                  10716 ;offs                      Allocated to registers r4 r5 r6 r7 
                                  10717 ;------------------------------------------------------------
                                  10718 ;	..\COMMON\easyax5043.c:2150: static uint8_t axradio_set_curfreqoffset(int32_t offs)
                                  10719 ;	-----------------------------------------
                                  10720 ;	 function axradio_set_curfreqoffset
                                  10721 ;	-----------------------------------------
      0029DB                      10722 _axradio_set_curfreqoffset:
      0029DB AC 82            [24]10723 	mov	r4,dpl
      0029DD AD 83            [24]10724 	mov	r5,dph
      0029DF AE F0            [24]10725 	mov	r6,b
      0029E1 FF               [12]10726 	mov	r7,a
                                  10727 ;	..\COMMON\easyax5043.c:2152: axradio_curfreqoffset = offs;
      0029E2 90r00r06         [24]10728 	mov	dptr,#_axradio_curfreqoffset
      0029E5 EC               [12]10729 	mov	a,r4
      0029E6 F0               [24]10730 	movx	@dptr,a
      0029E7 ED               [12]10731 	mov	a,r5
      0029E8 A3               [24]10732 	inc	dptr
      0029E9 F0               [24]10733 	movx	@dptr,a
      0029EA EE               [12]10734 	mov	a,r6
      0029EB A3               [24]10735 	inc	dptr
      0029EC F0               [24]10736 	movx	@dptr,a
      0029ED EF               [12]10737 	mov	a,r7
      0029EE A3               [24]10738 	inc	dptr
      0029EF F0               [24]10739 	movx	@dptr,a
                                  10740 ;	..\COMMON\easyax5043.c:2153: if (checksignedlimit32(offs, axradio_phy_maxfreqoffset))
      0029F0 90r00r00         [24]10741 	mov	dptr,#_axradio_phy_maxfreqoffset
      0029F3 E4               [12]10742 	clr	a
      0029F4 93               [24]10743 	movc	a,@a+dptr
      0029F5 C0 E0            [24]10744 	push	acc
      0029F7 74 01            [12]10745 	mov	a,#0x01
      0029F9 93               [24]10746 	movc	a,@a+dptr
      0029FA C0 E0            [24]10747 	push	acc
      0029FC 74 02            [12]10748 	mov	a,#0x02
      0029FE 93               [24]10749 	movc	a,@a+dptr
      0029FF C0 E0            [24]10750 	push	acc
      002A01 74 03            [12]10751 	mov	a,#0x03
      002A03 93               [24]10752 	movc	a,@a+dptr
      002A04 C0 E0            [24]10753 	push	acc
      002A06 8C 82            [24]10754 	mov	dpl,r4
      002A08 8D 83            [24]10755 	mov	dph,r5
      002A0A 8E F0            [24]10756 	mov	b,r6
      002A0C EF               [12]10757 	mov	a,r7
      002A0D 12r00r00         [24]10758 	lcall	_checksignedlimit32
      002A10 AF 82            [24]10759 	mov	r7,dpl
      002A12 E5 81            [12]10760 	mov	a,sp
      002A14 24 FC            [12]10761 	add	a,#0xfc
      002A16 F5 81            [12]10762 	mov	sp,a
      002A18 EF               [12]10763 	mov	a,r7
      002A19 60 04            [24]10764 	jz	00102$
                                  10765 ;	..\COMMON\easyax5043.c:2154: return AXRADIO_ERR_NOERROR;
      002A1B 75 82 00         [24]10766 	mov	dpl,#0x00
      002A1E 22               [24]10767 	ret
      002A1F                      10768 00102$:
                                  10769 ;	..\COMMON\easyax5043.c:2155: if (axradio_curfreqoffset < 0)
      002A1F 90r00r06         [24]10770 	mov	dptr,#_axradio_curfreqoffset
      002A22 E0               [24]10771 	movx	a,@dptr
      002A23 FC               [12]10772 	mov	r4,a
      002A24 A3               [24]10773 	inc	dptr
      002A25 E0               [24]10774 	movx	a,@dptr
      002A26 FD               [12]10775 	mov	r5,a
      002A27 A3               [24]10776 	inc	dptr
      002A28 E0               [24]10777 	movx	a,@dptr
      002A29 FE               [12]10778 	mov	r6,a
      002A2A A3               [24]10779 	inc	dptr
      002A2B E0               [24]10780 	movx	a,@dptr
      002A2C FF               [12]10781 	mov	r7,a
      002A2D 30 E7 27         [24]10782 	jnb	acc.7,00104$
                                  10783 ;	..\COMMON\easyax5043.c:2156: axradio_curfreqoffset = -axradio_phy_maxfreqoffset;
      002A30 90r00r00         [24]10784 	mov	dptr,#_axradio_phy_maxfreqoffset
      002A33 E4               [12]10785 	clr	a
      002A34 93               [24]10786 	movc	a,@a+dptr
      002A35 FC               [12]10787 	mov	r4,a
      002A36 74 01            [12]10788 	mov	a,#0x01
      002A38 93               [24]10789 	movc	a,@a+dptr
      002A39 FD               [12]10790 	mov	r5,a
      002A3A 74 02            [12]10791 	mov	a,#0x02
      002A3C 93               [24]10792 	movc	a,@a+dptr
      002A3D FE               [12]10793 	mov	r6,a
      002A3E 74 03            [12]10794 	mov	a,#0x03
      002A40 93               [24]10795 	movc	a,@a+dptr
      002A41 FF               [12]10796 	mov	r7,a
      002A42 90r00r06         [24]10797 	mov	dptr,#_axradio_curfreqoffset
      002A45 C3               [12]10798 	clr	c
      002A46 E4               [12]10799 	clr	a
      002A47 9C               [12]10800 	subb	a,r4
      002A48 F0               [24]10801 	movx	@dptr,a
      002A49 E4               [12]10802 	clr	a
      002A4A 9D               [12]10803 	subb	a,r5
      002A4B A3               [24]10804 	inc	dptr
      002A4C F0               [24]10805 	movx	@dptr,a
      002A4D E4               [12]10806 	clr	a
      002A4E 9E               [12]10807 	subb	a,r6
      002A4F A3               [24]10808 	inc	dptr
      002A50 F0               [24]10809 	movx	@dptr,a
      002A51 E4               [12]10810 	clr	a
      002A52 9F               [12]10811 	subb	a,r7
      002A53 A3               [24]10812 	inc	dptr
      002A54 F0               [24]10813 	movx	@dptr,a
      002A55 80 20            [24]10814 	sjmp	00105$
      002A57                      10815 00104$:
                                  10816 ;	..\COMMON\easyax5043.c:2158: axradio_curfreqoffset = axradio_phy_maxfreqoffset;
      002A57 90r00r00         [24]10817 	mov	dptr,#_axradio_phy_maxfreqoffset
      002A5A E4               [12]10818 	clr	a
      002A5B 93               [24]10819 	movc	a,@a+dptr
      002A5C FC               [12]10820 	mov	r4,a
      002A5D 74 01            [12]10821 	mov	a,#0x01
      002A5F 93               [24]10822 	movc	a,@a+dptr
      002A60 FD               [12]10823 	mov	r5,a
      002A61 74 02            [12]10824 	mov	a,#0x02
      002A63 93               [24]10825 	movc	a,@a+dptr
      002A64 FE               [12]10826 	mov	r6,a
      002A65 74 03            [12]10827 	mov	a,#0x03
      002A67 93               [24]10828 	movc	a,@a+dptr
      002A68 FF               [12]10829 	mov	r7,a
      002A69 90r00r06         [24]10830 	mov	dptr,#_axradio_curfreqoffset
      002A6C EC               [12]10831 	mov	a,r4
      002A6D F0               [24]10832 	movx	@dptr,a
      002A6E ED               [12]10833 	mov	a,r5
      002A6F A3               [24]10834 	inc	dptr
      002A70 F0               [24]10835 	movx	@dptr,a
      002A71 EE               [12]10836 	mov	a,r6
      002A72 A3               [24]10837 	inc	dptr
      002A73 F0               [24]10838 	movx	@dptr,a
      002A74 EF               [12]10839 	mov	a,r7
      002A75 A3               [24]10840 	inc	dptr
      002A76 F0               [24]10841 	movx	@dptr,a
      002A77                      10842 00105$:
                                  10843 ;	..\COMMON\easyax5043.c:2159: return AXRADIO_ERR_INVALID;
      002A77 75 82 04         [24]10844 	mov	dpl,#0x04
      002A7A 22               [24]10845 	ret
                                  10846 ;------------------------------------------------------------
                                  10847 ;Allocation info for local variables in function 'axradio_set_freqoffset'
                                  10848 ;------------------------------------------------------------
                                  10849 ;offs                      Allocated to registers r4 r5 r6 r7 
                                  10850 ;ret                       Allocated to registers r7 
                                  10851 ;ret2                      Allocated to registers r6 
                                  10852 ;------------------------------------------------------------
                                  10853 ;	..\COMMON\easyax5043.c:2162: uint8_t axradio_set_freqoffset(int32_t offs)
                                  10854 ;	-----------------------------------------
                                  10855 ;	 function axradio_set_freqoffset
                                  10856 ;	-----------------------------------------
      002A7B                      10857 _axradio_set_freqoffset:
                                  10858 ;	..\COMMON\easyax5043.c:2164: uint8_t __autodata ret = axradio_set_curfreqoffset(offs);
      002A7B 12r29rDB         [24]10859 	lcall	_axradio_set_curfreqoffset
      002A7E AF 82            [24]10860 	mov	r7,dpl
                                  10861 ;	..\COMMON\easyax5043.c:2166: uint8_t __autodata ret2 = axradio_set_channel(axradio_curchannel);
      002A80 90r00r05         [24]10862 	mov	dptr,#_axradio_curchannel
      002A83 E0               [24]10863 	movx	a,@dptr
      002A84 F5 82            [12]10864 	mov	dpl,a
      002A86 C0 07            [24]10865 	push	ar7
      002A88 12r28r70         [24]10866 	lcall	_axradio_set_channel
      002A8B AE 82            [24]10867 	mov	r6,dpl
      002A8D D0 07            [24]10868 	pop	ar7
                                  10869 ;	..\COMMON\easyax5043.c:2167: if (ret == AXRADIO_ERR_NOERROR)
      002A8F EF               [12]10870 	mov	a,r7
      002A90 70 02            [24]10871 	jnz	00102$
                                  10872 ;	..\COMMON\easyax5043.c:2168: ret = ret2;
      002A92 8E 07            [24]10873 	mov	ar7,r6
      002A94                      10874 00102$:
                                  10875 ;	..\COMMON\easyax5043.c:2170: return ret;
      002A94 8F 82            [24]10876 	mov	dpl,r7
      002A96 22               [24]10877 	ret
                                  10878 ;------------------------------------------------------------
                                  10879 ;Allocation info for local variables in function 'axradio_get_freqoffset'
                                  10880 ;------------------------------------------------------------
                                  10881 ;	..\COMMON\easyax5043.c:2173: int32_t axradio_get_freqoffset(void)
                                  10882 ;	-----------------------------------------
                                  10883 ;	 function axradio_get_freqoffset
                                  10884 ;	-----------------------------------------
      002A97                      10885 _axradio_get_freqoffset:
                                  10886 ;	..\COMMON\easyax5043.c:2175: return axradio_curfreqoffset;
      002A97 90r00r06         [24]10887 	mov	dptr,#_axradio_curfreqoffset
      002A9A E0               [24]10888 	movx	a,@dptr
      002A9B FC               [12]10889 	mov	r4,a
      002A9C A3               [24]10890 	inc	dptr
      002A9D E0               [24]10891 	movx	a,@dptr
      002A9E FD               [12]10892 	mov	r5,a
      002A9F A3               [24]10893 	inc	dptr
      002AA0 E0               [24]10894 	movx	a,@dptr
      002AA1 FE               [12]10895 	mov	r6,a
      002AA2 A3               [24]10896 	inc	dptr
      002AA3 E0               [24]10897 	movx	a,@dptr
      002AA4 8C 82            [24]10898 	mov	dpl,r4
      002AA6 8D 83            [24]10899 	mov	dph,r5
      002AA8 8E F0            [24]10900 	mov	b,r6
      002AAA 22               [24]10901 	ret
                                  10902 ;------------------------------------------------------------
                                  10903 ;Allocation info for local variables in function 'axradio_set_local_address'
                                  10904 ;------------------------------------------------------------
                                  10905 ;addr                      Allocated to registers r5 r6 r7 
                                  10906 ;------------------------------------------------------------
                                  10907 ;	..\COMMON\easyax5043.c:2178: void axradio_set_local_address(const struct axradio_address_mask __genericaddr *addr)
                                  10908 ;	-----------------------------------------
                                  10909 ;	 function axradio_set_local_address
                                  10910 ;	-----------------------------------------
      002AAB                      10911 _axradio_set_local_address:
      002AAB AD 82            [24]10912 	mov	r5,dpl
      002AAD AE 83            [24]10913 	mov	r6,dph
      002AAF AF F0            [24]10914 	mov	r7,b
                                  10915 ;	..\COMMON\easyax5043.c:2180: memcpy_xdatageneric(&axradio_localaddr, addr, sizeof(axradio_localaddr));
      002AB1 8D*00            [24]10916 	mov	_memcpy_PARM_2,r5
      002AB3 8E*01            [24]10917 	mov	(_memcpy_PARM_2 + 1),r6
      002AB5 8F*02            [24]10918 	mov	(_memcpy_PARM_2 + 2),r7
      002AB7 75*00 0A         [24]10919 	mov	_memcpy_PARM_3,#0x0a
      002ABA 75*01 00         [24]10920 	mov	(_memcpy_PARM_3 + 1),#0x00
      002ABD 90r00r1A         [24]10921 	mov	dptr,#_axradio_localaddr
      002AC0 75 F0 00         [24]10922 	mov	b,#0x00
      002AC3 12r00r00         [24]10923 	lcall	_memcpy
                                  10924 ;	..\COMMON\easyax5043.c:2181: axradio_setaddrregs();
      002AC6 02r0Dr63         [24]10925 	ljmp	_axradio_setaddrregs
                                  10926 ;------------------------------------------------------------
                                  10927 ;Allocation info for local variables in function 'axradio_get_local_address'
                                  10928 ;------------------------------------------------------------
                                  10929 ;addr                      Allocated to registers r5 r6 r7 
                                  10930 ;------------------------------------------------------------
                                  10931 ;	..\COMMON\easyax5043.c:2184: void axradio_get_local_address(struct axradio_address_mask __genericaddr *addr)
                                  10932 ;	-----------------------------------------
                                  10933 ;	 function axradio_get_local_address
                                  10934 ;	-----------------------------------------
      002AC9                      10935 _axradio_get_local_address:
      002AC9 AD 82            [24]10936 	mov	r5,dpl
      002ACB AE 83            [24]10937 	mov	r6,dph
      002ACD AF F0            [24]10938 	mov	r7,b
                                  10939 ;	..\COMMON\easyax5043.c:2186: memcpy_genericxdata(addr, &axradio_localaddr, sizeof(axradio_localaddr));
      002ACF 75*00r1A         [24]10940 	mov	_memcpy_PARM_2,#_axradio_localaddr
      002AD2 75*01s00         [24]10941 	mov	(_memcpy_PARM_2 + 1),#(_axradio_localaddr >> 8)
      002AD5 75*02 00         [24]10942 	mov	(_memcpy_PARM_2 + 2),#0x00
      002AD8 75*00 0A         [24]10943 	mov	_memcpy_PARM_3,#0x0a
      002ADB 75*01 00         [24]10944 	mov	(_memcpy_PARM_3 + 1),#0x00
      002ADE 8D 82            [24]10945 	mov	dpl,r5
      002AE0 8E 83            [24]10946 	mov	dph,r6
      002AE2 8F F0            [24]10947 	mov	b,r7
      002AE4 02r00r00         [24]10948 	ljmp	_memcpy
                                  10949 ;------------------------------------------------------------
                                  10950 ;Allocation info for local variables in function 'axradio_set_default_remote_address'
                                  10951 ;------------------------------------------------------------
                                  10952 ;addr                      Allocated to registers r5 r6 r7 
                                  10953 ;------------------------------------------------------------
                                  10954 ;	..\COMMON\easyax5043.c:2189: void axradio_set_default_remote_address(const struct axradio_address __genericaddr *addr)
                                  10955 ;	-----------------------------------------
                                  10956 ;	 function axradio_set_default_remote_address
                                  10957 ;	-----------------------------------------
      002AE7                      10958 _axradio_set_default_remote_address:
      002AE7 AD 82            [24]10959 	mov	r5,dpl
      002AE9 AE 83            [24]10960 	mov	r6,dph
      002AEB AF F0            [24]10961 	mov	r7,b
                                  10962 ;	..\COMMON\easyax5043.c:2191: memcpy_xdatageneric(&axradio_default_remoteaddr, addr, sizeof(axradio_default_remoteaddr));
      002AED 8D*00            [24]10963 	mov	_memcpy_PARM_2,r5
      002AEF 8E*01            [24]10964 	mov	(_memcpy_PARM_2 + 1),r6
      002AF1 8F*02            [24]10965 	mov	(_memcpy_PARM_2 + 2),r7
      002AF3 75*00 05         [24]10966 	mov	_memcpy_PARM_3,#0x05
      002AF6 75*01 00         [24]10967 	mov	(_memcpy_PARM_3 + 1),#0x00
      002AF9 90r00r24         [24]10968 	mov	dptr,#_axradio_default_remoteaddr
      002AFC 75 F0 00         [24]10969 	mov	b,#0x00
      002AFF 02r00r00         [24]10970 	ljmp	_memcpy
                                  10971 ;------------------------------------------------------------
                                  10972 ;Allocation info for local variables in function 'axradio_get_default_remote_address'
                                  10973 ;------------------------------------------------------------
                                  10974 ;addr                      Allocated to registers r5 r6 r7 
                                  10975 ;------------------------------------------------------------
                                  10976 ;	..\COMMON\easyax5043.c:2194: void axradio_get_default_remote_address(struct axradio_address __genericaddr *addr)
                                  10977 ;	-----------------------------------------
                                  10978 ;	 function axradio_get_default_remote_address
                                  10979 ;	-----------------------------------------
      002B02                      10980 _axradio_get_default_remote_address:
      002B02 AD 82            [24]10981 	mov	r5,dpl
      002B04 AE 83            [24]10982 	mov	r6,dph
      002B06 AF F0            [24]10983 	mov	r7,b
                                  10984 ;	..\COMMON\easyax5043.c:2196: memcpy_genericxdata(addr, &axradio_default_remoteaddr, sizeof(axradio_default_remoteaddr));
      002B08 75*00r24         [24]10985 	mov	_memcpy_PARM_2,#_axradio_default_remoteaddr
      002B0B 75*01s00         [24]10986 	mov	(_memcpy_PARM_2 + 1),#(_axradio_default_remoteaddr >> 8)
      002B0E 75*02 00         [24]10987 	mov	(_memcpy_PARM_2 + 2),#0x00
      002B11 75*00 05         [24]10988 	mov	_memcpy_PARM_3,#0x05
      002B14 75*01 00         [24]10989 	mov	(_memcpy_PARM_3 + 1),#0x00
      002B17 8D 82            [24]10990 	mov	dpl,r5
      002B19 8E 83            [24]10991 	mov	dph,r6
      002B1B 8F F0            [24]10992 	mov	b,r7
      002B1D 02r00r00         [24]10993 	ljmp	_memcpy
                                  10994 ;------------------------------------------------------------
                                  10995 ;Allocation info for local variables in function 'axradio_transmit'
                                  10996 ;------------------------------------------------------------
                                  10997 ;pkt                       Allocated with name '_axradio_transmit_PARM_2'
                                  10998 ;pktlen                    Allocated with name '_axradio_transmit_PARM_3'
                                  10999 ;addr                      Allocated to registers r5 r6 r7 
                                  11000 ;fifofree                  Allocated to registers r3 r4 
                                  11001 ;i                         Allocated to registers r4 
                                  11002 ;__00030038                Allocated to registers 
                                  11003 ;crit                      Allocated to registers 
                                  11004 ;crit                      Allocated to registers r4 
                                  11005 ;__00040040                Allocated to registers 
                                  11006 ;crit                      Allocated to registers 
                                  11007 ;len_byte                  Allocated to registers r6 
                                  11008 ;------------------------------------------------------------
                                  11009 ;	..\COMMON\easyax5043.c:2199: uint8_t axradio_transmit(const struct axradio_address __genericaddr *addr, const uint8_t __genericaddr *pkt, uint16_t pktlen)
                                  11010 ;	-----------------------------------------
                                  11011 ;	 function axradio_transmit
                                  11012 ;	-----------------------------------------
      002B20                      11013 _axradio_transmit:
      002B20 AD 82            [24]11014 	mov	r5,dpl
      002B22 AE 83            [24]11015 	mov	r6,dph
      002B24 AF F0            [24]11016 	mov	r7,b
                                  11017 ;	..\COMMON\easyax5043.c:2201: switch (axradio_mode) {
      002B26 AC*00            [24]11018 	mov	r4,_axradio_mode
      002B28 BC 10 03         [24]11019 	cjne	r4,#0x10,00316$
      002B2B 02r2Cr24         [24]11020 	ljmp	00155$
      002B2E                      11021 00316$:
      002B2E BC 11 03         [24]11022 	cjne	r4,#0x11,00317$
      002B31 02r2Cr24         [24]11023 	ljmp	00155$
      002B34                      11024 00317$:
      002B34 BC 12 03         [24]11025 	cjne	r4,#0x12,00318$
      002B37 02r2Cr24         [24]11026 	ljmp	00155$
      002B3A                      11027 00318$:
      002B3A BC 13 03         [24]11028 	cjne	r4,#0x13,00319$
      002B3D 02r2Cr24         [24]11029 	ljmp	00155$
      002B40                      11030 00319$:
      002B40 BC 18 02         [24]11031 	cjne	r4,#0x18,00320$
      002B43 80 2F            [24]11032 	sjmp	00105$
      002B45                      11033 00320$:
      002B45 BC 19 02         [24]11034 	cjne	r4,#0x19,00321$
      002B48 80 2A            [24]11035 	sjmp	00105$
      002B4A                      11036 00321$:
      002B4A BC 1A 02         [24]11037 	cjne	r4,#0x1a,00322$
      002B4D 80 25            [24]11038 	sjmp	00105$
      002B4F                      11039 00322$:
      002B4F BC 1B 02         [24]11040 	cjne	r4,#0x1b,00323$
      002B52 80 20            [24]11041 	sjmp	00105$
      002B54                      11042 00323$:
      002B54 BC 1C 02         [24]11043 	cjne	r4,#0x1c,00324$
      002B57 80 1B            [24]11044 	sjmp	00105$
      002B59                      11045 00324$:
      002B59 BC 20 03         [24]11046 	cjne	r4,#0x20,00325$
      002B5C 02r2BrEB         [24]11047 	ljmp	00134$
      002B5F                      11048 00325$:
      002B5F BC 21 03         [24]11049 	cjne	r4,#0x21,00326$
      002B62 02r2BrEB         [24]11050 	ljmp	00134$
      002B65                      11051 00326$:
      002B65 BC 30 03         [24]11052 	cjne	r4,#0x30,00327$
      002B68 02r2Cr2F         [24]11053 	ljmp	00158$
      002B6B                      11054 00327$:
      002B6B BC 31 03         [24]11055 	cjne	r4,#0x31,00328$
      002B6E 02r2Cr2F         [24]11056 	ljmp	00158$
      002B71                      11057 00328$:
      002B71 02r2Er84         [24]11058 	ljmp	00198$
                                  11059 ;	..\COMMON\easyax5043.c:2206: case AXRADIO_MODE_STREAM_TRANSMIT_SCRAM_LSB:
      002B74                      11060 00105$:
                                  11061 ;	..\COMMON\easyax5043.c:2208: uint16_t __autodata fifofree = radio_read16(AX5043_REG_FIFOFREE1); ///
      002B74 90 00 2C         [24]11062 	mov	dptr,#0x002c
      002B77 12r00r00         [24]11063 	lcall	_radio_read16
      002B7A AB 82            [24]11064 	mov	r3,dpl
      002B7C AC 83            [24]11065 	mov	r4,dph
                                  11066 ;	..\COMMON\easyax5043.c:2210: if (fifofree < pktlen + 3)
      002B7E 74 03            [12]11067 	mov	a,#0x03
      002B80 25*10            [12]11068 	add	a,_axradio_transmit_PARM_3
      002B82 F9               [12]11069 	mov	r1,a
      002B83 E4               [12]11070 	clr	a
      002B84 35*11            [12]11071 	addc	a,(_axradio_transmit_PARM_3 + 1)
      002B86 FA               [12]11072 	mov	r2,a
      002B87 C3               [12]11073 	clr	c
      002B88 EB               [12]11074 	mov	a,r3
      002B89 99               [12]11075 	subb	a,r1
      002B8A EC               [12]11076 	mov	a,r4
      002B8B 9A               [12]11077 	subb	a,r2
      002B8C 50 04            [24]11078 	jnc	00107$
                                  11079 ;	..\COMMON\easyax5043.c:2211: return AXRADIO_ERR_INVALID;
      002B8E 75 82 04         [24]11080 	mov	dpl,#0x04
      002B91 22               [24]11081 	ret
      002B92                      11082 00107$:
                                  11083 ;	..\COMMON\easyax5043.c:2213: if (pktlen) {
      002B92 E5*10            [12]11084 	mov	a,_axradio_transmit_PARM_3
      002B94 45*11            [12]11085 	orl	a,(_axradio_transmit_PARM_3 + 1)
      002B96 60 30            [24]11086 	jz	00124$
                                  11087 ;	..\COMMON\easyax5043.c:2214: uint8_t __autodata i = pktlen;
      002B98 AC*10            [24]11088 	mov	r4,_axradio_transmit_PARM_3
                                  11089 ;	..\COMMON\easyax5043.c:2215: radio_write8(AX5043_REG_FIFODATA, AX5043_FIFOCMD_DATA | (7 << 5));
      002B9A 90 40 29         [24]11090 	mov	dptr,#0x4029
      002B9D 74 E1            [12]11091 	mov	a,#0xe1
      002B9F F0               [24]11092 	movx	@dptr,a
                                  11093 ;	..\COMMON\easyax5043.c:2216: radio_write8(AX5043_REG_FIFODATA, i + 1);
      002BA0 EC               [12]11094 	mov	a,r4
      002BA1 04               [12]11095 	inc	a
      002BA2 90 40 29         [24]11096 	mov	dptr,#0x4029
      002BA5 F0               [24]11097 	movx	@dptr,a
                                  11098 ;	..\COMMON\easyax5043.c:2217: radio_write8(AX5043_REG_FIFODATA, 0x08);
      002BA6 90 40 29         [24]11099 	mov	dptr,#0x4029
      002BA9 74 08            [12]11100 	mov	a,#0x08
      002BAB F0               [24]11101 	movx	@dptr,a
                                  11102 ;	..\COMMON\easyax5043.c:2219: radio_write8(AX5043_REG_FIFODATA, *pkt++);
      002BAC A9*0D            [24]11103 	mov	r1,_axradio_transmit_PARM_2
      002BAE AA*0E            [24]11104 	mov	r2,(_axradio_transmit_PARM_2 + 1)
      002BB0 AB*0F            [24]11105 	mov	r3,(_axradio_transmit_PARM_2 + 2)
      002BB2                      11106 00117$:
      002BB2 89 82            [24]11107 	mov	dpl,r1
      002BB4 8A 83            [24]11108 	mov	dph,r2
      002BB6 8B F0            [24]11109 	mov	b,r3
      002BB8 12r00r00         [24]11110 	lcall	__gptrget
      002BBB F8               [12]11111 	mov	r0,a
      002BBC A3               [24]11112 	inc	dptr
      002BBD A9 82            [24]11113 	mov	r1,dpl
      002BBF AA 83            [24]11114 	mov	r2,dph
      002BC1 90 40 29         [24]11115 	mov	dptr,#0x4029
      002BC4 E8               [12]11116 	mov	a,r0
      002BC5 F0               [24]11117 	movx	@dptr,a
                                  11118 ;	..\COMMON\easyax5043.c:2220: } while (--i);
      002BC6 DC EA            [24]11119 	djnz	r4,00117$
      002BC8                      11120 00124$:
                                  11121 ;	C:/Program Files (x86)/ON Semiconductor/AXSDB/libmf/include/libmftypes.h:351: criticalsection_t crit = IE & 0x80;
      002BC8 74 80            [12]11122 	mov	a,#0x80
      002BCA 55 A8            [12]11123 	anl	a,_IE
      002BCC FC               [12]11124 	mov	r4,a
                                  11125 ;	..\COMMON\easyax5043.c:2223: criticalsection_t crit = enter_critical();
      002BCD C2 AF            [12]11126 	clr	_EA
                                  11127 ;	..\COMMON\easyax5043.c:2224: radio_read8(AX5043_REG_RADIOEVENTREQ0);
      002BCF 90 40 0F         [24]11128 	mov	dptr,#0x400f
      002BD2 E0               [24]11129 	movx	a,@dptr
                                  11130 ;	..\COMMON\easyax5043.c:2225: radio_read8(AX5043_REG_IRQREQUEST0);
      002BD3 90 40 0D         [24]11131 	mov	dptr,#0x400d
      002BD6 E0               [24]11132 	movx	a,@dptr
                                  11133 ;	..\COMMON\easyax5043.c:2226: radio_write8(AX5043_REG_IRQMASK0, radio_read8(AX5043_REG_IRQMASK0) | 0x08);
      002BD7 90 40 07         [24]11134 	mov	dptr,#0x4007
      002BDA E0               [24]11135 	movx	a,@dptr
      002BDB 44 08            [12]11136 	orl	a,#0x08
      002BDD F0               [24]11137 	movx	@dptr,a
                                  11138 ;	..\COMMON\easyax5043.c:2227: radio_write8(AX5043_REG_FIFOSTAT,  4); // FIFO commit
      002BDE 90 40 28         [24]11139 	mov	dptr,#0x4028
      002BE1 74 04            [12]11140 	mov	a,#0x04
      002BE3 F0               [24]11141 	movx	@dptr,a
                                  11142 ;	C:/Program Files (x86)/ON Semiconductor/AXSDB/libmf/include/libmftypes.h:358: IE |= crit;
      002BE4 EC               [12]11143 	mov	a,r4
      002BE5 42 A8            [12]11144 	orl	_IE,a
                                  11145 ;	..\COMMON\easyax5043.c:2230: return AXRADIO_ERR_NOERROR;
      002BE7 75 82 00         [24]11146 	mov	dpl,#0x00
      002BEA 22               [24]11147 	ret
                                  11148 ;	..\COMMON\easyax5043.c:2237: case AXRADIO_MODE_WOR_RECEIVE:
      002BEB                      11149 00134$:
                                  11150 ;	..\COMMON\easyax5043.c:2238: if (axradio_syncstate != syncstate_off)
      002BEB 90r00r00         [24]11151 	mov	dptr,#_axradio_syncstate
      002BEE E0               [24]11152 	movx	a,@dptr
      002BEF E0               [24]11153 	movx	a,@dptr
      002BF0 60 04            [24]11154 	jz	00137$
                                  11155 ;	..\COMMON\easyax5043.c:2239: return AXRADIO_ERR_BUSY;
      002BF2 75 82 02         [24]11156 	mov	dpl,#0x02
      002BF5 22               [24]11157 	ret
                                  11158 ;	..\COMMON\easyax5043.c:2240: radio_write8(AX5043_REG_IRQMASK1, 0x00);
      002BF6                      11159 00137$:
      002BF6 90 40 06         [24]11160 	mov	dptr,#0x4006
      002BF9 E4               [12]11161 	clr	a
      002BFA F0               [24]11162 	movx	@dptr,a
                                  11163 ;	..\COMMON\easyax5043.c:2241: radio_write8(AX5043_REG_IRQMASK0, 0x00);
      002BFB 90 40 07         [24]11164 	mov	dptr,#0x4007
      002BFE F0               [24]11165 	movx	@dptr,a
                                  11166 ;	..\COMMON\easyax5043.c:2242: radio_write8(AX5043_REG_PWRMODE, AX5043_PWRSTATE_XTAL_ON);
      002BFF 90 40 02         [24]11167 	mov	dptr,#0x4002
      002C02 74 05            [12]11168 	mov	a,#0x05
      002C04 F0               [24]11169 	movx	@dptr,a
                                  11170 ;	..\COMMON\easyax5043.c:2243: radio_write8(AX5043_REG_FIFOSTAT, 3);
      002C05 90 40 28         [24]11171 	mov	dptr,#0x4028
      002C08 74 03            [12]11172 	mov	a,#0x03
      002C0A F0               [24]11173 	movx	@dptr,a
                                  11174 ;	..\COMMON\easyax5043.c:2244: while (radio_read8(AX5043_REG_POWSTAT) & 0x08);
      002C0B                      11175 00149$:
      002C0B 90 40 03         [24]11176 	mov	dptr,#0x4003
      002C0E E0               [24]11177 	movx	a,@dptr
      002C0F FC               [12]11178 	mov	r4,a
      002C10 20 E3 F8         [24]11179 	jb	acc.3,00149$
                                  11180 ;	..\COMMON\easyax5043.c:2245: ax5043_init_registers_tx();
      002C13 C0 07            [24]11181 	push	ar7
      002C15 C0 06            [24]11182 	push	ar6
      002C17 C0 05            [24]11183 	push	ar5
      002C19 12r00rE3         [24]11184 	lcall	_ax5043_init_registers_tx
      002C1C D0 05            [24]11185 	pop	ar5
      002C1E D0 06            [24]11186 	pop	ar6
      002C20 D0 07            [24]11187 	pop	ar7
                                  11188 ;	..\COMMON\easyax5043.c:2246: goto dotx;
                                  11189 ;	..\COMMON\easyax5043.c:2251: case AXRADIO_MODE_WOR_ACK_TRANSMIT:
      002C22 80 0B            [24]11190 	sjmp	00158$
      002C24                      11191 00155$:
                                  11192 ;	..\COMMON\easyax5043.c:2252: if (axradio_syncstate != syncstate_off)
      002C24 90r00r00         [24]11193 	mov	dptr,#_axradio_syncstate
      002C27 E0               [24]11194 	movx	a,@dptr
      002C28 E0               [24]11195 	movx	a,@dptr
      002C29 60 04            [24]11196 	jz	00158$
                                  11197 ;	..\COMMON\easyax5043.c:2253: return AXRADIO_ERR_BUSY;
      002C2B 75 82 02         [24]11198 	mov	dpl,#0x02
      002C2E 22               [24]11199 	ret
                                  11200 ;	..\COMMON\easyax5043.c:2254: dotx:
      002C2F                      11201 00158$:
                                  11202 ;	..\COMMON\easyax5043.c:2255: axradio_ack_count = axradio_framing_ack_retransmissions;
      002C2F 90r00r00         [24]11203 	mov	dptr,#_axradio_framing_ack_retransmissions
      002C32 E4               [12]11204 	clr	a
      002C33 93               [24]11205 	movc	a,@a+dptr
      002C34 90r00r0A         [24]11206 	mov	dptr,#_axradio_ack_count
      002C37 F0               [24]11207 	movx	@dptr,a
                                  11208 ;	..\COMMON\easyax5043.c:2256: ++axradio_ack_seqnr;
      002C38 90r00r0B         [24]11209 	mov	dptr,#_axradio_ack_seqnr
      002C3B E0               [24]11210 	movx	a,@dptr
      002C3C 24 01            [12]11211 	add	a,#0x01
      002C3E F0               [24]11212 	movx	@dptr,a
                                  11213 ;	..\COMMON\easyax5043.c:2257: axradio_txbuffer_len = pktlen + axradio_framing_maclen;
      002C3F 90r00r00         [24]11214 	mov	dptr,#_axradio_framing_maclen
      002C42 E4               [12]11215 	clr	a
      002C43 93               [24]11216 	movc	a,@a+dptr
      002C44 FC               [12]11217 	mov	r4,a
      002C45 7B 00            [12]11218 	mov	r3,#0x00
      002C47 25*10            [12]11219 	add	a,_axradio_transmit_PARM_3
      002C49 FA               [12]11220 	mov	r2,a
      002C4A EB               [12]11221 	mov	a,r3
      002C4B 35*11            [12]11222 	addc	a,(_axradio_transmit_PARM_3 + 1)
      002C4D FB               [12]11223 	mov	r3,a
      002C4E 90r00r01         [24]11224 	mov	dptr,#_axradio_txbuffer_len
      002C51 EA               [12]11225 	mov	a,r2
      002C52 F0               [24]11226 	movx	@dptr,a
      002C53 EB               [12]11227 	mov	a,r3
      002C54 A3               [24]11228 	inc	dptr
      002C55 F0               [24]11229 	movx	@dptr,a
                                  11230 ;	..\COMMON\easyax5043.c:2258: if (axradio_txbuffer_len > sizeof(axradio_txbuffer))
      002C56 C3               [12]11231 	clr	c
      002C57 74 04            [12]11232 	mov	a,#0x04
      002C59 9A               [12]11233 	subb	a,r2
      002C5A 74 01            [12]11234 	mov	a,#0x01
      002C5C 9B               [12]11235 	subb	a,r3
      002C5D 50 04            [24]11236 	jnc	00160$
                                  11237 ;	..\COMMON\easyax5043.c:2259: return AXRADIO_ERR_INVALID;
      002C5F 75 82 04         [24]11238 	mov	dpl,#0x04
      002C62 22               [24]11239 	ret
      002C63                      11240 00160$:
                                  11241 ;	..\COMMON\easyax5043.c:2260: memset_xdata(axradio_txbuffer, 0, axradio_framing_maclen);
      002C63 8C*00            [24]11242 	mov	_memset_PARM_3,r4
      002C65 75*01 00         [24]11243 	mov	(_memset_PARM_3 + 1),#0x00
      002C68 75*00 00         [24]11244 	mov	_memset_PARM_2,#0x00
      002C6B 90r00r29         [24]11245 	mov	dptr,#_axradio_txbuffer
      002C6E 75 F0 00         [24]11246 	mov	b,#0x00
      002C71 C0 07            [24]11247 	push	ar7
      002C73 C0 06            [24]11248 	push	ar6
      002C75 C0 05            [24]11249 	push	ar5
      002C77 12r00r00         [24]11250 	lcall	_memset
                                  11251 ;	..\COMMON\easyax5043.c:2261: memcpy_xdatageneric(&axradio_txbuffer[axradio_framing_maclen], pkt, pktlen);
      002C7A 90r00r00         [24]11252 	mov	dptr,#_axradio_framing_maclen
      002C7D E4               [12]11253 	clr	a
      002C7E 93               [24]11254 	movc	a,@a+dptr
      002C7F 24r29            [12]11255 	add	a,#_axradio_txbuffer
      002C81 FC               [12]11256 	mov	r4,a
      002C82 E4               [12]11257 	clr	a
      002C83 34s00            [12]11258 	addc	a,#(_axradio_txbuffer >> 8)
      002C85 FB               [12]11259 	mov	r3,a
      002C86 7A 00            [12]11260 	mov	r2,#0x00
      002C88 85*0D*00         [24]11261 	mov	_memcpy_PARM_2,_axradio_transmit_PARM_2
      002C8B 85*0E*01         [24]11262 	mov	(_memcpy_PARM_2 + 1),(_axradio_transmit_PARM_2 + 1)
      002C8E 85*0F*02         [24]11263 	mov	(_memcpy_PARM_2 + 2),(_axradio_transmit_PARM_2 + 2)
      002C91 85*10*00         [24]11264 	mov	_memcpy_PARM_3,_axradio_transmit_PARM_3
      002C94 85*11*01         [24]11265 	mov	(_memcpy_PARM_3 + 1),(_axradio_transmit_PARM_3 + 1)
      002C97 8C 82            [24]11266 	mov	dpl,r4
      002C99 8B 83            [24]11267 	mov	dph,r3
      002C9B 8A F0            [24]11268 	mov	b,r2
      002C9D 12r00r00         [24]11269 	lcall	_memcpy
      002CA0 D0 05            [24]11270 	pop	ar5
      002CA2 D0 06            [24]11271 	pop	ar6
      002CA4 D0 07            [24]11272 	pop	ar7
                                  11273 ;	..\COMMON\easyax5043.c:2262: if (axradio_framing_ack_seqnrpos != 0xff)
      002CA6 90r00r00         [24]11274 	mov	dptr,#_axradio_framing_ack_seqnrpos
      002CA9 E4               [12]11275 	clr	a
      002CAA 93               [24]11276 	movc	a,@a+dptr
      002CAB FC               [12]11277 	mov	r4,a
      002CAC BC FF 02         [24]11278 	cjne	r4,#0xff,00337$
      002CAF 80 12            [24]11279 	sjmp	00162$
      002CB1                      11280 00337$:
                                  11281 ;	..\COMMON\easyax5043.c:2263: axradio_txbuffer[axradio_framing_ack_seqnrpos] = axradio_ack_seqnr;
      002CB1 EC               [12]11282 	mov	a,r4
      002CB2 24r29            [12]11283 	add	a,#_axradio_txbuffer
      002CB4 FC               [12]11284 	mov	r4,a
      002CB5 E4               [12]11285 	clr	a
      002CB6 34s00            [12]11286 	addc	a,#(_axradio_txbuffer >> 8)
      002CB8 FB               [12]11287 	mov	r3,a
      002CB9 90r00r0B         [24]11288 	mov	dptr,#_axradio_ack_seqnr
      002CBC E0               [24]11289 	movx	a,@dptr
      002CBD FA               [12]11290 	mov	r2,a
      002CBE 8C 82            [24]11291 	mov	dpl,r4
      002CC0 8B 83            [24]11292 	mov	dph,r3
      002CC2 F0               [24]11293 	movx	@dptr,a
      002CC3                      11294 00162$:
                                  11295 ;	..\COMMON\easyax5043.c:2264: if (axradio_framing_destaddrpos != 0xff)
      002CC3 90r00r00         [24]11296 	mov	dptr,#_axradio_framing_destaddrpos
      002CC6 E4               [12]11297 	clr	a
      002CC7 93               [24]11298 	movc	a,@a+dptr
      002CC8 FC               [12]11299 	mov	r4,a
      002CC9 BC FF 02         [24]11300 	cjne	r4,#0xff,00338$
      002CCC 80 23            [24]11301 	sjmp	00164$
      002CCE                      11302 00338$:
                                  11303 ;	..\COMMON\easyax5043.c:2265: memcpy_xdatageneric(&axradio_txbuffer[axradio_framing_destaddrpos], &addr->addr, axradio_framing_addrlen);
      002CCE EC               [12]11304 	mov	a,r4
      002CCF 24r29            [12]11305 	add	a,#_axradio_txbuffer
      002CD1 FC               [12]11306 	mov	r4,a
      002CD2 E4               [12]11307 	clr	a
      002CD3 34s00            [12]11308 	addc	a,#(_axradio_txbuffer >> 8)
      002CD5 FB               [12]11309 	mov	r3,a
      002CD6 7A 00            [12]11310 	mov	r2,#0x00
      002CD8 8D*00            [24]11311 	mov	_memcpy_PARM_2,r5
      002CDA 8E*01            [24]11312 	mov	(_memcpy_PARM_2 + 1),r6
      002CDC 8F*02            [24]11313 	mov	(_memcpy_PARM_2 + 2),r7
      002CDE 90r00r00         [24]11314 	mov	dptr,#_axradio_framing_addrlen
      002CE1 E4               [12]11315 	clr	a
      002CE2 93               [24]11316 	movc	a,@a+dptr
      002CE3 FF               [12]11317 	mov	r7,a
      002CE4 8F*00            [24]11318 	mov	_memcpy_PARM_3,r7
                                  11319 ;	1-genFromRTrack replaced	mov	(_memcpy_PARM_3 + 1),#0x00
      002CE6 8A*01            [24]11320 	mov	(_memcpy_PARM_3 + 1),r2
      002CE8 8C 82            [24]11321 	mov	dpl,r4
      002CEA 8B 83            [24]11322 	mov	dph,r3
      002CEC 8A F0            [24]11323 	mov	b,r2
      002CEE 12r00r00         [24]11324 	lcall	_memcpy
      002CF1                      11325 00164$:
                                  11326 ;	..\COMMON\easyax5043.c:2266: if (axradio_framing_sourceaddrpos != 0xff)
      002CF1 90r00r00         [24]11327 	mov	dptr,#_axradio_framing_sourceaddrpos
      002CF4 E4               [12]11328 	clr	a
      002CF5 93               [24]11329 	movc	a,@a+dptr
      002CF6 FF               [12]11330 	mov	r7,a
      002CF7 BF FF 02         [24]11331 	cjne	r7,#0xff,00339$
      002CFA 80 25            [24]11332 	sjmp	00166$
      002CFC                      11333 00339$:
                                  11334 ;	..\COMMON\easyax5043.c:2267: memcpy_xdata(&axradio_txbuffer[axradio_framing_sourceaddrpos], &axradio_localaddr.addr, axradio_framing_addrlen);
      002CFC EF               [12]11335 	mov	a,r7
      002CFD 24r29            [12]11336 	add	a,#_axradio_txbuffer
      002CFF FF               [12]11337 	mov	r7,a
      002D00 E4               [12]11338 	clr	a
      002D01 34s00            [12]11339 	addc	a,#(_axradio_txbuffer >> 8)
      002D03 FE               [12]11340 	mov	r6,a
      002D04 7D 00            [12]11341 	mov	r5,#0x00
      002D06 75*00r1A         [24]11342 	mov	_memcpy_PARM_2,#_axradio_localaddr
      002D09 75*01s00         [24]11343 	mov	(_memcpy_PARM_2 + 1),#(_axradio_localaddr >> 8)
                                  11344 ;	1-genFromRTrack replaced	mov	(_memcpy_PARM_2 + 2),#0x00
      002D0C 8D*02            [24]11345 	mov	(_memcpy_PARM_2 + 2),r5
      002D0E 90r00r00         [24]11346 	mov	dptr,#_axradio_framing_addrlen
      002D11 E4               [12]11347 	clr	a
      002D12 93               [24]11348 	movc	a,@a+dptr
      002D13 FC               [12]11349 	mov	r4,a
      002D14 8C*00            [24]11350 	mov	_memcpy_PARM_3,r4
                                  11351 ;	1-genFromRTrack replaced	mov	(_memcpy_PARM_3 + 1),#0x00
      002D16 8D*01            [24]11352 	mov	(_memcpy_PARM_3 + 1),r5
      002D18 8F 82            [24]11353 	mov	dpl,r7
      002D1A 8E 83            [24]11354 	mov	dph,r6
      002D1C 8D F0            [24]11355 	mov	b,r5
      002D1E 12r00r00         [24]11356 	lcall	_memcpy
      002D21                      11357 00166$:
                                  11358 ;	..\COMMON\easyax5043.c:2268: if (axradio_framing_lenmask) {
      002D21 90r00r00         [24]11359 	mov	dptr,#_axradio_framing_lenmask
      002D24 E4               [12]11360 	clr	a
      002D25 93               [24]11361 	movc	a,@a+dptr
      002D26 FF               [12]11362 	mov	r7,a
      002D27 60 30            [24]11363 	jz	00168$
                                  11364 ;	..\COMMON\easyax5043.c:2269: uint8_t __autodata len_byte = (uint8_t)(axradio_txbuffer_len - axradio_framing_lenoffs) & axradio_framing_lenmask; // if you prefer not counting the len byte itself, set LENOFFS = 1
      002D29 90r00r01         [24]11365 	mov	dptr,#_axradio_txbuffer_len
      002D2C E0               [24]11366 	movx	a,@dptr
      002D2D FD               [12]11367 	mov	r5,a
      002D2E A3               [24]11368 	inc	dptr
      002D2F E0               [24]11369 	movx	a,@dptr
      002D30 90r00r00         [24]11370 	mov	dptr,#_axradio_framing_lenoffs
      002D33 E4               [12]11371 	clr	a
      002D34 93               [24]11372 	movc	a,@a+dptr
      002D35 FE               [12]11373 	mov	r6,a
      002D36 ED               [12]11374 	mov	a,r5
      002D37 C3               [12]11375 	clr	c
      002D38 9E               [12]11376 	subb	a,r6
      002D39 5F               [12]11377 	anl	a,r7
      002D3A FE               [12]11378 	mov	r6,a
                                  11379 ;	..\COMMON\easyax5043.c:2270: axradio_txbuffer[axradio_framing_lenpos] = (axradio_txbuffer[axradio_framing_lenpos] & (uint8_t)~axradio_framing_lenmask) | len_byte;
      002D3B 90r00r00         [24]11380 	mov	dptr,#_axradio_framing_lenpos
      002D3E E4               [12]11381 	clr	a
      002D3F 93               [24]11382 	movc	a,@a+dptr
      002D40 24r29            [12]11383 	add	a,#_axradio_txbuffer
      002D42 FD               [12]11384 	mov	r5,a
      002D43 E4               [12]11385 	clr	a
      002D44 34s00            [12]11386 	addc	a,#(_axradio_txbuffer >> 8)
      002D46 FC               [12]11387 	mov	r4,a
      002D47 8D 82            [24]11388 	mov	dpl,r5
      002D49 8C 83            [24]11389 	mov	dph,r4
      002D4B E0               [24]11390 	movx	a,@dptr
      002D4C FB               [12]11391 	mov	r3,a
      002D4D EF               [12]11392 	mov	a,r7
      002D4E F4               [12]11393 	cpl	a
      002D4F FF               [12]11394 	mov	r7,a
      002D50 5B               [12]11395 	anl	a,r3
      002D51 42 06            [12]11396 	orl	ar6,a
      002D53 8D 82            [24]11397 	mov	dpl,r5
      002D55 8C 83            [24]11398 	mov	dph,r4
      002D57 EE               [12]11399 	mov	a,r6
      002D58 F0               [24]11400 	movx	@dptr,a
      002D59                      11401 00168$:
                                  11402 ;	..\COMMON\easyax5043.c:2272: if (axradio_framing_swcrclen)
      002D59 90r00r00         [24]11403 	mov	dptr,#_axradio_framing_swcrclen
      002D5C E4               [12]11404 	clr	a
      002D5D 93               [24]11405 	movc	a,@a+dptr
      002D5E 60 20            [24]11406 	jz	00170$
                                  11407 ;	..\COMMON\easyax5043.c:2273: axradio_txbuffer_len = axradio_framing_append_crc(axradio_txbuffer, axradio_txbuffer_len);
      002D60 90r00r01         [24]11408 	mov	dptr,#_axradio_txbuffer_len
      002D63 E0               [24]11409 	movx	a,@dptr
      002D64 C0 E0            [24]11410 	push	acc
      002D66 A3               [24]11411 	inc	dptr
      002D67 E0               [24]11412 	movx	a,@dptr
      002D68 C0 E0            [24]11413 	push	acc
      002D6A 90r00r29         [24]11414 	mov	dptr,#_axradio_txbuffer
      002D6D 12r00r00         [24]11415 	lcall	_axradio_framing_append_crc
      002D70 AE 82            [24]11416 	mov	r6,dpl
      002D72 AF 83            [24]11417 	mov	r7,dph
      002D74 15 81            [12]11418 	dec	sp
      002D76 15 81            [12]11419 	dec	sp
      002D78 90r00r01         [24]11420 	mov	dptr,#_axradio_txbuffer_len
      002D7B EE               [12]11421 	mov	a,r6
      002D7C F0               [24]11422 	movx	@dptr,a
      002D7D EF               [12]11423 	mov	a,r7
      002D7E A3               [24]11424 	inc	dptr
      002D7F F0               [24]11425 	movx	@dptr,a
      002D80                      11426 00170$:
                                  11427 ;	..\COMMON\easyax5043.c:2274: if (axradio_phy_pn9)
      002D80 90r00r00         [24]11428 	mov	dptr,#_axradio_phy_pn9
      002D83 E4               [12]11429 	clr	a
      002D84 93               [24]11430 	movc	a,@a+dptr
      002D85 60 2F            [24]11431 	jz	00172$
                                  11432 ;	..\COMMON\easyax5043.c:2275: pn9_buffer(axradio_txbuffer, axradio_txbuffer_len, 0x1ff, -((radio_read8(AX5043_REG_ENCODING) & 0x01)));
      002D87 90 40 11         [24]11433 	mov	dptr,#0x4011
      002D8A E0               [24]11434 	movx	a,@dptr
      002D8B FF               [12]11435 	mov	r7,a
      002D8C 53 07 01         [24]11436 	anl	ar7,#0x01
      002D8F C3               [12]11437 	clr	c
      002D90 E4               [12]11438 	clr	a
      002D91 9F               [12]11439 	subb	a,r7
      002D92 FF               [12]11440 	mov	r7,a
      002D93 C0 07            [24]11441 	push	ar7
      002D95 74 FF            [12]11442 	mov	a,#0xff
      002D97 C0 E0            [24]11443 	push	acc
      002D99 74 01            [12]11444 	mov	a,#0x01
      002D9B C0 E0            [24]11445 	push	acc
      002D9D 90r00r01         [24]11446 	mov	dptr,#_axradio_txbuffer_len
      002DA0 E0               [24]11447 	movx	a,@dptr
      002DA1 C0 E0            [24]11448 	push	acc
      002DA3 A3               [24]11449 	inc	dptr
      002DA4 E0               [24]11450 	movx	a,@dptr
      002DA5 C0 E0            [24]11451 	push	acc
      002DA7 90r00r29         [24]11452 	mov	dptr,#_axradio_txbuffer
      002DAA 75 F0 00         [24]11453 	mov	b,#0x00
      002DAD 12r00r00         [24]11454 	lcall	_pn9_buffer
      002DB0 E5 81            [12]11455 	mov	a,sp
      002DB2 24 FB            [12]11456 	add	a,#0xfb
      002DB4 F5 81            [12]11457 	mov	sp,a
      002DB6                      11458 00172$:
                                  11459 ;	..\COMMON\easyax5043.c:2276: if (axradio_mode == AXRADIO_MODE_SYNC_MASTER ||
      002DB6 74 30            [12]11460 	mov	a,#0x30
      002DB8 B5*00 02         [24]11461 	cjne	a,_axradio_mode,00343$
      002DBB 80 05            [24]11462 	sjmp	00173$
      002DBD                      11463 00343$:
                                  11464 ;	..\COMMON\easyax5043.c:2277: axradio_mode == AXRADIO_MODE_SYNC_ACK_MASTER)
      002DBD 74 31            [12]11465 	mov	a,#0x31
      002DBF B5*00 04         [24]11466 	cjne	a,_axradio_mode,00174$
      002DC2                      11467 00173$:
                                  11468 ;	..\COMMON\easyax5043.c:2278: return AXRADIO_ERR_NOERROR;
      002DC2 75 82 00         [24]11469 	mov	dpl,#0x00
      002DC5 22               [24]11470 	ret
      002DC6                      11471 00174$:
                                  11472 ;	..\COMMON\easyax5043.c:2279: if (axradio_mode == AXRADIO_MODE_WOR_TRANSMIT ||
      002DC6 74 11            [12]11473 	mov	a,#0x11
      002DC8 B5*00 02         [24]11474 	cjne	a,_axradio_mode,00346$
      002DCB 80 05            [24]11475 	sjmp	00176$
      002DCD                      11476 00346$:
                                  11477 ;	..\COMMON\easyax5043.c:2280: axradio_mode == AXRADIO_MODE_WOR_ACK_TRANSMIT)
      002DCD 74 13            [12]11478 	mov	a,#0x13
      002DCF B5*00 14         [24]11479 	cjne	a,_axradio_mode,00177$
      002DD2                      11480 00176$:
                                  11481 ;	..\COMMON\easyax5043.c:2281: axradio_txbuffer_cnt = axradio_phy_preamble_wor_longlen;
      002DD2 90r00r00         [24]11482 	mov	dptr,#_axradio_phy_preamble_wor_longlen
      002DD5 E4               [12]11483 	clr	a
      002DD6 93               [24]11484 	movc	a,@a+dptr
      002DD7 FE               [12]11485 	mov	r6,a
      002DD8 74 01            [12]11486 	mov	a,#0x01
      002DDA 93               [24]11487 	movc	a,@a+dptr
      002DDB FF               [12]11488 	mov	r7,a
      002DDC 90r00r03         [24]11489 	mov	dptr,#_axradio_txbuffer_cnt
      002DDF EE               [12]11490 	mov	a,r6
      002DE0 F0               [24]11491 	movx	@dptr,a
      002DE1 EF               [12]11492 	mov	a,r7
      002DE2 A3               [24]11493 	inc	dptr
      002DE3 F0               [24]11494 	movx	@dptr,a
      002DE4 80 12            [24]11495 	sjmp	00178$
      002DE6                      11496 00177$:
                                  11497 ;	..\COMMON\easyax5043.c:2283: axradio_txbuffer_cnt = axradio_phy_preamble_longlen;
      002DE6 90r00r00         [24]11498 	mov	dptr,#_axradio_phy_preamble_longlen
      002DE9 E4               [12]11499 	clr	a
      002DEA 93               [24]11500 	movc	a,@a+dptr
      002DEB FE               [12]11501 	mov	r6,a
      002DEC 74 01            [12]11502 	mov	a,#0x01
      002DEE 93               [24]11503 	movc	a,@a+dptr
      002DEF FF               [12]11504 	mov	r7,a
      002DF0 90r00r03         [24]11505 	mov	dptr,#_axradio_txbuffer_cnt
      002DF3 EE               [12]11506 	mov	a,r6
      002DF4 F0               [24]11507 	movx	@dptr,a
      002DF5 EF               [12]11508 	mov	a,r7
      002DF6 A3               [24]11509 	inc	dptr
      002DF7 F0               [24]11510 	movx	@dptr,a
      002DF8                      11511 00178$:
                                  11512 ;	..\COMMON\easyax5043.c:2284: if (axradio_phy_lbt_retries) {
      002DF8 90r00r00         [24]11513 	mov	dptr,#_axradio_phy_lbt_retries
      002DFB E4               [12]11514 	clr	a
      002DFC 93               [24]11515 	movc	a,@a+dptr
      002DFD 60 78            [24]11516 	jz	00197$
                                  11517 ;	..\COMMON\easyax5043.c:2285: switch (axradio_mode) {
      002DFF AF*00            [24]11518 	mov	r7,_axradio_mode
      002E01 BF 10 02         [24]11519 	cjne	r7,#0x10,00350$
      002E04 80 21            [24]11520 	sjmp	00187$
      002E06                      11521 00350$:
      002E06 BF 11 02         [24]11522 	cjne	r7,#0x11,00351$
      002E09 80 1C            [24]11523 	sjmp	00187$
      002E0B                      11524 00351$:
      002E0B BF 12 02         [24]11525 	cjne	r7,#0x12,00352$
      002E0E 80 17            [24]11526 	sjmp	00187$
      002E10                      11527 00352$:
      002E10 BF 13 02         [24]11528 	cjne	r7,#0x13,00353$
      002E13 80 12            [24]11529 	sjmp	00187$
      002E15                      11530 00353$:
      002E15 BF 20 02         [24]11531 	cjne	r7,#0x20,00354$
      002E18 80 0D            [24]11532 	sjmp	00187$
      002E1A                      11533 00354$:
      002E1A BF 21 02         [24]11534 	cjne	r7,#0x21,00355$
      002E1D 80 08            [24]11535 	sjmp	00187$
      002E1F                      11536 00355$:
      002E1F BF 22 02         [24]11537 	cjne	r7,#0x22,00356$
      002E22 80 03            [24]11538 	sjmp	00187$
      002E24                      11539 00356$:
      002E24 BF 23 50         [24]11540 	cjne	r7,#0x23,00197$
                                  11541 ;	..\COMMON\easyax5043.c:2293: case AXRADIO_MODE_ACK_RECEIVE:
      002E27                      11542 00187$:
                                  11543 ;	..\COMMON\easyax5043.c:2294: ax5043_off_xtal();
      002E27 12r0Dr17         [24]11544 	lcall	_ax5043_off_xtal
                                  11545 ;	..\COMMON\easyax5043.c:2295: ax5043_init_registers_rx();
      002E2A 12r00rE9         [24]11546 	lcall	_ax5043_init_registers_rx
                                  11547 ;	..\COMMON\easyax5043.c:2296: radio_write8(AX5043_REG_RSSIREFERENCE, axradio_phy_rssireference);
      002E2D 90r00r00         [24]11548 	mov	dptr,#_axradio_phy_rssireference
      002E30 E4               [12]11549 	clr	a
      002E31 93               [24]11550 	movc	a,@a+dptr
      002E32 90 42 2C         [24]11551 	mov	dptr,#0x422c
      002E35 F0               [24]11552 	movx	@dptr,a
                                  11553 ;	..\COMMON\easyax5043.c:2297: radio_write8(AX5043_REG_PWRMODE, AX5043_PWRSTATE_FULL_RX);
      002E36 90 40 02         [24]11554 	mov	dptr,#0x4002
      002E39 74 09            [12]11555 	mov	a,#0x09
      002E3B F0               [24]11556 	movx	@dptr,a
                                  11557 ;	..\COMMON\easyax5043.c:2298: axradio_ack_count = axradio_phy_lbt_retries;
      002E3C 90r00r00         [24]11558 	mov	dptr,#_axradio_phy_lbt_retries
      002E3F E4               [12]11559 	clr	a
      002E40 93               [24]11560 	movc	a,@a+dptr
      002E41 90r00r0A         [24]11561 	mov	dptr,#_axradio_ack_count
      002E44 F0               [24]11562 	movx	@dptr,a
                                  11563 ;	..\COMMON\easyax5043.c:2299: axradio_syncstate = syncstate_lbt;
      002E45 90r00r00         [24]11564 	mov	dptr,#_axradio_syncstate
      002E48 74 01            [12]11565 	mov	a,#0x01
      002E4A F0               [24]11566 	movx	@dptr,a
                                  11567 ;	..\COMMON\easyax5043.c:2300: wtimer_remove(&axradio_timer);
      002E4B 90r02r8A         [24]11568 	mov	dptr,#_axradio_timer
      002E4E 12r00r00         [24]11569 	lcall	_wtimer_remove
                                  11570 ;	..\COMMON\easyax5043.c:2301: axradio_timer.time = axradio_phy_cs_period;
      002E51 90r00r00         [24]11571 	mov	dptr,#_axradio_phy_cs_period
      002E54 E4               [12]11572 	clr	a
      002E55 93               [24]11573 	movc	a,@a+dptr
      002E56 FE               [12]11574 	mov	r6,a
      002E57 74 01            [12]11575 	mov	a,#0x01
      002E59 93               [24]11576 	movc	a,@a+dptr
      002E5A FF               [12]11577 	mov	r7,a
      002E5B 7D 00            [12]11578 	mov	r5,#0x00
      002E5D 7C 00            [12]11579 	mov	r4,#0x00
      002E5F 90r02r8E         [24]11580 	mov	dptr,#(_axradio_timer + 0x0004)
      002E62 EE               [12]11581 	mov	a,r6
      002E63 F0               [24]11582 	movx	@dptr,a
      002E64 EF               [12]11583 	mov	a,r7
      002E65 A3               [24]11584 	inc	dptr
      002E66 F0               [24]11585 	movx	@dptr,a
      002E67 ED               [12]11586 	mov	a,r5
      002E68 A3               [24]11587 	inc	dptr
      002E69 F0               [24]11588 	movx	@dptr,a
      002E6A EC               [12]11589 	mov	a,r4
      002E6B A3               [24]11590 	inc	dptr
      002E6C F0               [24]11591 	movx	@dptr,a
                                  11592 ;	..\COMMON\easyax5043.c:2302: wtimer0_addrelative(&axradio_timer);
      002E6D 90r02r8A         [24]11593 	mov	dptr,#_axradio_timer
      002E70 12r00r00         [24]11594 	lcall	_wtimer0_addrelative
                                  11595 ;	..\COMMON\easyax5043.c:2303: return AXRADIO_ERR_NOERROR;
      002E73 75 82 00         [24]11596 	mov	dpl,#0x00
                                  11597 ;	..\COMMON\easyax5043.c:2307: }
      002E76 22               [24]11598 	ret
      002E77                      11599 00197$:
                                  11600 ;	..\COMMON\easyax5043.c:2309: axradio_syncstate = syncstate_asynctx;
      002E77 90r00r00         [24]11601 	mov	dptr,#_axradio_syncstate
      002E7A 74 02            [12]11602 	mov	a,#0x02
      002E7C F0               [24]11603 	movx	@dptr,a
                                  11604 ;	..\COMMON\easyax5043.c:2310: ax5043_prepare_tx();
      002E7D 12r0CrE5         [24]11605 	lcall	_ax5043_prepare_tx
                                  11606 ;	..\COMMON\easyax5043.c:2311: return AXRADIO_ERR_NOERROR;
      002E80 75 82 00         [24]11607 	mov	dpl,#0x00
                                  11608 ;	..\COMMON\easyax5043.c:2313: default:
      002E83 22               [24]11609 	ret
      002E84                      11610 00198$:
                                  11611 ;	..\COMMON\easyax5043.c:2314: return AXRADIO_ERR_NOTSUPPORTED;
      002E84 75 82 01         [24]11612 	mov	dpl,#0x01
                                  11613 ;	..\COMMON\easyax5043.c:2315: }
      002E87 22               [24]11614 	ret
                                  11615 ;------------------------------------------------------------
                                  11616 ;Allocation info for local variables in function 'axradio_set_paramsets'
                                  11617 ;------------------------------------------------------------
                                  11618 ;val                       Allocated to registers r7 
                                  11619 ;------------------------------------------------------------
                                  11620 ;	..\COMMON\easyax5043.c:2318: static __reentrantb uint8_t axradio_set_paramsets(uint8_t val) __reentrant
                                  11621 ;	-----------------------------------------
                                  11622 ;	 function axradio_set_paramsets
                                  11623 ;	-----------------------------------------
      002E88                      11624 _axradio_set_paramsets:
      002E88 AF 82            [24]11625 	mov	r7,dpl
                                  11626 ;	..\COMMON\easyax5043.c:2320: if (!AXRADIO_MODE_IS_STREAM_RECEIVE(axradio_mode))
      002E8A 74 F8            [12]11627 	mov	a,#0xf8
      002E8C 55*00            [12]11628 	anl	a,_axradio_mode
      002E8E FE               [12]11629 	mov	r6,a
      002E8F BE 28 02         [24]11630 	cjne	r6,#0x28,00111$
      002E92 80 04            [24]11631 	sjmp	00103$
      002E94                      11632 00111$:
                                  11633 ;	..\COMMON\easyax5043.c:2321: return AXRADIO_ERR_NOTSUPPORTED;
      002E94 75 82 01         [24]11634 	mov	dpl,#0x01
                                  11635 ;	..\COMMON\easyax5043.c:2322: radio_write8(AX5043_REG_RXPARAMSETS, val);
      002E97 22               [24]11636 	ret
      002E98                      11637 00103$:
      002E98 90 41 17         [24]11638 	mov	dptr,#0x4117
      002E9B EF               [12]11639 	mov	a,r7
      002E9C F0               [24]11640 	movx	@dptr,a
                                  11641 ;	..\COMMON\easyax5043.c:2323: return AXRADIO_ERR_NOERROR;
      002E9D 75 82 00         [24]11642 	mov	dpl,#0x00
      002EA0 22               [24]11643 	ret
                                  11644 ;------------------------------------------------------------
                                  11645 ;Allocation info for local variables in function 'axradio_agc_freeze'
                                  11646 ;------------------------------------------------------------
                                  11647 ;	..\COMMON\easyax5043.c:2326: uint8_t axradio_agc_freeze(void)
                                  11648 ;	-----------------------------------------
                                  11649 ;	 function axradio_agc_freeze
                                  11650 ;	-----------------------------------------
      002EA1                      11651 _axradio_agc_freeze:
                                  11652 ;	..\COMMON\easyax5043.c:2328: return axradio_set_paramsets(0xff);
      002EA1 75 82 FF         [24]11653 	mov	dpl,#0xff
      002EA4 02r2Er88         [24]11654 	ljmp	_axradio_set_paramsets
                                  11655 ;------------------------------------------------------------
                                  11656 ;Allocation info for local variables in function 'axradio_agc_thaw'
                                  11657 ;------------------------------------------------------------
                                  11658 ;	..\COMMON\easyax5043.c:2331: uint8_t axradio_agc_thaw(void)
                                  11659 ;	-----------------------------------------
                                  11660 ;	 function axradio_agc_thaw
                                  11661 ;	-----------------------------------------
      002EA7                      11662 _axradio_agc_thaw:
                                  11663 ;	..\COMMON\easyax5043.c:2333: return axradio_set_paramsets(0x00);
      002EA7 75 82 00         [24]11664 	mov	dpl,#0x00
      002EAA 02r2Er88         [24]11665 	ljmp	_axradio_set_paramsets
                                  11666 ;------------------------------------------------------------
                                  11667 ;Allocation info for local variables in function 'axradio_wait_n_lposccycles'
                                  11668 ;------------------------------------------------------------
                                  11669 ;n                         Allocated to registers r7 
                                  11670 ;cnt                       Allocated to registers r6 
                                  11671 ;------------------------------------------------------------
                                  11672 ;	..\COMMON\easyax5043.c:2336: void axradio_wait_n_lposccycles(uint8_t n)
                                  11673 ;	-----------------------------------------
                                  11674 ;	 function axradio_wait_n_lposccycles
                                  11675 ;	-----------------------------------------
      002EAD                      11676 _axradio_wait_n_lposccycles:
      002EAD AF 82            [24]11677 	mov	r7,dpl
                                  11678 ;	C:/Program Files (x86)/ON Semiconductor/AXSDB/libmf/include/libmftypes.h:373: EA = 0;
      002EAF C2 AF            [12]11679 	clr	_EA
                                  11680 ;	..\COMMON\easyax5043.c:2340: radio_write8(AX5043_REG_IRQMASK1, radio_read8(AX5043_REG_IRQMASK1) | 0x04); // LPOSC irq
      002EB1 90 40 06         [24]11681 	mov	dptr,#0x4006
      002EB4 E0               [24]11682 	movx	a,@dptr
      002EB5 44 04            [12]11683 	orl	a,#0x04
      002EB7 F0               [24]11684 	movx	@dptr,a
      002EB8 7E 00            [12]11685 	mov	r6,#0x00
      002EBA                      11686 00114$:
                                  11687 ;	..\COMMON\easyax5043.c:2343: if( radio_read8(AX5043_REG_IRQREQUEST1) & 0x04 )
      002EBA 90 40 0C         [24]11688 	mov	dptr,#0x400c
      002EBD E0               [24]11689 	movx	a,@dptr
      002EBE FD               [12]11690 	mov	r5,a
      002EBF 30 E2 05         [24]11691 	jnb	acc.2,00105$
                                  11692 ;	..\COMMON\easyax5043.c:2345: cnt++;
      002EC2 0E               [12]11693 	inc	r6
                                  11694 ;	..\COMMON\easyax5043.c:2346: radio_read8(AX5043_REG_LPOSCSTATUS); // clear irq request
      002EC3 90 43 11         [24]11695 	mov	dptr,#0x4311
      002EC6 E0               [24]11696 	movx	a,@dptr
      002EC7                      11697 00105$:
                                  11698 ;	..\COMMON\easyax5043.c:2349: if(cnt > n)
      002EC7 C3               [12]11699 	clr	c
      002EC8 EF               [12]11700 	mov	a,r7
      002EC9 9E               [12]11701 	subb	a,r6
      002ECA 40 05            [24]11702 	jc	00109$
                                  11703 ;	..\COMMON\easyax5043.c:2351: enter_standby();
      002ECC 12r00r00         [24]11704 	lcall	_enter_standby
                                  11705 ;	..\COMMON\easyax5043.c:2354: radio_write8(AX5043_REG_IRQMASK1, (radio_read8(AX5043_REG_IRQMASK1) & ~0x04)); // disable LPOSC irq
      002ECF 80 E9            [24]11706 	sjmp	00114$
      002ED1                      11707 00109$:
      002ED1 90 40 06         [24]11708 	mov	dptr,#0x4006
      002ED4 E0               [24]11709 	movx	a,@dptr
      002ED5 54 FB            [12]11710 	anl	a,#0xfb
      002ED7 F0               [24]11711 	movx	@dptr,a
                                  11712 ;	C:/Program Files (x86)/ON Semiconductor/AXSDB/libmf/include/libmftypes.h:368: EA = 1;
      002ED8 D2 AF            [12]11713 	setb	_EA
                                  11714 ;	..\COMMON\easyax5043.c:2355: __enable_irq();
      002EDA 22               [24]11715 	ret
                                  11716 ;------------------------------------------------------------
                                  11717 ;Allocation info for local variables in function 'axradio_calibrate_lposc'
                                  11718 ;------------------------------------------------------------
                                  11719 ;x                         Allocated to registers r7 
                                  11720 ;------------------------------------------------------------
                                  11721 ;	..\COMMON\easyax5043.c:2358: void axradio_calibrate_lposc(void)
                                  11722 ;	-----------------------------------------
                                  11723 ;	 function axradio_calibrate_lposc
                                  11724 ;	-----------------------------------------
      002EDB                      11725 _axradio_calibrate_lposc:
                                  11726 ;	..\COMMON\easyax5043.c:2360: radio_write8(AX5043_REG_LPOSCFREQ1, 0x00);
      002EDB 90 43 16         [24]11727 	mov	dptr,#0x4316
      002EDE E4               [12]11728 	clr	a
      002EDF F0               [24]11729 	movx	@dptr,a
                                  11730 ;	..\COMMON\easyax5043.c:2361: radio_write8(AX5043_REG_LPOSCFREQ0, 0x00);
      002EE0 90 43 17         [24]11731 	mov	dptr,#0x4317
      002EE3 F0               [24]11732 	movx	@dptr,a
                                  11733 ;	..\COMMON\easyax5043.c:2363: radio_write8(AX5043_REG_LPOSCREF1, (((axradio_fxtal/640)>>8) & 0xFF));
      002EE4 90r00r00         [24]11734 	mov	dptr,#_axradio_fxtal
                                  11735 ;	genFromRTrack removed	clr	a
      002EE7 93               [24]11736 	movc	a,@a+dptr
      002EE8 FC               [12]11737 	mov	r4,a
      002EE9 74 01            [12]11738 	mov	a,#0x01
      002EEB 93               [24]11739 	movc	a,@a+dptr
      002EEC FD               [12]11740 	mov	r5,a
      002EED 74 02            [12]11741 	mov	a,#0x02
      002EEF 93               [24]11742 	movc	a,@a+dptr
      002EF0 FE               [12]11743 	mov	r6,a
      002EF1 74 03            [12]11744 	mov	a,#0x03
      002EF3 93               [24]11745 	movc	a,@a+dptr
      002EF4 FF               [12]11746 	mov	r7,a
      002EF5 75*00 80         [24]11747 	mov	__divulong_PARM_2,#0x80
      002EF8 75*01 02         [24]11748 	mov	(__divulong_PARM_2 + 1),#0x02
      002EFB E4               [12]11749 	clr	a
      002EFC F5*02            [12]11750 	mov	(__divulong_PARM_2 + 2),a
      002EFE F5*03            [12]11751 	mov	(__divulong_PARM_2 + 3),a
      002F00 8C 82            [24]11752 	mov	dpl,r4
      002F02 8D 83            [24]11753 	mov	dph,r5
      002F04 8E F0            [24]11754 	mov	b,r6
      002F06 EF               [12]11755 	mov	a,r7
      002F07 12r00r00         [24]11756 	lcall	__divulong
      002F0A AC 82            [24]11757 	mov	r4,dpl
      002F0C AD 83            [24]11758 	mov	r5,dph
      002F0E 8D 03            [24]11759 	mov	ar3,r5
      002F10 90 43 14         [24]11760 	mov	dptr,#0x4314
      002F13 EB               [12]11761 	mov	a,r3
      002F14 F0               [24]11762 	movx	@dptr,a
                                  11763 ;	..\COMMON\easyax5043.c:2364: radio_write8(AX5043_REG_LPOSCREF0, (((axradio_fxtal/640)>>0) & 0xFF));
      002F15 90 43 15         [24]11764 	mov	dptr,#0x4315
      002F18 EC               [12]11765 	mov	a,r4
      002F19 F0               [24]11766 	movx	@dptr,a
                                  11767 ;	..\COMMON\easyax5043.c:2365: radio_write8(AX5043_REG_PWRMODE, AX5043_PWRSTATE_SYNTH_RX);
      002F1A 90 40 02         [24]11768 	mov	dptr,#0x4002
      002F1D 74 08            [12]11769 	mov	a,#0x08
      002F1F F0               [24]11770 	movx	@dptr,a
                                  11771 ;	..\COMMON\easyax5043.c:2366: radio_write8(AX5043_REG_LPOSCKFILT1, ((axradio_lposckfiltmax >> (8 + 1)) & 0xFF)); // kfiltmax >> 1
      002F20 90r00r00         [24]11772 	mov	dptr,#_axradio_lposckfiltmax
      002F23 E4               [12]11773 	clr	a
      002F24 93               [24]11774 	movc	a,@a+dptr
      002F25 FE               [12]11775 	mov	r6,a
      002F26 74 01            [12]11776 	mov	a,#0x01
      002F28 93               [24]11777 	movc	a,@a+dptr
      002F29 FF               [12]11778 	mov	r7,a
      002F2A C3               [12]11779 	clr	c
      002F2B 13               [12]11780 	rrc	a
      002F2C FC               [12]11781 	mov	r4,a
      002F2D 90 43 12         [24]11782 	mov	dptr,#0x4312
      002F30 EC               [12]11783 	mov	a,r4
      002F31 F0               [24]11784 	movx	@dptr,a
                                  11785 ;	..\COMMON\easyax5043.c:2367: radio_write8(AX5043_REG_LPOSCKFILT0, ((axradio_lposckfiltmax >> 1) & 0xFF));
      002F32 EF               [12]11786 	mov	a,r7
      002F33 C3               [12]11787 	clr	c
      002F34 13               [12]11788 	rrc	a
      002F35 CE               [12]11789 	xch	a,r6
      002F36 13               [12]11790 	rrc	a
      002F37 CE               [12]11791 	xch	a,r6
      002F38 90 43 13         [24]11792 	mov	dptr,#0x4313
      002F3B EE               [12]11793 	mov	a,r6
      002F3C F0               [24]11794 	movx	@dptr,a
                                  11795 ;	..\COMMON\easyax5043.c:2368: axradio_wait_for_xtal();
      002F3D 12r0Dr2E         [24]11796 	lcall	_axradio_wait_for_xtal
                                  11797 ;	..\COMMON\easyax5043.c:2370: radio_write8(AX5043_REG_LPOSCCONFIG, 0x25); // LPOSC ENA, slow mode; calibrate on rising edge, irq on rising edge
      002F40 90 43 10         [24]11798 	mov	dptr,#0x4310
      002F43 74 25            [12]11799 	mov	a,#0x25
      002F45 F0               [24]11800 	movx	@dptr,a
                                  11801 ;	..\COMMON\easyax5043.c:2371: axradio_wait_n_lposccycles(6);
      002F46 75 82 06         [24]11802 	mov	dpl,#0x06
      002F49 12r2ErAD         [24]11803 	lcall	_axradio_wait_n_lposccycles
                                  11804 ;	..\COMMON\easyax5043.c:2388: radio_write8(AX5043_REG_LPOSCKFILT1, ((axradio_lposckfiltmax >> (8 + 2)) & 0xFF)); // kfiltmax >> 2
      002F4C 90r00r00         [24]11805 	mov	dptr,#_axradio_lposckfiltmax
      002F4F E4               [12]11806 	clr	a
      002F50 93               [24]11807 	movc	a,@a+dptr
      002F51 FE               [12]11808 	mov	r6,a
      002F52 74 01            [12]11809 	mov	a,#0x01
      002F54 93               [24]11810 	movc	a,@a+dptr
      002F55 FF               [12]11811 	mov	r7,a
      002F56 03               [12]11812 	rr	a
      002F57 03               [12]11813 	rr	a
      002F58 54 3F            [12]11814 	anl	a,#0x3f
      002F5A FC               [12]11815 	mov	r4,a
      002F5B 90 43 12         [24]11816 	mov	dptr,#0x4312
      002F5E EC               [12]11817 	mov	a,r4
      002F5F F0               [24]11818 	movx	@dptr,a
                                  11819 ;	..\COMMON\easyax5043.c:2389: radio_write8(AX5043_REG_LPOSCKFILT0, ((axradio_lposckfiltmax >> 2) & 0xFF));
      002F60 EF               [12]11820 	mov	a,r7
      002F61 C3               [12]11821 	clr	c
      002F62 13               [12]11822 	rrc	a
      002F63 CE               [12]11823 	xch	a,r6
      002F64 13               [12]11824 	rrc	a
      002F65 CE               [12]11825 	xch	a,r6
      002F66 C3               [12]11826 	clr	c
      002F67 13               [12]11827 	rrc	a
      002F68 CE               [12]11828 	xch	a,r6
      002F69 13               [12]11829 	rrc	a
      002F6A CE               [12]11830 	xch	a,r6
      002F6B 90 43 13         [24]11831 	mov	dptr,#0x4313
      002F6E EE               [12]11832 	mov	a,r6
      002F6F F0               [24]11833 	movx	@dptr,a
                                  11834 ;	..\COMMON\easyax5043.c:2390: axradio_wait_n_lposccycles(5);
      002F70 75 82 05         [24]11835 	mov	dpl,#0x05
      002F73 12r2ErAD         [24]11836 	lcall	_axradio_wait_n_lposccycles
                                  11837 ;	..\COMMON\easyax5043.c:2392: radio_write8(AX5043_REG_LPOSCCONFIG, 0x00);
      002F76 90 43 10         [24]11838 	mov	dptr,#0x4310
      002F79 E4               [12]11839 	clr	a
      002F7A F0               [24]11840 	movx	@dptr,a
                                  11841 ;	..\COMMON\easyax5043.c:2393: radio_write8(AX5043_REG_PWRMODE, AX5043_PWRSTATE_POWERDOWN);
      002F7B 90 40 02         [24]11842 	mov	dptr,#0x4002
      002F7E F0               [24]11843 	movx	@dptr,a
                                  11844 ;	..\COMMON\easyax5043.c:2396: uint8_t x = radio_read8(AX5043_REG_LPOSCFREQ1);
      002F7F 90 43 16         [24]11845 	mov	dptr,#0x4316
      002F82 E0               [24]11846 	movx	a,@dptr
      002F83 FF               [12]11847 	mov	r7,a
                                  11848 ;	..\COMMON\easyax5043.c:2397: if( x == 0x7f || x == 0x80 )
      002F84 BF 7F 02         [24]11849 	cjne	r7,#0x7f,00151$
      002F87 80 03            [24]11850 	sjmp	00137$
      002F89                      11851 00151$:
      002F89 BF 80 09         [24]11852 	cjne	r7,#0x80,00146$
                                  11853 ;	..\COMMON\easyax5043.c:2399: radio_write8(AX5043_REG_LPOSCFREQ1, 0);
      002F8C                      11854 00137$:
      002F8C 90 43 16         [24]11855 	mov	dptr,#0x4316
      002F8F E4               [12]11856 	clr	a
      002F90 F0               [24]11857 	movx	@dptr,a
                                  11858 ;	..\COMMON\easyax5043.c:2400: radio_write8(AX5043_REG_LPOSCFREQ0, 0);
      002F91 90 43 17         [24]11859 	mov	dptr,#0x4317
      002F94 F0               [24]11860 	movx	@dptr,a
      002F95                      11861 00146$:
      002F95 22               [24]11862 	ret
                                  11863 ;------------------------------------------------------------
                                  11864 ;Allocation info for local variables in function 'axradio_commsleepexit'
                                  11865 ;------------------------------------------------------------
                                  11866 ;	..\COMMON\easyax5043.c:2408: __reentrantb void axradio_commsleepexit(void) __reentrant
                                  11867 ;	-----------------------------------------
                                  11868 ;	 function axradio_commsleepexit
                                  11869 ;	-----------------------------------------
      002F96                      11870 _axradio_commsleepexit:
                                  11871 ;	..\COMMON\easyax5043.c:2410: ax5043_commsleepexit();
      002F96 02r00r00         [24]11872 	ljmp	_ax5043_commsleepexit
                                  11873 ;------------------------------------------------------------
                                  11874 ;Allocation info for local variables in function 'axradio_check_fourfsk_modulation'
                                  11875 ;------------------------------------------------------------
                                  11876 ;modulation                Allocated to registers r7 
                                  11877 ;------------------------------------------------------------
                                  11878 ;	..\COMMON\easyax5043.c:2422: uint8_t axradio_check_fourfsk_modulation(void)
                                  11879 ;	-----------------------------------------
                                  11880 ;	 function axradio_check_fourfsk_modulation
                                  11881 ;	-----------------------------------------
      002F99                      11882 _axradio_check_fourfsk_modulation:
                                  11883 ;	..\COMMON\easyax5043.c:2424: uint8_t modulation = radio_read8(AX5043_REG_MODULATION);
      002F99 90 40 10         [24]11884 	mov	dptr,#0x4010
      002F9C E0               [24]11885 	movx	a,@dptr
      002F9D FF               [12]11886 	mov	r7,a
                                  11887 ;	..\COMMON\easyax5043.c:2425: if((modulation & 0x0F) == 9)
      002F9E 53 07 0F         [24]11888 	anl	ar7,#0x0f
      002FA1 BF 09 04         [24]11889 	cjne	r7,#0x09,00102$
                                  11890 ;	..\COMMON\easyax5043.c:2426: return 1;
      002FA4 75 82 01         [24]11891 	mov	dpl,#0x01
      002FA7 22               [24]11892 	ret
      002FA8                      11893 00102$:
                                  11894 ;	..\COMMON\easyax5043.c:2428: return 0;
      002FA8 75 82 00         [24]11895 	mov	dpl,#0x00
      002FAB 22               [24]11896 	ret
                                  11897 ;------------------------------------------------------------
                                  11898 ;Allocation info for local variables in function 'axradio_get_transmitter_pa_type'
                                  11899 ;------------------------------------------------------------
                                  11900 ;	..\COMMON\easyax5043.c:2431: uint8_t axradio_get_transmitter_pa_type(void)
                                  11901 ;	-----------------------------------------
                                  11902 ;	 function axradio_get_transmitter_pa_type
                                  11903 ;	-----------------------------------------
      002FAC                      11904 _axradio_get_transmitter_pa_type:
                                  11905 ;	..\COMMON\easyax5043.c:2433: return (radio_read8(AX5043_REG_MODCFGA) & 0x03);
      002FAC 90 41 64         [24]11906 	mov	dptr,#0x4164
      002FAF E0               [24]11907 	movx	a,@dptr
      002FB0 FF               [12]11908 	mov	r7,a
      002FB1 74 03            [12]11909 	mov	a,#0x03
      002FB3 5F               [12]11910 	anl	a,r7
      002FB4 F5 82            [12]11911 	mov	dpl,a
      002FB6 22               [24]11912 	ret
                                  11913 	.area CSEG    (CODE)
                                  11914 	.area CONST   (CODE)
                                  11915 	.area XINIT   (CODE)
      000000                      11916 __xinit__f30_saved:
      000000 3F                   11917 	.db #0x3f	; 63
      000001                      11918 __xinit__f31_saved:
      000001 F0                   11919 	.db #0xf0	; 240
      000002                      11920 __xinit__f32_saved:
      000002 3F                   11921 	.db #0x3f	; 63
      000003                      11922 __xinit__f33_saved:
      000003 F0                   11923 	.db #0xf0	; 240
      000004                      11924 __xinit__radio_lcd_display:
      000004 66 6F 75 6E 64 20 41 11925 	.ascii "found AX5043"
             58 35 30 34 33
      000010 0A                   11926 	.db 0x0a
      000011 00                   11927 	.db 0x00
      000012                      11928 __xinit__radio_not_found_lcd_display:
      000012 4E 6F 20 52 61 64 69 11929 	.ascii "No Radio"
             6F
      00001A 0A                   11930 	.db 0x0a
      00001B 63 68 69 70 20 66 6F 11931 	.ascii "chip found"
             75 6E 64
      000025 00                   11932 	.db 0x00
                                  11933 	.area CABS    (ABS,CODE)
