                                      1 ;--------------------------------------------------------
                                      2 ; File Created by SDCC : free open source ANSI-C Compiler
                                      3 ; Version 3.6.0 #9615 (MINGW64)
                                      4 ;--------------------------------------------------------
                                      5 	.module misc
                                      6 	.optsdcc -mmcs51 --model-small
                                      7 	
                                      8 ;--------------------------------------------------------
                                      9 ; Public variables in this module
                                     10 ;--------------------------------------------------------
                                     11 	.globl _wtimer_remove
                                     12 	.globl _wtimer1_addrelative
                                     13 	.globl _wtimer_runcallbacks
                                     14 	.globl _wtimer_idle
                                     15 	.globl _PORTC_7
                                     16 	.globl _PORTC_6
                                     17 	.globl _PORTC_5
                                     18 	.globl _PORTC_4
                                     19 	.globl _PORTC_3
                                     20 	.globl _PORTC_2
                                     21 	.globl _PORTC_1
                                     22 	.globl _PORTC_0
                                     23 	.globl _PORTB_7
                                     24 	.globl _PORTB_6
                                     25 	.globl _PORTB_5
                                     26 	.globl _PORTB_4
                                     27 	.globl _PORTB_3
                                     28 	.globl _PORTB_2
                                     29 	.globl _PORTB_1
                                     30 	.globl _PORTB_0
                                     31 	.globl _PORTA_7
                                     32 	.globl _PORTA_6
                                     33 	.globl _PORTA_5
                                     34 	.globl _PORTA_4
                                     35 	.globl _PORTA_3
                                     36 	.globl _PORTA_2
                                     37 	.globl _PORTA_1
                                     38 	.globl _PORTA_0
                                     39 	.globl _PINC_7
                                     40 	.globl _PINC_6
                                     41 	.globl _PINC_5
                                     42 	.globl _PINC_4
                                     43 	.globl _PINC_3
                                     44 	.globl _PINC_2
                                     45 	.globl _PINC_1
                                     46 	.globl _PINC_0
                                     47 	.globl _PINB_7
                                     48 	.globl _PINB_6
                                     49 	.globl _PINB_5
                                     50 	.globl _PINB_4
                                     51 	.globl _PINB_3
                                     52 	.globl _PINB_2
                                     53 	.globl _PINB_1
                                     54 	.globl _PINB_0
                                     55 	.globl _PINA_7
                                     56 	.globl _PINA_6
                                     57 	.globl _PINA_5
                                     58 	.globl _PINA_4
                                     59 	.globl _PINA_3
                                     60 	.globl _PINA_2
                                     61 	.globl _PINA_1
                                     62 	.globl _PINA_0
                                     63 	.globl _CY
                                     64 	.globl _AC
                                     65 	.globl _F0
                                     66 	.globl _RS1
                                     67 	.globl _RS0
                                     68 	.globl _OV
                                     69 	.globl _F1
                                     70 	.globl _P
                                     71 	.globl _IP_7
                                     72 	.globl _IP_6
                                     73 	.globl _IP_5
                                     74 	.globl _IP_4
                                     75 	.globl _IP_3
                                     76 	.globl _IP_2
                                     77 	.globl _IP_1
                                     78 	.globl _IP_0
                                     79 	.globl _EA
                                     80 	.globl _IE_7
                                     81 	.globl _IE_6
                                     82 	.globl _IE_5
                                     83 	.globl _IE_4
                                     84 	.globl _IE_3
                                     85 	.globl _IE_2
                                     86 	.globl _IE_1
                                     87 	.globl _IE_0
                                     88 	.globl _EIP_7
                                     89 	.globl _EIP_6
                                     90 	.globl _EIP_5
                                     91 	.globl _EIP_4
                                     92 	.globl _EIP_3
                                     93 	.globl _EIP_2
                                     94 	.globl _EIP_1
                                     95 	.globl _EIP_0
                                     96 	.globl _EIE_7
                                     97 	.globl _EIE_6
                                     98 	.globl _EIE_5
                                     99 	.globl _EIE_4
                                    100 	.globl _EIE_3
                                    101 	.globl _EIE_2
                                    102 	.globl _EIE_1
                                    103 	.globl _EIE_0
                                    104 	.globl _E2IP_7
                                    105 	.globl _E2IP_6
                                    106 	.globl _E2IP_5
                                    107 	.globl _E2IP_4
                                    108 	.globl _E2IP_3
                                    109 	.globl _E2IP_2
                                    110 	.globl _E2IP_1
                                    111 	.globl _E2IP_0
                                    112 	.globl _E2IE_7
                                    113 	.globl _E2IE_6
                                    114 	.globl _E2IE_5
                                    115 	.globl _E2IE_4
                                    116 	.globl _E2IE_3
                                    117 	.globl _E2IE_2
                                    118 	.globl _E2IE_1
                                    119 	.globl _E2IE_0
                                    120 	.globl _B_7
                                    121 	.globl _B_6
                                    122 	.globl _B_5
                                    123 	.globl _B_4
                                    124 	.globl _B_3
                                    125 	.globl _B_2
                                    126 	.globl _B_1
                                    127 	.globl _B_0
                                    128 	.globl _ACC_7
                                    129 	.globl _ACC_6
                                    130 	.globl _ACC_5
                                    131 	.globl _ACC_4
                                    132 	.globl _ACC_3
                                    133 	.globl _ACC_2
                                    134 	.globl _ACC_1
                                    135 	.globl _ACC_0
                                    136 	.globl _WTSTAT
                                    137 	.globl _WTIRQEN
                                    138 	.globl _WTEVTD
                                    139 	.globl _WTEVTD1
                                    140 	.globl _WTEVTD0
                                    141 	.globl _WTEVTC
                                    142 	.globl _WTEVTC1
                                    143 	.globl _WTEVTC0
                                    144 	.globl _WTEVTB
                                    145 	.globl _WTEVTB1
                                    146 	.globl _WTEVTB0
                                    147 	.globl _WTEVTA
                                    148 	.globl _WTEVTA1
                                    149 	.globl _WTEVTA0
                                    150 	.globl _WTCNTR1
                                    151 	.globl _WTCNTB
                                    152 	.globl _WTCNTB1
                                    153 	.globl _WTCNTB0
                                    154 	.globl _WTCNTA
                                    155 	.globl _WTCNTA1
                                    156 	.globl _WTCNTA0
                                    157 	.globl _WTCFGB
                                    158 	.globl _WTCFGA
                                    159 	.globl _WDTRESET
                                    160 	.globl _WDTCFG
                                    161 	.globl _U1STATUS
                                    162 	.globl _U1SHREG
                                    163 	.globl _U1MODE
                                    164 	.globl _U1CTRL
                                    165 	.globl _U0STATUS
                                    166 	.globl _U0SHREG
                                    167 	.globl _U0MODE
                                    168 	.globl _U0CTRL
                                    169 	.globl _T2STATUS
                                    170 	.globl _T2PERIOD
                                    171 	.globl _T2PERIOD1
                                    172 	.globl _T2PERIOD0
                                    173 	.globl _T2MODE
                                    174 	.globl _T2CNT
                                    175 	.globl _T2CNT1
                                    176 	.globl _T2CNT0
                                    177 	.globl _T2CLKSRC
                                    178 	.globl _T1STATUS
                                    179 	.globl _T1PERIOD
                                    180 	.globl _T1PERIOD1
                                    181 	.globl _T1PERIOD0
                                    182 	.globl _T1MODE
                                    183 	.globl _T1CNT
                                    184 	.globl _T1CNT1
                                    185 	.globl _T1CNT0
                                    186 	.globl _T1CLKSRC
                                    187 	.globl _T0STATUS
                                    188 	.globl _T0PERIOD
                                    189 	.globl _T0PERIOD1
                                    190 	.globl _T0PERIOD0
                                    191 	.globl _T0MODE
                                    192 	.globl _T0CNT
                                    193 	.globl _T0CNT1
                                    194 	.globl _T0CNT0
                                    195 	.globl _T0CLKSRC
                                    196 	.globl _SPSTATUS
                                    197 	.globl _SPSHREG
                                    198 	.globl _SPMODE
                                    199 	.globl _SPCLKSRC
                                    200 	.globl _RADIOSTAT
                                    201 	.globl _RADIOSTAT1
                                    202 	.globl _RADIOSTAT0
                                    203 	.globl _RADIODATA
                                    204 	.globl _RADIODATA3
                                    205 	.globl _RADIODATA2
                                    206 	.globl _RADIODATA1
                                    207 	.globl _RADIODATA0
                                    208 	.globl _RADIOADDR
                                    209 	.globl _RADIOADDR1
                                    210 	.globl _RADIOADDR0
                                    211 	.globl _RADIOACC
                                    212 	.globl _OC1STATUS
                                    213 	.globl _OC1PIN
                                    214 	.globl _OC1MODE
                                    215 	.globl _OC1COMP
                                    216 	.globl _OC1COMP1
                                    217 	.globl _OC1COMP0
                                    218 	.globl _OC0STATUS
                                    219 	.globl _OC0PIN
                                    220 	.globl _OC0MODE
                                    221 	.globl _OC0COMP
                                    222 	.globl _OC0COMP1
                                    223 	.globl _OC0COMP0
                                    224 	.globl _NVSTATUS
                                    225 	.globl _NVKEY
                                    226 	.globl _NVDATA
                                    227 	.globl _NVDATA1
                                    228 	.globl _NVDATA0
                                    229 	.globl _NVADDR
                                    230 	.globl _NVADDR1
                                    231 	.globl _NVADDR0
                                    232 	.globl _IC1STATUS
                                    233 	.globl _IC1MODE
                                    234 	.globl _IC1CAPT
                                    235 	.globl _IC1CAPT1
                                    236 	.globl _IC1CAPT0
                                    237 	.globl _IC0STATUS
                                    238 	.globl _IC0MODE
                                    239 	.globl _IC0CAPT
                                    240 	.globl _IC0CAPT1
                                    241 	.globl _IC0CAPT0
                                    242 	.globl _PORTR
                                    243 	.globl _PORTC
                                    244 	.globl _PORTB
                                    245 	.globl _PORTA
                                    246 	.globl _PINR
                                    247 	.globl _PINC
                                    248 	.globl _PINB
                                    249 	.globl _PINA
                                    250 	.globl _DIRR
                                    251 	.globl _DIRC
                                    252 	.globl _DIRB
                                    253 	.globl _DIRA
                                    254 	.globl _DBGLNKSTAT
                                    255 	.globl _DBGLNKBUF
                                    256 	.globl _CODECONFIG
                                    257 	.globl _CLKSTAT
                                    258 	.globl _CLKCON
                                    259 	.globl _ANALOGCOMP
                                    260 	.globl _ADCCONV
                                    261 	.globl _ADCCLKSRC
                                    262 	.globl _ADCCH3CONFIG
                                    263 	.globl _ADCCH2CONFIG
                                    264 	.globl _ADCCH1CONFIG
                                    265 	.globl _ADCCH0CONFIG
                                    266 	.globl __XPAGE
                                    267 	.globl _XPAGE
                                    268 	.globl _SP
                                    269 	.globl _PSW
                                    270 	.globl _PCON
                                    271 	.globl _IP
                                    272 	.globl _IE
                                    273 	.globl _EIP
                                    274 	.globl _EIE
                                    275 	.globl _E2IP
                                    276 	.globl _E2IE
                                    277 	.globl _DPS
                                    278 	.globl _DPTR1
                                    279 	.globl _DPTR0
                                    280 	.globl _DPL1
                                    281 	.globl _DPL
                                    282 	.globl _DPH1
                                    283 	.globl _DPH
                                    284 	.globl _B
                                    285 	.globl _ACC
                                    286 	.globl _XTALREADY
                                    287 	.globl _XTALOSC
                                    288 	.globl _XTALAMPL
                                    289 	.globl _SILICONREV
                                    290 	.globl _SCRATCH3
                                    291 	.globl _SCRATCH2
                                    292 	.globl _SCRATCH1
                                    293 	.globl _SCRATCH0
                                    294 	.globl _RADIOMUX
                                    295 	.globl _RADIOFSTATADDR
                                    296 	.globl _RADIOFSTATADDR1
                                    297 	.globl _RADIOFSTATADDR0
                                    298 	.globl _RADIOFDATAADDR
                                    299 	.globl _RADIOFDATAADDR1
                                    300 	.globl _RADIOFDATAADDR0
                                    301 	.globl _OSCRUN
                                    302 	.globl _OSCREADY
                                    303 	.globl _OSCFORCERUN
                                    304 	.globl _OSCCALIB
                                    305 	.globl _MISCCTRL
                                    306 	.globl _LPXOSCGM
                                    307 	.globl _LPOSCREF
                                    308 	.globl _LPOSCREF1
                                    309 	.globl _LPOSCREF0
                                    310 	.globl _LPOSCPER
                                    311 	.globl _LPOSCPER1
                                    312 	.globl _LPOSCPER0
                                    313 	.globl _LPOSCKFILT
                                    314 	.globl _LPOSCKFILT1
                                    315 	.globl _LPOSCKFILT0
                                    316 	.globl _LPOSCFREQ
                                    317 	.globl _LPOSCFREQ1
                                    318 	.globl _LPOSCFREQ0
                                    319 	.globl _LPOSCCONFIG
                                    320 	.globl _PINSEL
                                    321 	.globl _PINCHGC
                                    322 	.globl _PINCHGB
                                    323 	.globl _PINCHGA
                                    324 	.globl _PALTRADIO
                                    325 	.globl _PALTC
                                    326 	.globl _PALTB
                                    327 	.globl _PALTA
                                    328 	.globl _INTCHGC
                                    329 	.globl _INTCHGB
                                    330 	.globl _INTCHGA
                                    331 	.globl _EXTIRQ
                                    332 	.globl _GPIOENABLE
                                    333 	.globl _ANALOGA
                                    334 	.globl _FRCOSCREF
                                    335 	.globl _FRCOSCREF1
                                    336 	.globl _FRCOSCREF0
                                    337 	.globl _FRCOSCPER
                                    338 	.globl _FRCOSCPER1
                                    339 	.globl _FRCOSCPER0
                                    340 	.globl _FRCOSCKFILT
                                    341 	.globl _FRCOSCKFILT1
                                    342 	.globl _FRCOSCKFILT0
                                    343 	.globl _FRCOSCFREQ
                                    344 	.globl _FRCOSCFREQ1
                                    345 	.globl _FRCOSCFREQ0
                                    346 	.globl _FRCOSCCTRL
                                    347 	.globl _FRCOSCCONFIG
                                    348 	.globl _DMA1CONFIG
                                    349 	.globl _DMA1ADDR
                                    350 	.globl _DMA1ADDR1
                                    351 	.globl _DMA1ADDR0
                                    352 	.globl _DMA0CONFIG
                                    353 	.globl _DMA0ADDR
                                    354 	.globl _DMA0ADDR1
                                    355 	.globl _DMA0ADDR0
                                    356 	.globl _ADCTUNE2
                                    357 	.globl _ADCTUNE1
                                    358 	.globl _ADCTUNE0
                                    359 	.globl _ADCCH3VAL
                                    360 	.globl _ADCCH3VAL1
                                    361 	.globl _ADCCH3VAL0
                                    362 	.globl _ADCCH2VAL
                                    363 	.globl _ADCCH2VAL1
                                    364 	.globl _ADCCH2VAL0
                                    365 	.globl _ADCCH1VAL
                                    366 	.globl _ADCCH1VAL1
                                    367 	.globl _ADCCH1VAL0
                                    368 	.globl _ADCCH0VAL
                                    369 	.globl _ADCCH0VAL1
                                    370 	.globl _ADCCH0VAL0
                                    371 	.globl _lcd2_display_radio_error
                                    372 	.globl _dbglink_display_radio_error
                                    373 	.globl _delay_ms
                                    374 ;--------------------------------------------------------
                                    375 ; special function registers
                                    376 ;--------------------------------------------------------
                                    377 	.area RSEG    (ABS,DATA)
      000000                        378 	.org 0x0000
                           0000E0   379 G$ACC$0$0 == 0x00e0
                           0000E0   380 _ACC	=	0x00e0
                           0000F0   381 G$B$0$0 == 0x00f0
                           0000F0   382 _B	=	0x00f0
                           000083   383 G$DPH$0$0 == 0x0083
                           000083   384 _DPH	=	0x0083
                           000085   385 G$DPH1$0$0 == 0x0085
                           000085   386 _DPH1	=	0x0085
                           000082   387 G$DPL$0$0 == 0x0082
                           000082   388 _DPL	=	0x0082
                           000084   389 G$DPL1$0$0 == 0x0084
                           000084   390 _DPL1	=	0x0084
                           008382   391 G$DPTR0$0$0 == 0x8382
                           008382   392 _DPTR0	=	0x8382
                           008584   393 G$DPTR1$0$0 == 0x8584
                           008584   394 _DPTR1	=	0x8584
                           000086   395 G$DPS$0$0 == 0x0086
                           000086   396 _DPS	=	0x0086
                           0000A0   397 G$E2IE$0$0 == 0x00a0
                           0000A0   398 _E2IE	=	0x00a0
                           0000C0   399 G$E2IP$0$0 == 0x00c0
                           0000C0   400 _E2IP	=	0x00c0
                           000098   401 G$EIE$0$0 == 0x0098
                           000098   402 _EIE	=	0x0098
                           0000B0   403 G$EIP$0$0 == 0x00b0
                           0000B0   404 _EIP	=	0x00b0
                           0000A8   405 G$IE$0$0 == 0x00a8
                           0000A8   406 _IE	=	0x00a8
                           0000B8   407 G$IP$0$0 == 0x00b8
                           0000B8   408 _IP	=	0x00b8
                           000087   409 G$PCON$0$0 == 0x0087
                           000087   410 _PCON	=	0x0087
                           0000D0   411 G$PSW$0$0 == 0x00d0
                           0000D0   412 _PSW	=	0x00d0
                           000081   413 G$SP$0$0 == 0x0081
                           000081   414 _SP	=	0x0081
                           0000D9   415 G$XPAGE$0$0 == 0x00d9
                           0000D9   416 _XPAGE	=	0x00d9
                           0000D9   417 G$_XPAGE$0$0 == 0x00d9
                           0000D9   418 __XPAGE	=	0x00d9
                           0000CA   419 G$ADCCH0CONFIG$0$0 == 0x00ca
                           0000CA   420 _ADCCH0CONFIG	=	0x00ca
                           0000CB   421 G$ADCCH1CONFIG$0$0 == 0x00cb
                           0000CB   422 _ADCCH1CONFIG	=	0x00cb
                           0000D2   423 G$ADCCH2CONFIG$0$0 == 0x00d2
                           0000D2   424 _ADCCH2CONFIG	=	0x00d2
                           0000D3   425 G$ADCCH3CONFIG$0$0 == 0x00d3
                           0000D3   426 _ADCCH3CONFIG	=	0x00d3
                           0000D1   427 G$ADCCLKSRC$0$0 == 0x00d1
                           0000D1   428 _ADCCLKSRC	=	0x00d1
                           0000C9   429 G$ADCCONV$0$0 == 0x00c9
                           0000C9   430 _ADCCONV	=	0x00c9
                           0000E1   431 G$ANALOGCOMP$0$0 == 0x00e1
                           0000E1   432 _ANALOGCOMP	=	0x00e1
                           0000C6   433 G$CLKCON$0$0 == 0x00c6
                           0000C6   434 _CLKCON	=	0x00c6
                           0000C7   435 G$CLKSTAT$0$0 == 0x00c7
                           0000C7   436 _CLKSTAT	=	0x00c7
                           000097   437 G$CODECONFIG$0$0 == 0x0097
                           000097   438 _CODECONFIG	=	0x0097
                           0000E3   439 G$DBGLNKBUF$0$0 == 0x00e3
                           0000E3   440 _DBGLNKBUF	=	0x00e3
                           0000E2   441 G$DBGLNKSTAT$0$0 == 0x00e2
                           0000E2   442 _DBGLNKSTAT	=	0x00e2
                           000089   443 G$DIRA$0$0 == 0x0089
                           000089   444 _DIRA	=	0x0089
                           00008A   445 G$DIRB$0$0 == 0x008a
                           00008A   446 _DIRB	=	0x008a
                           00008B   447 G$DIRC$0$0 == 0x008b
                           00008B   448 _DIRC	=	0x008b
                           00008E   449 G$DIRR$0$0 == 0x008e
                           00008E   450 _DIRR	=	0x008e
                           0000C8   451 G$PINA$0$0 == 0x00c8
                           0000C8   452 _PINA	=	0x00c8
                           0000E8   453 G$PINB$0$0 == 0x00e8
                           0000E8   454 _PINB	=	0x00e8
                           0000F8   455 G$PINC$0$0 == 0x00f8
                           0000F8   456 _PINC	=	0x00f8
                           00008D   457 G$PINR$0$0 == 0x008d
                           00008D   458 _PINR	=	0x008d
                           000080   459 G$PORTA$0$0 == 0x0080
                           000080   460 _PORTA	=	0x0080
                           000088   461 G$PORTB$0$0 == 0x0088
                           000088   462 _PORTB	=	0x0088
                           000090   463 G$PORTC$0$0 == 0x0090
                           000090   464 _PORTC	=	0x0090
                           00008C   465 G$PORTR$0$0 == 0x008c
                           00008C   466 _PORTR	=	0x008c
                           0000CE   467 G$IC0CAPT0$0$0 == 0x00ce
                           0000CE   468 _IC0CAPT0	=	0x00ce
                           0000CF   469 G$IC0CAPT1$0$0 == 0x00cf
                           0000CF   470 _IC0CAPT1	=	0x00cf
                           00CFCE   471 G$IC0CAPT$0$0 == 0xcfce
                           00CFCE   472 _IC0CAPT	=	0xcfce
                           0000CC   473 G$IC0MODE$0$0 == 0x00cc
                           0000CC   474 _IC0MODE	=	0x00cc
                           0000CD   475 G$IC0STATUS$0$0 == 0x00cd
                           0000CD   476 _IC0STATUS	=	0x00cd
                           0000D6   477 G$IC1CAPT0$0$0 == 0x00d6
                           0000D6   478 _IC1CAPT0	=	0x00d6
                           0000D7   479 G$IC1CAPT1$0$0 == 0x00d7
                           0000D7   480 _IC1CAPT1	=	0x00d7
                           00D7D6   481 G$IC1CAPT$0$0 == 0xd7d6
                           00D7D6   482 _IC1CAPT	=	0xd7d6
                           0000D4   483 G$IC1MODE$0$0 == 0x00d4
                           0000D4   484 _IC1MODE	=	0x00d4
                           0000D5   485 G$IC1STATUS$0$0 == 0x00d5
                           0000D5   486 _IC1STATUS	=	0x00d5
                           000092   487 G$NVADDR0$0$0 == 0x0092
                           000092   488 _NVADDR0	=	0x0092
                           000093   489 G$NVADDR1$0$0 == 0x0093
                           000093   490 _NVADDR1	=	0x0093
                           009392   491 G$NVADDR$0$0 == 0x9392
                           009392   492 _NVADDR	=	0x9392
                           000094   493 G$NVDATA0$0$0 == 0x0094
                           000094   494 _NVDATA0	=	0x0094
                           000095   495 G$NVDATA1$0$0 == 0x0095
                           000095   496 _NVDATA1	=	0x0095
                           009594   497 G$NVDATA$0$0 == 0x9594
                           009594   498 _NVDATA	=	0x9594
                           000096   499 G$NVKEY$0$0 == 0x0096
                           000096   500 _NVKEY	=	0x0096
                           000091   501 G$NVSTATUS$0$0 == 0x0091
                           000091   502 _NVSTATUS	=	0x0091
                           0000BC   503 G$OC0COMP0$0$0 == 0x00bc
                           0000BC   504 _OC0COMP0	=	0x00bc
                           0000BD   505 G$OC0COMP1$0$0 == 0x00bd
                           0000BD   506 _OC0COMP1	=	0x00bd
                           00BDBC   507 G$OC0COMP$0$0 == 0xbdbc
                           00BDBC   508 _OC0COMP	=	0xbdbc
                           0000B9   509 G$OC0MODE$0$0 == 0x00b9
                           0000B9   510 _OC0MODE	=	0x00b9
                           0000BA   511 G$OC0PIN$0$0 == 0x00ba
                           0000BA   512 _OC0PIN	=	0x00ba
                           0000BB   513 G$OC0STATUS$0$0 == 0x00bb
                           0000BB   514 _OC0STATUS	=	0x00bb
                           0000C4   515 G$OC1COMP0$0$0 == 0x00c4
                           0000C4   516 _OC1COMP0	=	0x00c4
                           0000C5   517 G$OC1COMP1$0$0 == 0x00c5
                           0000C5   518 _OC1COMP1	=	0x00c5
                           00C5C4   519 G$OC1COMP$0$0 == 0xc5c4
                           00C5C4   520 _OC1COMP	=	0xc5c4
                           0000C1   521 G$OC1MODE$0$0 == 0x00c1
                           0000C1   522 _OC1MODE	=	0x00c1
                           0000C2   523 G$OC1PIN$0$0 == 0x00c2
                           0000C2   524 _OC1PIN	=	0x00c2
                           0000C3   525 G$OC1STATUS$0$0 == 0x00c3
                           0000C3   526 _OC1STATUS	=	0x00c3
                           0000B1   527 G$RADIOACC$0$0 == 0x00b1
                           0000B1   528 _RADIOACC	=	0x00b1
                           0000B3   529 G$RADIOADDR0$0$0 == 0x00b3
                           0000B3   530 _RADIOADDR0	=	0x00b3
                           0000B2   531 G$RADIOADDR1$0$0 == 0x00b2
                           0000B2   532 _RADIOADDR1	=	0x00b2
                           00B2B3   533 G$RADIOADDR$0$0 == 0xb2b3
                           00B2B3   534 _RADIOADDR	=	0xb2b3
                           0000B7   535 G$RADIODATA0$0$0 == 0x00b7
                           0000B7   536 _RADIODATA0	=	0x00b7
                           0000B6   537 G$RADIODATA1$0$0 == 0x00b6
                           0000B6   538 _RADIODATA1	=	0x00b6
                           0000B5   539 G$RADIODATA2$0$0 == 0x00b5
                           0000B5   540 _RADIODATA2	=	0x00b5
                           0000B4   541 G$RADIODATA3$0$0 == 0x00b4
                           0000B4   542 _RADIODATA3	=	0x00b4
                           B4B5B6B7   543 G$RADIODATA$0$0 == 0xb4b5b6b7
                           B4B5B6B7   544 _RADIODATA	=	0xb4b5b6b7
                           0000BE   545 G$RADIOSTAT0$0$0 == 0x00be
                           0000BE   546 _RADIOSTAT0	=	0x00be
                           0000BF   547 G$RADIOSTAT1$0$0 == 0x00bf
                           0000BF   548 _RADIOSTAT1	=	0x00bf
                           00BFBE   549 G$RADIOSTAT$0$0 == 0xbfbe
                           00BFBE   550 _RADIOSTAT	=	0xbfbe
                           0000DF   551 G$SPCLKSRC$0$0 == 0x00df
                           0000DF   552 _SPCLKSRC	=	0x00df
                           0000DC   553 G$SPMODE$0$0 == 0x00dc
                           0000DC   554 _SPMODE	=	0x00dc
                           0000DE   555 G$SPSHREG$0$0 == 0x00de
                           0000DE   556 _SPSHREG	=	0x00de
                           0000DD   557 G$SPSTATUS$0$0 == 0x00dd
                           0000DD   558 _SPSTATUS	=	0x00dd
                           00009A   559 G$T0CLKSRC$0$0 == 0x009a
                           00009A   560 _T0CLKSRC	=	0x009a
                           00009C   561 G$T0CNT0$0$0 == 0x009c
                           00009C   562 _T0CNT0	=	0x009c
                           00009D   563 G$T0CNT1$0$0 == 0x009d
                           00009D   564 _T0CNT1	=	0x009d
                           009D9C   565 G$T0CNT$0$0 == 0x9d9c
                           009D9C   566 _T0CNT	=	0x9d9c
                           000099   567 G$T0MODE$0$0 == 0x0099
                           000099   568 _T0MODE	=	0x0099
                           00009E   569 G$T0PERIOD0$0$0 == 0x009e
                           00009E   570 _T0PERIOD0	=	0x009e
                           00009F   571 G$T0PERIOD1$0$0 == 0x009f
                           00009F   572 _T0PERIOD1	=	0x009f
                           009F9E   573 G$T0PERIOD$0$0 == 0x9f9e
                           009F9E   574 _T0PERIOD	=	0x9f9e
                           00009B   575 G$T0STATUS$0$0 == 0x009b
                           00009B   576 _T0STATUS	=	0x009b
                           0000A2   577 G$T1CLKSRC$0$0 == 0x00a2
                           0000A2   578 _T1CLKSRC	=	0x00a2
                           0000A4   579 G$T1CNT0$0$0 == 0x00a4
                           0000A4   580 _T1CNT0	=	0x00a4
                           0000A5   581 G$T1CNT1$0$0 == 0x00a5
                           0000A5   582 _T1CNT1	=	0x00a5
                           00A5A4   583 G$T1CNT$0$0 == 0xa5a4
                           00A5A4   584 _T1CNT	=	0xa5a4
                           0000A1   585 G$T1MODE$0$0 == 0x00a1
                           0000A1   586 _T1MODE	=	0x00a1
                           0000A6   587 G$T1PERIOD0$0$0 == 0x00a6
                           0000A6   588 _T1PERIOD0	=	0x00a6
                           0000A7   589 G$T1PERIOD1$0$0 == 0x00a7
                           0000A7   590 _T1PERIOD1	=	0x00a7
                           00A7A6   591 G$T1PERIOD$0$0 == 0xa7a6
                           00A7A6   592 _T1PERIOD	=	0xa7a6
                           0000A3   593 G$T1STATUS$0$0 == 0x00a3
                           0000A3   594 _T1STATUS	=	0x00a3
                           0000AA   595 G$T2CLKSRC$0$0 == 0x00aa
                           0000AA   596 _T2CLKSRC	=	0x00aa
                           0000AC   597 G$T2CNT0$0$0 == 0x00ac
                           0000AC   598 _T2CNT0	=	0x00ac
                           0000AD   599 G$T2CNT1$0$0 == 0x00ad
                           0000AD   600 _T2CNT1	=	0x00ad
                           00ADAC   601 G$T2CNT$0$0 == 0xadac
                           00ADAC   602 _T2CNT	=	0xadac
                           0000A9   603 G$T2MODE$0$0 == 0x00a9
                           0000A9   604 _T2MODE	=	0x00a9
                           0000AE   605 G$T2PERIOD0$0$0 == 0x00ae
                           0000AE   606 _T2PERIOD0	=	0x00ae
                           0000AF   607 G$T2PERIOD1$0$0 == 0x00af
                           0000AF   608 _T2PERIOD1	=	0x00af
                           00AFAE   609 G$T2PERIOD$0$0 == 0xafae
                           00AFAE   610 _T2PERIOD	=	0xafae
                           0000AB   611 G$T2STATUS$0$0 == 0x00ab
                           0000AB   612 _T2STATUS	=	0x00ab
                           0000E4   613 G$U0CTRL$0$0 == 0x00e4
                           0000E4   614 _U0CTRL	=	0x00e4
                           0000E7   615 G$U0MODE$0$0 == 0x00e7
                           0000E7   616 _U0MODE	=	0x00e7
                           0000E6   617 G$U0SHREG$0$0 == 0x00e6
                           0000E6   618 _U0SHREG	=	0x00e6
                           0000E5   619 G$U0STATUS$0$0 == 0x00e5
                           0000E5   620 _U0STATUS	=	0x00e5
                           0000EC   621 G$U1CTRL$0$0 == 0x00ec
                           0000EC   622 _U1CTRL	=	0x00ec
                           0000EF   623 G$U1MODE$0$0 == 0x00ef
                           0000EF   624 _U1MODE	=	0x00ef
                           0000EE   625 G$U1SHREG$0$0 == 0x00ee
                           0000EE   626 _U1SHREG	=	0x00ee
                           0000ED   627 G$U1STATUS$0$0 == 0x00ed
                           0000ED   628 _U1STATUS	=	0x00ed
                           0000DA   629 G$WDTCFG$0$0 == 0x00da
                           0000DA   630 _WDTCFG	=	0x00da
                           0000DB   631 G$WDTRESET$0$0 == 0x00db
                           0000DB   632 _WDTRESET	=	0x00db
                           0000F1   633 G$WTCFGA$0$0 == 0x00f1
                           0000F1   634 _WTCFGA	=	0x00f1
                           0000F9   635 G$WTCFGB$0$0 == 0x00f9
                           0000F9   636 _WTCFGB	=	0x00f9
                           0000F2   637 G$WTCNTA0$0$0 == 0x00f2
                           0000F2   638 _WTCNTA0	=	0x00f2
                           0000F3   639 G$WTCNTA1$0$0 == 0x00f3
                           0000F3   640 _WTCNTA1	=	0x00f3
                           00F3F2   641 G$WTCNTA$0$0 == 0xf3f2
                           00F3F2   642 _WTCNTA	=	0xf3f2
                           0000FA   643 G$WTCNTB0$0$0 == 0x00fa
                           0000FA   644 _WTCNTB0	=	0x00fa
                           0000FB   645 G$WTCNTB1$0$0 == 0x00fb
                           0000FB   646 _WTCNTB1	=	0x00fb
                           00FBFA   647 G$WTCNTB$0$0 == 0xfbfa
                           00FBFA   648 _WTCNTB	=	0xfbfa
                           0000EB   649 G$WTCNTR1$0$0 == 0x00eb
                           0000EB   650 _WTCNTR1	=	0x00eb
                           0000F4   651 G$WTEVTA0$0$0 == 0x00f4
                           0000F4   652 _WTEVTA0	=	0x00f4
                           0000F5   653 G$WTEVTA1$0$0 == 0x00f5
                           0000F5   654 _WTEVTA1	=	0x00f5
                           00F5F4   655 G$WTEVTA$0$0 == 0xf5f4
                           00F5F4   656 _WTEVTA	=	0xf5f4
                           0000F6   657 G$WTEVTB0$0$0 == 0x00f6
                           0000F6   658 _WTEVTB0	=	0x00f6
                           0000F7   659 G$WTEVTB1$0$0 == 0x00f7
                           0000F7   660 _WTEVTB1	=	0x00f7
                           00F7F6   661 G$WTEVTB$0$0 == 0xf7f6
                           00F7F6   662 _WTEVTB	=	0xf7f6
                           0000FC   663 G$WTEVTC0$0$0 == 0x00fc
                           0000FC   664 _WTEVTC0	=	0x00fc
                           0000FD   665 G$WTEVTC1$0$0 == 0x00fd
                           0000FD   666 _WTEVTC1	=	0x00fd
                           00FDFC   667 G$WTEVTC$0$0 == 0xfdfc
                           00FDFC   668 _WTEVTC	=	0xfdfc
                           0000FE   669 G$WTEVTD0$0$0 == 0x00fe
                           0000FE   670 _WTEVTD0	=	0x00fe
                           0000FF   671 G$WTEVTD1$0$0 == 0x00ff
                           0000FF   672 _WTEVTD1	=	0x00ff
                           00FFFE   673 G$WTEVTD$0$0 == 0xfffe
                           00FFFE   674 _WTEVTD	=	0xfffe
                           0000E9   675 G$WTIRQEN$0$0 == 0x00e9
                           0000E9   676 _WTIRQEN	=	0x00e9
                           0000EA   677 G$WTSTAT$0$0 == 0x00ea
                           0000EA   678 _WTSTAT	=	0x00ea
                                    679 ;--------------------------------------------------------
                                    680 ; special function bits
                                    681 ;--------------------------------------------------------
                                    682 	.area RSEG    (ABS,DATA)
      000000                        683 	.org 0x0000
                           0000E0   684 G$ACC_0$0$0 == 0x00e0
                           0000E0   685 _ACC_0	=	0x00e0
                           0000E1   686 G$ACC_1$0$0 == 0x00e1
                           0000E1   687 _ACC_1	=	0x00e1
                           0000E2   688 G$ACC_2$0$0 == 0x00e2
                           0000E2   689 _ACC_2	=	0x00e2
                           0000E3   690 G$ACC_3$0$0 == 0x00e3
                           0000E3   691 _ACC_3	=	0x00e3
                           0000E4   692 G$ACC_4$0$0 == 0x00e4
                           0000E4   693 _ACC_4	=	0x00e4
                           0000E5   694 G$ACC_5$0$0 == 0x00e5
                           0000E5   695 _ACC_5	=	0x00e5
                           0000E6   696 G$ACC_6$0$0 == 0x00e6
                           0000E6   697 _ACC_6	=	0x00e6
                           0000E7   698 G$ACC_7$0$0 == 0x00e7
                           0000E7   699 _ACC_7	=	0x00e7
                           0000F0   700 G$B_0$0$0 == 0x00f0
                           0000F0   701 _B_0	=	0x00f0
                           0000F1   702 G$B_1$0$0 == 0x00f1
                           0000F1   703 _B_1	=	0x00f1
                           0000F2   704 G$B_2$0$0 == 0x00f2
                           0000F2   705 _B_2	=	0x00f2
                           0000F3   706 G$B_3$0$0 == 0x00f3
                           0000F3   707 _B_3	=	0x00f3
                           0000F4   708 G$B_4$0$0 == 0x00f4
                           0000F4   709 _B_4	=	0x00f4
                           0000F5   710 G$B_5$0$0 == 0x00f5
                           0000F5   711 _B_5	=	0x00f5
                           0000F6   712 G$B_6$0$0 == 0x00f6
                           0000F6   713 _B_6	=	0x00f6
                           0000F7   714 G$B_7$0$0 == 0x00f7
                           0000F7   715 _B_7	=	0x00f7
                           0000A0   716 G$E2IE_0$0$0 == 0x00a0
                           0000A0   717 _E2IE_0	=	0x00a0
                           0000A1   718 G$E2IE_1$0$0 == 0x00a1
                           0000A1   719 _E2IE_1	=	0x00a1
                           0000A2   720 G$E2IE_2$0$0 == 0x00a2
                           0000A2   721 _E2IE_2	=	0x00a2
                           0000A3   722 G$E2IE_3$0$0 == 0x00a3
                           0000A3   723 _E2IE_3	=	0x00a3
                           0000A4   724 G$E2IE_4$0$0 == 0x00a4
                           0000A4   725 _E2IE_4	=	0x00a4
                           0000A5   726 G$E2IE_5$0$0 == 0x00a5
                           0000A5   727 _E2IE_5	=	0x00a5
                           0000A6   728 G$E2IE_6$0$0 == 0x00a6
                           0000A6   729 _E2IE_6	=	0x00a6
                           0000A7   730 G$E2IE_7$0$0 == 0x00a7
                           0000A7   731 _E2IE_7	=	0x00a7
                           0000C0   732 G$E2IP_0$0$0 == 0x00c0
                           0000C0   733 _E2IP_0	=	0x00c0
                           0000C1   734 G$E2IP_1$0$0 == 0x00c1
                           0000C1   735 _E2IP_1	=	0x00c1
                           0000C2   736 G$E2IP_2$0$0 == 0x00c2
                           0000C2   737 _E2IP_2	=	0x00c2
                           0000C3   738 G$E2IP_3$0$0 == 0x00c3
                           0000C3   739 _E2IP_3	=	0x00c3
                           0000C4   740 G$E2IP_4$0$0 == 0x00c4
                           0000C4   741 _E2IP_4	=	0x00c4
                           0000C5   742 G$E2IP_5$0$0 == 0x00c5
                           0000C5   743 _E2IP_5	=	0x00c5
                           0000C6   744 G$E2IP_6$0$0 == 0x00c6
                           0000C6   745 _E2IP_6	=	0x00c6
                           0000C7   746 G$E2IP_7$0$0 == 0x00c7
                           0000C7   747 _E2IP_7	=	0x00c7
                           000098   748 G$EIE_0$0$0 == 0x0098
                           000098   749 _EIE_0	=	0x0098
                           000099   750 G$EIE_1$0$0 == 0x0099
                           000099   751 _EIE_1	=	0x0099
                           00009A   752 G$EIE_2$0$0 == 0x009a
                           00009A   753 _EIE_2	=	0x009a
                           00009B   754 G$EIE_3$0$0 == 0x009b
                           00009B   755 _EIE_3	=	0x009b
                           00009C   756 G$EIE_4$0$0 == 0x009c
                           00009C   757 _EIE_4	=	0x009c
                           00009D   758 G$EIE_5$0$0 == 0x009d
                           00009D   759 _EIE_5	=	0x009d
                           00009E   760 G$EIE_6$0$0 == 0x009e
                           00009E   761 _EIE_6	=	0x009e
                           00009F   762 G$EIE_7$0$0 == 0x009f
                           00009F   763 _EIE_7	=	0x009f
                           0000B0   764 G$EIP_0$0$0 == 0x00b0
                           0000B0   765 _EIP_0	=	0x00b0
                           0000B1   766 G$EIP_1$0$0 == 0x00b1
                           0000B1   767 _EIP_1	=	0x00b1
                           0000B2   768 G$EIP_2$0$0 == 0x00b2
                           0000B2   769 _EIP_2	=	0x00b2
                           0000B3   770 G$EIP_3$0$0 == 0x00b3
                           0000B3   771 _EIP_3	=	0x00b3
                           0000B4   772 G$EIP_4$0$0 == 0x00b4
                           0000B4   773 _EIP_4	=	0x00b4
                           0000B5   774 G$EIP_5$0$0 == 0x00b5
                           0000B5   775 _EIP_5	=	0x00b5
                           0000B6   776 G$EIP_6$0$0 == 0x00b6
                           0000B6   777 _EIP_6	=	0x00b6
                           0000B7   778 G$EIP_7$0$0 == 0x00b7
                           0000B7   779 _EIP_7	=	0x00b7
                           0000A8   780 G$IE_0$0$0 == 0x00a8
                           0000A8   781 _IE_0	=	0x00a8
                           0000A9   782 G$IE_1$0$0 == 0x00a9
                           0000A9   783 _IE_1	=	0x00a9
                           0000AA   784 G$IE_2$0$0 == 0x00aa
                           0000AA   785 _IE_2	=	0x00aa
                           0000AB   786 G$IE_3$0$0 == 0x00ab
                           0000AB   787 _IE_3	=	0x00ab
                           0000AC   788 G$IE_4$0$0 == 0x00ac
                           0000AC   789 _IE_4	=	0x00ac
                           0000AD   790 G$IE_5$0$0 == 0x00ad
                           0000AD   791 _IE_5	=	0x00ad
                           0000AE   792 G$IE_6$0$0 == 0x00ae
                           0000AE   793 _IE_6	=	0x00ae
                           0000AF   794 G$IE_7$0$0 == 0x00af
                           0000AF   795 _IE_7	=	0x00af
                           0000AF   796 G$EA$0$0 == 0x00af
                           0000AF   797 _EA	=	0x00af
                           0000B8   798 G$IP_0$0$0 == 0x00b8
                           0000B8   799 _IP_0	=	0x00b8
                           0000B9   800 G$IP_1$0$0 == 0x00b9
                           0000B9   801 _IP_1	=	0x00b9
                           0000BA   802 G$IP_2$0$0 == 0x00ba
                           0000BA   803 _IP_2	=	0x00ba
                           0000BB   804 G$IP_3$0$0 == 0x00bb
                           0000BB   805 _IP_3	=	0x00bb
                           0000BC   806 G$IP_4$0$0 == 0x00bc
                           0000BC   807 _IP_4	=	0x00bc
                           0000BD   808 G$IP_5$0$0 == 0x00bd
                           0000BD   809 _IP_5	=	0x00bd
                           0000BE   810 G$IP_6$0$0 == 0x00be
                           0000BE   811 _IP_6	=	0x00be
                           0000BF   812 G$IP_7$0$0 == 0x00bf
                           0000BF   813 _IP_7	=	0x00bf
                           0000D0   814 G$P$0$0 == 0x00d0
                           0000D0   815 _P	=	0x00d0
                           0000D1   816 G$F1$0$0 == 0x00d1
                           0000D1   817 _F1	=	0x00d1
                           0000D2   818 G$OV$0$0 == 0x00d2
                           0000D2   819 _OV	=	0x00d2
                           0000D3   820 G$RS0$0$0 == 0x00d3
                           0000D3   821 _RS0	=	0x00d3
                           0000D4   822 G$RS1$0$0 == 0x00d4
                           0000D4   823 _RS1	=	0x00d4
                           0000D5   824 G$F0$0$0 == 0x00d5
                           0000D5   825 _F0	=	0x00d5
                           0000D6   826 G$AC$0$0 == 0x00d6
                           0000D6   827 _AC	=	0x00d6
                           0000D7   828 G$CY$0$0 == 0x00d7
                           0000D7   829 _CY	=	0x00d7
                           0000C8   830 G$PINA_0$0$0 == 0x00c8
                           0000C8   831 _PINA_0	=	0x00c8
                           0000C9   832 G$PINA_1$0$0 == 0x00c9
                           0000C9   833 _PINA_1	=	0x00c9
                           0000CA   834 G$PINA_2$0$0 == 0x00ca
                           0000CA   835 _PINA_2	=	0x00ca
                           0000CB   836 G$PINA_3$0$0 == 0x00cb
                           0000CB   837 _PINA_3	=	0x00cb
                           0000CC   838 G$PINA_4$0$0 == 0x00cc
                           0000CC   839 _PINA_4	=	0x00cc
                           0000CD   840 G$PINA_5$0$0 == 0x00cd
                           0000CD   841 _PINA_5	=	0x00cd
                           0000CE   842 G$PINA_6$0$0 == 0x00ce
                           0000CE   843 _PINA_6	=	0x00ce
                           0000CF   844 G$PINA_7$0$0 == 0x00cf
                           0000CF   845 _PINA_7	=	0x00cf
                           0000E8   846 G$PINB_0$0$0 == 0x00e8
                           0000E8   847 _PINB_0	=	0x00e8
                           0000E9   848 G$PINB_1$0$0 == 0x00e9
                           0000E9   849 _PINB_1	=	0x00e9
                           0000EA   850 G$PINB_2$0$0 == 0x00ea
                           0000EA   851 _PINB_2	=	0x00ea
                           0000EB   852 G$PINB_3$0$0 == 0x00eb
                           0000EB   853 _PINB_3	=	0x00eb
                           0000EC   854 G$PINB_4$0$0 == 0x00ec
                           0000EC   855 _PINB_4	=	0x00ec
                           0000ED   856 G$PINB_5$0$0 == 0x00ed
                           0000ED   857 _PINB_5	=	0x00ed
                           0000EE   858 G$PINB_6$0$0 == 0x00ee
                           0000EE   859 _PINB_6	=	0x00ee
                           0000EF   860 G$PINB_7$0$0 == 0x00ef
                           0000EF   861 _PINB_7	=	0x00ef
                           0000F8   862 G$PINC_0$0$0 == 0x00f8
                           0000F8   863 _PINC_0	=	0x00f8
                           0000F9   864 G$PINC_1$0$0 == 0x00f9
                           0000F9   865 _PINC_1	=	0x00f9
                           0000FA   866 G$PINC_2$0$0 == 0x00fa
                           0000FA   867 _PINC_2	=	0x00fa
                           0000FB   868 G$PINC_3$0$0 == 0x00fb
                           0000FB   869 _PINC_3	=	0x00fb
                           0000FC   870 G$PINC_4$0$0 == 0x00fc
                           0000FC   871 _PINC_4	=	0x00fc
                           0000FD   872 G$PINC_5$0$0 == 0x00fd
                           0000FD   873 _PINC_5	=	0x00fd
                           0000FE   874 G$PINC_6$0$0 == 0x00fe
                           0000FE   875 _PINC_6	=	0x00fe
                           0000FF   876 G$PINC_7$0$0 == 0x00ff
                           0000FF   877 _PINC_7	=	0x00ff
                           000080   878 G$PORTA_0$0$0 == 0x0080
                           000080   879 _PORTA_0	=	0x0080
                           000081   880 G$PORTA_1$0$0 == 0x0081
                           000081   881 _PORTA_1	=	0x0081
                           000082   882 G$PORTA_2$0$0 == 0x0082
                           000082   883 _PORTA_2	=	0x0082
                           000083   884 G$PORTA_3$0$0 == 0x0083
                           000083   885 _PORTA_3	=	0x0083
                           000084   886 G$PORTA_4$0$0 == 0x0084
                           000084   887 _PORTA_4	=	0x0084
                           000085   888 G$PORTA_5$0$0 == 0x0085
                           000085   889 _PORTA_5	=	0x0085
                           000086   890 G$PORTA_6$0$0 == 0x0086
                           000086   891 _PORTA_6	=	0x0086
                           000087   892 G$PORTA_7$0$0 == 0x0087
                           000087   893 _PORTA_7	=	0x0087
                           000088   894 G$PORTB_0$0$0 == 0x0088
                           000088   895 _PORTB_0	=	0x0088
                           000089   896 G$PORTB_1$0$0 == 0x0089
                           000089   897 _PORTB_1	=	0x0089
                           00008A   898 G$PORTB_2$0$0 == 0x008a
                           00008A   899 _PORTB_2	=	0x008a
                           00008B   900 G$PORTB_3$0$0 == 0x008b
                           00008B   901 _PORTB_3	=	0x008b
                           00008C   902 G$PORTB_4$0$0 == 0x008c
                           00008C   903 _PORTB_4	=	0x008c
                           00008D   904 G$PORTB_5$0$0 == 0x008d
                           00008D   905 _PORTB_5	=	0x008d
                           00008E   906 G$PORTB_6$0$0 == 0x008e
                           00008E   907 _PORTB_6	=	0x008e
                           00008F   908 G$PORTB_7$0$0 == 0x008f
                           00008F   909 _PORTB_7	=	0x008f
                           000090   910 G$PORTC_0$0$0 == 0x0090
                           000090   911 _PORTC_0	=	0x0090
                           000091   912 G$PORTC_1$0$0 == 0x0091
                           000091   913 _PORTC_1	=	0x0091
                           000092   914 G$PORTC_2$0$0 == 0x0092
                           000092   915 _PORTC_2	=	0x0092
                           000093   916 G$PORTC_3$0$0 == 0x0093
                           000093   917 _PORTC_3	=	0x0093
                           000094   918 G$PORTC_4$0$0 == 0x0094
                           000094   919 _PORTC_4	=	0x0094
                           000095   920 G$PORTC_5$0$0 == 0x0095
                           000095   921 _PORTC_5	=	0x0095
                           000096   922 G$PORTC_6$0$0 == 0x0096
                           000096   923 _PORTC_6	=	0x0096
                           000097   924 G$PORTC_7$0$0 == 0x0097
                           000097   925 _PORTC_7	=	0x0097
                                    926 ;--------------------------------------------------------
                                    927 ; overlayable register banks
                                    928 ;--------------------------------------------------------
                                    929 	.area REG_BANK_0	(REL,OVR,DATA)
      000000                        930 	.ds 8
                                    931 ;--------------------------------------------------------
                                    932 ; internal ram data
                                    933 ;--------------------------------------------------------
                                    934 	.area DSEG    (DATA)
                                    935 ;--------------------------------------------------------
                                    936 ; overlayable items in internal ram 
                                    937 ;--------------------------------------------------------
                                    938 	.area	OSEG    (OVR,DATA)
                                    939 	.area	OSEG    (OVR,DATA)
                                    940 	.area	OSEG    (OVR,DATA)
                                    941 ;--------------------------------------------------------
                                    942 ; indirectly addressable internal ram data
                                    943 ;--------------------------------------------------------
                                    944 	.area ISEG    (DATA)
                                    945 ;--------------------------------------------------------
                                    946 ; absolute internal ram data
                                    947 ;--------------------------------------------------------
                                    948 	.area IABS    (ABS,DATA)
                                    949 	.area IABS    (ABS,DATA)
                                    950 ;--------------------------------------------------------
                                    951 ; bit data
                                    952 ;--------------------------------------------------------
                                    953 	.area BSEG    (BIT)
                                    954 ;--------------------------------------------------------
                                    955 ; paged external ram data
                                    956 ;--------------------------------------------------------
                                    957 	.area PSEG    (PAG,XDATA)
                                    958 ;--------------------------------------------------------
                                    959 ; external ram data
                                    960 ;--------------------------------------------------------
                                    961 	.area XSEG    (XDATA)
                           007020   962 G$ADCCH0VAL0$0$0 == 0x7020
                           007020   963 _ADCCH0VAL0	=	0x7020
                           007021   964 G$ADCCH0VAL1$0$0 == 0x7021
                           007021   965 _ADCCH0VAL1	=	0x7021
                           007020   966 G$ADCCH0VAL$0$0 == 0x7020
                           007020   967 _ADCCH0VAL	=	0x7020
                           007022   968 G$ADCCH1VAL0$0$0 == 0x7022
                           007022   969 _ADCCH1VAL0	=	0x7022
                           007023   970 G$ADCCH1VAL1$0$0 == 0x7023
                           007023   971 _ADCCH1VAL1	=	0x7023
                           007022   972 G$ADCCH1VAL$0$0 == 0x7022
                           007022   973 _ADCCH1VAL	=	0x7022
                           007024   974 G$ADCCH2VAL0$0$0 == 0x7024
                           007024   975 _ADCCH2VAL0	=	0x7024
                           007025   976 G$ADCCH2VAL1$0$0 == 0x7025
                           007025   977 _ADCCH2VAL1	=	0x7025
                           007024   978 G$ADCCH2VAL$0$0 == 0x7024
                           007024   979 _ADCCH2VAL	=	0x7024
                           007026   980 G$ADCCH3VAL0$0$0 == 0x7026
                           007026   981 _ADCCH3VAL0	=	0x7026
                           007027   982 G$ADCCH3VAL1$0$0 == 0x7027
                           007027   983 _ADCCH3VAL1	=	0x7027
                           007026   984 G$ADCCH3VAL$0$0 == 0x7026
                           007026   985 _ADCCH3VAL	=	0x7026
                           007028   986 G$ADCTUNE0$0$0 == 0x7028
                           007028   987 _ADCTUNE0	=	0x7028
                           007029   988 G$ADCTUNE1$0$0 == 0x7029
                           007029   989 _ADCTUNE1	=	0x7029
                           00702A   990 G$ADCTUNE2$0$0 == 0x702a
                           00702A   991 _ADCTUNE2	=	0x702a
                           007010   992 G$DMA0ADDR0$0$0 == 0x7010
                           007010   993 _DMA0ADDR0	=	0x7010
                           007011   994 G$DMA0ADDR1$0$0 == 0x7011
                           007011   995 _DMA0ADDR1	=	0x7011
                           007010   996 G$DMA0ADDR$0$0 == 0x7010
                           007010   997 _DMA0ADDR	=	0x7010
                           007014   998 G$DMA0CONFIG$0$0 == 0x7014
                           007014   999 _DMA0CONFIG	=	0x7014
                           007012  1000 G$DMA1ADDR0$0$0 == 0x7012
                           007012  1001 _DMA1ADDR0	=	0x7012
                           007013  1002 G$DMA1ADDR1$0$0 == 0x7013
                           007013  1003 _DMA1ADDR1	=	0x7013
                           007012  1004 G$DMA1ADDR$0$0 == 0x7012
                           007012  1005 _DMA1ADDR	=	0x7012
                           007015  1006 G$DMA1CONFIG$0$0 == 0x7015
                           007015  1007 _DMA1CONFIG	=	0x7015
                           007070  1008 G$FRCOSCCONFIG$0$0 == 0x7070
                           007070  1009 _FRCOSCCONFIG	=	0x7070
                           007071  1010 G$FRCOSCCTRL$0$0 == 0x7071
                           007071  1011 _FRCOSCCTRL	=	0x7071
                           007076  1012 G$FRCOSCFREQ0$0$0 == 0x7076
                           007076  1013 _FRCOSCFREQ0	=	0x7076
                           007077  1014 G$FRCOSCFREQ1$0$0 == 0x7077
                           007077  1015 _FRCOSCFREQ1	=	0x7077
                           007076  1016 G$FRCOSCFREQ$0$0 == 0x7076
                           007076  1017 _FRCOSCFREQ	=	0x7076
                           007072  1018 G$FRCOSCKFILT0$0$0 == 0x7072
                           007072  1019 _FRCOSCKFILT0	=	0x7072
                           007073  1020 G$FRCOSCKFILT1$0$0 == 0x7073
                           007073  1021 _FRCOSCKFILT1	=	0x7073
                           007072  1022 G$FRCOSCKFILT$0$0 == 0x7072
                           007072  1023 _FRCOSCKFILT	=	0x7072
                           007078  1024 G$FRCOSCPER0$0$0 == 0x7078
                           007078  1025 _FRCOSCPER0	=	0x7078
                           007079  1026 G$FRCOSCPER1$0$0 == 0x7079
                           007079  1027 _FRCOSCPER1	=	0x7079
                           007078  1028 G$FRCOSCPER$0$0 == 0x7078
                           007078  1029 _FRCOSCPER	=	0x7078
                           007074  1030 G$FRCOSCREF0$0$0 == 0x7074
                           007074  1031 _FRCOSCREF0	=	0x7074
                           007075  1032 G$FRCOSCREF1$0$0 == 0x7075
                           007075  1033 _FRCOSCREF1	=	0x7075
                           007074  1034 G$FRCOSCREF$0$0 == 0x7074
                           007074  1035 _FRCOSCREF	=	0x7074
                           007007  1036 G$ANALOGA$0$0 == 0x7007
                           007007  1037 _ANALOGA	=	0x7007
                           00700C  1038 G$GPIOENABLE$0$0 == 0x700c
                           00700C  1039 _GPIOENABLE	=	0x700c
                           007003  1040 G$EXTIRQ$0$0 == 0x7003
                           007003  1041 _EXTIRQ	=	0x7003
                           007000  1042 G$INTCHGA$0$0 == 0x7000
                           007000  1043 _INTCHGA	=	0x7000
                           007001  1044 G$INTCHGB$0$0 == 0x7001
                           007001  1045 _INTCHGB	=	0x7001
                           007002  1046 G$INTCHGC$0$0 == 0x7002
                           007002  1047 _INTCHGC	=	0x7002
                           007008  1048 G$PALTA$0$0 == 0x7008
                           007008  1049 _PALTA	=	0x7008
                           007009  1050 G$PALTB$0$0 == 0x7009
                           007009  1051 _PALTB	=	0x7009
                           00700A  1052 G$PALTC$0$0 == 0x700a
                           00700A  1053 _PALTC	=	0x700a
                           007046  1054 G$PALTRADIO$0$0 == 0x7046
                           007046  1055 _PALTRADIO	=	0x7046
                           007004  1056 G$PINCHGA$0$0 == 0x7004
                           007004  1057 _PINCHGA	=	0x7004
                           007005  1058 G$PINCHGB$0$0 == 0x7005
                           007005  1059 _PINCHGB	=	0x7005
                           007006  1060 G$PINCHGC$0$0 == 0x7006
                           007006  1061 _PINCHGC	=	0x7006
                           00700B  1062 G$PINSEL$0$0 == 0x700b
                           00700B  1063 _PINSEL	=	0x700b
                           007060  1064 G$LPOSCCONFIG$0$0 == 0x7060
                           007060  1065 _LPOSCCONFIG	=	0x7060
                           007066  1066 G$LPOSCFREQ0$0$0 == 0x7066
                           007066  1067 _LPOSCFREQ0	=	0x7066
                           007067  1068 G$LPOSCFREQ1$0$0 == 0x7067
                           007067  1069 _LPOSCFREQ1	=	0x7067
                           007066  1070 G$LPOSCFREQ$0$0 == 0x7066
                           007066  1071 _LPOSCFREQ	=	0x7066
                           007062  1072 G$LPOSCKFILT0$0$0 == 0x7062
                           007062  1073 _LPOSCKFILT0	=	0x7062
                           007063  1074 G$LPOSCKFILT1$0$0 == 0x7063
                           007063  1075 _LPOSCKFILT1	=	0x7063
                           007062  1076 G$LPOSCKFILT$0$0 == 0x7062
                           007062  1077 _LPOSCKFILT	=	0x7062
                           007068  1078 G$LPOSCPER0$0$0 == 0x7068
                           007068  1079 _LPOSCPER0	=	0x7068
                           007069  1080 G$LPOSCPER1$0$0 == 0x7069
                           007069  1081 _LPOSCPER1	=	0x7069
                           007068  1082 G$LPOSCPER$0$0 == 0x7068
                           007068  1083 _LPOSCPER	=	0x7068
                           007064  1084 G$LPOSCREF0$0$0 == 0x7064
                           007064  1085 _LPOSCREF0	=	0x7064
                           007065  1086 G$LPOSCREF1$0$0 == 0x7065
                           007065  1087 _LPOSCREF1	=	0x7065
                           007064  1088 G$LPOSCREF$0$0 == 0x7064
                           007064  1089 _LPOSCREF	=	0x7064
                           007054  1090 G$LPXOSCGM$0$0 == 0x7054
                           007054  1091 _LPXOSCGM	=	0x7054
                           007F01  1092 G$MISCCTRL$0$0 == 0x7f01
                           007F01  1093 _MISCCTRL	=	0x7f01
                           007053  1094 G$OSCCALIB$0$0 == 0x7053
                           007053  1095 _OSCCALIB	=	0x7053
                           007050  1096 G$OSCFORCERUN$0$0 == 0x7050
                           007050  1097 _OSCFORCERUN	=	0x7050
                           007052  1098 G$OSCREADY$0$0 == 0x7052
                           007052  1099 _OSCREADY	=	0x7052
                           007051  1100 G$OSCRUN$0$0 == 0x7051
                           007051  1101 _OSCRUN	=	0x7051
                           007040  1102 G$RADIOFDATAADDR0$0$0 == 0x7040
                           007040  1103 _RADIOFDATAADDR0	=	0x7040
                           007041  1104 G$RADIOFDATAADDR1$0$0 == 0x7041
                           007041  1105 _RADIOFDATAADDR1	=	0x7041
                           007040  1106 G$RADIOFDATAADDR$0$0 == 0x7040
                           007040  1107 _RADIOFDATAADDR	=	0x7040
                           007042  1108 G$RADIOFSTATADDR0$0$0 == 0x7042
                           007042  1109 _RADIOFSTATADDR0	=	0x7042
                           007043  1110 G$RADIOFSTATADDR1$0$0 == 0x7043
                           007043  1111 _RADIOFSTATADDR1	=	0x7043
                           007042  1112 G$RADIOFSTATADDR$0$0 == 0x7042
                           007042  1113 _RADIOFSTATADDR	=	0x7042
                           007044  1114 G$RADIOMUX$0$0 == 0x7044
                           007044  1115 _RADIOMUX	=	0x7044
                           007084  1116 G$SCRATCH0$0$0 == 0x7084
                           007084  1117 _SCRATCH0	=	0x7084
                           007085  1118 G$SCRATCH1$0$0 == 0x7085
                           007085  1119 _SCRATCH1	=	0x7085
                           007086  1120 G$SCRATCH2$0$0 == 0x7086
                           007086  1121 _SCRATCH2	=	0x7086
                           007087  1122 G$SCRATCH3$0$0 == 0x7087
                           007087  1123 _SCRATCH3	=	0x7087
                           007F00  1124 G$SILICONREV$0$0 == 0x7f00
                           007F00  1125 _SILICONREV	=	0x7f00
                           007F19  1126 G$XTALAMPL$0$0 == 0x7f19
                           007F19  1127 _XTALAMPL	=	0x7f19
                           007F18  1128 G$XTALOSC$0$0 == 0x7f18
                           007F18  1129 _XTALOSC	=	0x7f18
                           007F1A  1130 G$XTALREADY$0$0 == 0x7f1a
                           007F1A  1131 _XTALREADY	=	0x7f1a
                           00FC06  1132 Fmisc$flash_deviceid$0$0 == 0xfc06
                           00FC06  1133 _flash_deviceid	=	0xfc06
                           00FC00  1134 Fmisc$flash_calsector$0$0 == 0xfc00
                           00FC00  1135 _flash_calsector	=	0xfc00
                           000000  1136 Fmisc$delaymstimer$0$0==.
      000000                       1137 _delaymstimer:
      000000                       1138 	.ds 8
                                   1139 ;--------------------------------------------------------
                                   1140 ; absolute external ram data
                                   1141 ;--------------------------------------------------------
                                   1142 	.area XABS    (ABS,XDATA)
                                   1143 ;--------------------------------------------------------
                                   1144 ; external initialized ram data
                                   1145 ;--------------------------------------------------------
                                   1146 	.area XISEG   (XDATA)
                                   1147 	.area HOME    (CODE)
                                   1148 	.area GSINIT0 (CODE)
                                   1149 	.area GSINIT1 (CODE)
                                   1150 	.area GSINIT2 (CODE)
                                   1151 	.area GSINIT3 (CODE)
                                   1152 	.area GSINIT4 (CODE)
                                   1153 	.area GSINIT5 (CODE)
                                   1154 	.area GSINIT  (CODE)
                                   1155 	.area GSFINAL (CODE)
                                   1156 	.area CSEG    (CODE)
                                   1157 ;--------------------------------------------------------
                                   1158 ; global & static initialisations
                                   1159 ;--------------------------------------------------------
                                   1160 	.area HOME    (CODE)
                                   1161 	.area GSINIT  (CODE)
                                   1162 	.area GSFINAL (CODE)
                                   1163 	.area GSINIT  (CODE)
                                   1164 ;--------------------------------------------------------
                                   1165 ; Home
                                   1166 ;--------------------------------------------------------
                                   1167 	.area HOME    (CODE)
                                   1168 	.area HOME    (CODE)
                                   1169 ;--------------------------------------------------------
                                   1170 ; code
                                   1171 ;--------------------------------------------------------
                                   1172 	.area CSEG    (CODE)
                                   1173 ;------------------------------------------------------------
                                   1174 ;Allocation info for local variables in function 'lcd2_display_radio_error'
                                   1175 ;------------------------------------------------------------
                                   1176 ;err                       Allocated to registers r7 
                                   1177 ;p                         Allocated to registers 
                                   1178 ;------------------------------------------------------------
                           000000  1179 	G$lcd2_display_radio_error$0$0 ==.
                           000000  1180 	C$misc.c$74$0$0 ==.
                                   1181 ;	..\COMMON\misc.c:74: void lcd2_display_radio_error(uint8_t err)
                                   1182 ;	-----------------------------------------
                                   1183 ;	 function lcd2_display_radio_error
                                   1184 ;	-----------------------------------------
      000000                       1185 _lcd2_display_radio_error:
                           000007  1186 	ar7 = 0x07
                           000006  1187 	ar6 = 0x06
                           000005  1188 	ar5 = 0x05
                           000004  1189 	ar4 = 0x04
                           000003  1190 	ar3 = 0x03
                           000002  1191 	ar2 = 0x02
                           000001  1192 	ar1 = 0x01
                           000000  1193 	ar0 = 0x00
      000000 AF 82            [24] 1194 	mov	r7,dpl
                           000002  1195 	C$misc.c$76$1$0 ==.
                                   1196 ;	..\COMMON\misc.c:76: const struct errtbl __code *p = errtbl;
      000002 7Dr00            [12] 1197 	mov	r5,#_errtbl
      000004 7Es00            [12] 1198 	mov	r6,#(_errtbl >> 8)
                           000006  1199 	C$misc.c$77$1$337 ==.
                                   1200 ;	..\COMMON\misc.c:77: do {
      000006                       1201 00107$:
                           000006  1202 	C$misc.c$78$2$338 ==.
                                   1203 ;	..\COMMON\misc.c:78: if (p->errcode == err) {
      000006 8D 82            [24] 1204 	mov	dpl,r5
      000008 8E 83            [24] 1205 	mov	dph,r6
      00000A E4               [12] 1206 	clr	a
      00000B 93               [24] 1207 	movc	a,@a+dptr
      00000C FC               [12] 1208 	mov	r4,a
      00000D B5 07 02         [24] 1209 	cjne	a,ar7,00106$
                           000010  1210 	C$misc.c$81$3$339 ==.
                                   1211 ;	..\COMMON\misc.c:81: return;
      000010 80 0F            [24] 1212 	sjmp	00110$
      000012                       1213 00106$:
                           000012  1214 	C$misc.c$83$2$338 ==.
                                   1215 ;	..\COMMON\misc.c:83: ++p;
      000012 74 03            [12] 1216 	mov	a,#0x03
      000014 2D               [12] 1217 	add	a,r5
      000015 FD               [12] 1218 	mov	r5,a
      000016 E4               [12] 1219 	clr	a
      000017 3E               [12] 1220 	addc	a,r6
      000018 FE               [12] 1221 	mov	r6,a
                           000019  1222 	C$misc.c$84$1$337 ==.
                                   1223 ;	..\COMMON\misc.c:84: } while (p->errcode != AXRADIO_ERR_NOERROR);
      000019 8D 82            [24] 1224 	mov	dpl,r5
      00001B 8E 83            [24] 1225 	mov	dph,r6
      00001D E4               [12] 1226 	clr	a
      00001E 93               [24] 1227 	movc	a,@a+dptr
      00001F 70 E5            [24] 1228 	jnz	00107$
      000021                       1229 00110$:
                           000021  1230 	C$misc.c$85$1$337 ==.
                           000021  1231 	XG$lcd2_display_radio_error$0$0 ==.
      000021 22               [24] 1232 	ret
                                   1233 ;------------------------------------------------------------
                                   1234 ;Allocation info for local variables in function 'dbglink_display_radio_error'
                                   1235 ;------------------------------------------------------------
                                   1236 ;err                       Allocated to registers 
                                   1237 ;p                         Allocated to registers 
                                   1238 ;------------------------------------------------------------
                           000022  1239 	G$dbglink_display_radio_error$0$0 ==.
                           000022  1240 	C$misc.c$102$1$337 ==.
                                   1241 ;	..\COMMON\misc.c:102: void dbglink_display_radio_error(uint8_t err)
                                   1242 ;	-----------------------------------------
                                   1243 ;	 function dbglink_display_radio_error
                                   1244 ;	-----------------------------------------
      000022                       1245 _dbglink_display_radio_error:
                           000022  1246 	C$misc.c$104$1$337 ==.
                                   1247 ;	..\COMMON\misc.c:104: const struct errtbl __code *p = errtbl;
                           000022  1248 	C$misc.c$105$1$343 ==.
                                   1249 ;	..\COMMON\misc.c:105: if (!(DBGLNKSTAT & 0x10))
      000022 E5 E2            [12] 1250 	mov	a,_DBGLNKSTAT
      000024 20 E4 02         [24] 1251 	jb	acc.4,00109$
                           000027  1252 	C$misc.c$106$1$343 ==.
                                   1253 ;	..\COMMON\misc.c:106: return;
                           000027  1254 	C$misc.c$107$1$343 ==.
                                   1255 ;	..\COMMON\misc.c:107: do {
      000027 80 13            [24] 1256 	sjmp	00106$
      000029                       1257 00109$:
      000029 7Er00            [12] 1258 	mov	r6,#_errtbl
      00002B 7Fs00            [12] 1259 	mov	r7,#(_errtbl >> 8)
      00002D                       1260 00103$:
                           00002D  1261 	C$misc.c$114$2$344 ==.
                                   1262 ;	..\COMMON\misc.c:114: ++p;
      00002D 74 03            [12] 1263 	mov	a,#0x03
      00002F 2E               [12] 1264 	add	a,r6
      000030 FE               [12] 1265 	mov	r6,a
      000031 E4               [12] 1266 	clr	a
      000032 3F               [12] 1267 	addc	a,r7
      000033 FF               [12] 1268 	mov	r7,a
                           000034  1269 	C$misc.c$115$1$343 ==.
                                   1270 ;	..\COMMON\misc.c:115: } while (p->errcode != AXRADIO_ERR_NOERROR);
      000034 8E 82            [24] 1271 	mov	dpl,r6
      000036 8F 83            [24] 1272 	mov	dph,r7
      000038 E4               [12] 1273 	clr	a
      000039 93               [24] 1274 	movc	a,@a+dptr
      00003A 70 F1            [24] 1275 	jnz	00103$
      00003C                       1276 00106$:
                           00003C  1277 	C$misc.c$116$1$343 ==.
                           00003C  1278 	XG$dbglink_display_radio_error$0$0 ==.
      00003C 22               [24] 1279 	ret
                                   1280 ;------------------------------------------------------------
                                   1281 ;Allocation info for local variables in function 'delayms_callback'
                                   1282 ;------------------------------------------------------------
                                   1283 ;desc                      Allocated to registers 
                                   1284 ;------------------------------------------------------------
                           00003D  1285 	Fmisc$delayms_callback$0$0 ==.
                           00003D  1286 	C$misc.c$121$1$343 ==.
                                   1287 ;	..\COMMON\misc.c:121: static void delayms_callback(struct wtimer_desc __xdata *desc)
                                   1288 ;	-----------------------------------------
                                   1289 ;	 function delayms_callback
                                   1290 ;	-----------------------------------------
      00003D                       1291 _delayms_callback:
                           00003D  1292 	C$misc.c$124$1$347 ==.
                                   1293 ;	..\COMMON\misc.c:124: delaymstimer.handler = 0;
      00003D 90r00r02         [24] 1294 	mov	dptr,#(_delaymstimer + 0x0002)
      000040 E4               [12] 1295 	clr	a
      000041 F0               [24] 1296 	movx	@dptr,a
      000042 A3               [24] 1297 	inc	dptr
      000043 F0               [24] 1298 	movx	@dptr,a
                           000044  1299 	C$misc.c$125$1$347 ==.
                           000044  1300 	XFmisc$delayms_callback$0$0 ==.
      000044 22               [24] 1301 	ret
                                   1302 ;------------------------------------------------------------
                                   1303 ;Allocation info for local variables in function 'delay_ms'
                                   1304 ;------------------------------------------------------------
                                   1305 ;ms                        Allocated to registers r6 r7 
                                   1306 ;x                         Allocated to stack - _bp +1
                                   1307 ;------------------------------------------------------------
                           000045  1308 	G$delay_ms$0$0 ==.
                           000045  1309 	C$misc.c$127$1$347 ==.
                                   1310 ;	..\COMMON\misc.c:127: __reentrantb void delay_ms(uint16_t ms) __reentrant
                                   1311 ;	-----------------------------------------
                                   1312 ;	 function delay_ms
                                   1313 ;	-----------------------------------------
      000045                       1314 _delay_ms:
      000045 C0*00            [24] 1315 	push	_bp
      000047 E5 81            [12] 1316 	mov	a,sp
      000049 F5*00            [12] 1317 	mov	_bp,a
      00004B 24 04            [12] 1318 	add	a,#0x04
      00004D F5 81            [12] 1319 	mov	sp,a
      00004F AE 82            [24] 1320 	mov	r6,dpl
      000051 AF 83            [24] 1321 	mov	r7,dph
                           000053  1322 	C$misc.c$131$1$349 ==.
                                   1323 ;	..\COMMON\misc.c:131: wtimer_remove(&delaymstimer);
      000053 90r00r00         [24] 1324 	mov	dptr,#_delaymstimer
      000056 C0 07            [24] 1325 	push	ar7
      000058 C0 06            [24] 1326 	push	ar6
      00005A 12r00r00         [24] 1327 	lcall	_wtimer_remove
      00005D D0 06            [24] 1328 	pop	ar6
      00005F D0 07            [24] 1329 	pop	ar7
                           000061  1330 	C$misc.c$132$1$349 ==.
                                   1331 ;	..\COMMON\misc.c:132: x = ms;
      000061 A8*00            [24] 1332 	mov	r0,_bp
      000063 08               [12] 1333 	inc	r0
      000064 A6 06            [24] 1334 	mov	@r0,ar6
      000066 08               [12] 1335 	inc	r0
      000067 A6 07            [24] 1336 	mov	@r0,ar7
      000069 08               [12] 1337 	inc	r0
      00006A 76 00            [12] 1338 	mov	@r0,#0x00
      00006C 08               [12] 1339 	inc	r0
      00006D 76 00            [12] 1340 	mov	@r0,#0x00
                           00006F  1341 	C$misc.c$133$1$349 ==.
                                   1342 ;	..\COMMON\misc.c:133: delaymstimer.time = ms >> 1;
      00006F EF               [12] 1343 	mov	a,r7
      000070 C3               [12] 1344 	clr	c
      000071 13               [12] 1345 	rrc	a
      000072 CE               [12] 1346 	xch	a,r6
      000073 13               [12] 1347 	rrc	a
      000074 CE               [12] 1348 	xch	a,r6
      000075 FF               [12] 1349 	mov	r7,a
      000076 8E 04            [24] 1350 	mov	ar4,r6
      000078 8F 05            [24] 1351 	mov	ar5,r7
      00007A 7E 00            [12] 1352 	mov	r6,#0x00
      00007C 7F 00            [12] 1353 	mov	r7,#0x00
      00007E 90r00r04         [24] 1354 	mov	dptr,#(_delaymstimer + 0x0004)
      000081 EC               [12] 1355 	mov	a,r4
      000082 F0               [24] 1356 	movx	@dptr,a
      000083 ED               [12] 1357 	mov	a,r5
      000084 A3               [24] 1358 	inc	dptr
      000085 F0               [24] 1359 	movx	@dptr,a
      000086 EE               [12] 1360 	mov	a,r6
      000087 A3               [24] 1361 	inc	dptr
      000088 F0               [24] 1362 	movx	@dptr,a
      000089 EF               [12] 1363 	mov	a,r7
      00008A A3               [24] 1364 	inc	dptr
      00008B F0               [24] 1365 	movx	@dptr,a
                           00008C  1366 	C$misc.c$134$1$349 ==.
                                   1367 ;	..\COMMON\misc.c:134: x <<= 3;
      00008C A8*00            [24] 1368 	mov	r0,_bp
      00008E 08               [12] 1369 	inc	r0
      00008F 08               [12] 1370 	inc	r0
      000090 08               [12] 1371 	inc	r0
      000091 08               [12] 1372 	inc	r0
      000092 E6               [12] 1373 	mov	a,@r0
      000093 18               [12] 1374 	dec	r0
      000094 C4               [12] 1375 	swap	a
      000095 03               [12] 1376 	rr	a
      000096 54 F8            [12] 1377 	anl	a,#0xf8
      000098 C6               [12] 1378 	xch	a,@r0
      000099 C4               [12] 1379 	swap	a
      00009A 03               [12] 1380 	rr	a
      00009B C6               [12] 1381 	xch	a,@r0
      00009C 66               [12] 1382 	xrl	a,@r0
      00009D C6               [12] 1383 	xch	a,@r0
      00009E 54 F8            [12] 1384 	anl	a,#0xf8
      0000A0 C6               [12] 1385 	xch	a,@r0
      0000A1 66               [12] 1386 	xrl	a,@r0
      0000A2 08               [12] 1387 	inc	r0
      0000A3 F6               [12] 1388 	mov	@r0,a
      0000A4 18               [12] 1389 	dec	r0
      0000A5 18               [12] 1390 	dec	r0
      0000A6 E6               [12] 1391 	mov	a,@r0
      0000A7 C4               [12] 1392 	swap	a
      0000A8 03               [12] 1393 	rr	a
      0000A9 54 07            [12] 1394 	anl	a,#0x07
      0000AB 08               [12] 1395 	inc	r0
      0000AC 46               [12] 1396 	orl	a,@r0
      0000AD F6               [12] 1397 	mov	@r0,a
      0000AE 18               [12] 1398 	dec	r0
      0000AF E6               [12] 1399 	mov	a,@r0
      0000B0 18               [12] 1400 	dec	r0
      0000B1 C4               [12] 1401 	swap	a
      0000B2 03               [12] 1402 	rr	a
      0000B3 54 F8            [12] 1403 	anl	a,#0xf8
      0000B5 C6               [12] 1404 	xch	a,@r0
      0000B6 C4               [12] 1405 	swap	a
      0000B7 03               [12] 1406 	rr	a
      0000B8 C6               [12] 1407 	xch	a,@r0
      0000B9 66               [12] 1408 	xrl	a,@r0
      0000BA C6               [12] 1409 	xch	a,@r0
      0000BB 54 F8            [12] 1410 	anl	a,#0xf8
      0000BD C6               [12] 1411 	xch	a,@r0
      0000BE 66               [12] 1412 	xrl	a,@r0
      0000BF 08               [12] 1413 	inc	r0
      0000C0 F6               [12] 1414 	mov	@r0,a
                           0000C1  1415 	C$misc.c$135$1$349 ==.
                                   1416 ;	..\COMMON\misc.c:135: delaymstimer.time -= x;
      0000C1 A8*00            [24] 1417 	mov	r0,_bp
      0000C3 08               [12] 1418 	inc	r0
      0000C4 EC               [12] 1419 	mov	a,r4
      0000C5 C3               [12] 1420 	clr	c
      0000C6 96               [12] 1421 	subb	a,@r0
      0000C7 FC               [12] 1422 	mov	r4,a
      0000C8 ED               [12] 1423 	mov	a,r5
      0000C9 08               [12] 1424 	inc	r0
      0000CA 96               [12] 1425 	subb	a,@r0
      0000CB FD               [12] 1426 	mov	r5,a
      0000CC EE               [12] 1427 	mov	a,r6
      0000CD 08               [12] 1428 	inc	r0
      0000CE 96               [12] 1429 	subb	a,@r0
      0000CF FE               [12] 1430 	mov	r6,a
      0000D0 EF               [12] 1431 	mov	a,r7
      0000D1 08               [12] 1432 	inc	r0
      0000D2 96               [12] 1433 	subb	a,@r0
      0000D3 FF               [12] 1434 	mov	r7,a
      0000D4 90r00r04         [24] 1435 	mov	dptr,#(_delaymstimer + 0x0004)
      0000D7 EC               [12] 1436 	mov	a,r4
      0000D8 F0               [24] 1437 	movx	@dptr,a
      0000D9 ED               [12] 1438 	mov	a,r5
      0000DA A3               [24] 1439 	inc	dptr
      0000DB F0               [24] 1440 	movx	@dptr,a
      0000DC EE               [12] 1441 	mov	a,r6
      0000DD A3               [24] 1442 	inc	dptr
      0000DE F0               [24] 1443 	movx	@dptr,a
      0000DF EF               [12] 1444 	mov	a,r7
      0000E0 A3               [24] 1445 	inc	dptr
      0000E1 F0               [24] 1446 	movx	@dptr,a
                           0000E2  1447 	C$misc.c$136$1$349 ==.
                                   1448 ;	..\COMMON\misc.c:136: x <<= 3;
      0000E2 A8*00            [24] 1449 	mov	r0,_bp
      0000E4 08               [12] 1450 	inc	r0
      0000E5 08               [12] 1451 	inc	r0
      0000E6 08               [12] 1452 	inc	r0
      0000E7 08               [12] 1453 	inc	r0
      0000E8 E6               [12] 1454 	mov	a,@r0
      0000E9 18               [12] 1455 	dec	r0
      0000EA C4               [12] 1456 	swap	a
      0000EB 03               [12] 1457 	rr	a
      0000EC 54 F8            [12] 1458 	anl	a,#0xf8
      0000EE C6               [12] 1459 	xch	a,@r0
      0000EF C4               [12] 1460 	swap	a
      0000F0 03               [12] 1461 	rr	a
      0000F1 C6               [12] 1462 	xch	a,@r0
      0000F2 66               [12] 1463 	xrl	a,@r0
      0000F3 C6               [12] 1464 	xch	a,@r0
      0000F4 54 F8            [12] 1465 	anl	a,#0xf8
      0000F6 C6               [12] 1466 	xch	a,@r0
      0000F7 66               [12] 1467 	xrl	a,@r0
      0000F8 08               [12] 1468 	inc	r0
      0000F9 F6               [12] 1469 	mov	@r0,a
      0000FA 18               [12] 1470 	dec	r0
      0000FB 18               [12] 1471 	dec	r0
      0000FC E6               [12] 1472 	mov	a,@r0
      0000FD C4               [12] 1473 	swap	a
      0000FE 03               [12] 1474 	rr	a
      0000FF 54 07            [12] 1475 	anl	a,#0x07
      000101 08               [12] 1476 	inc	r0
      000102 46               [12] 1477 	orl	a,@r0
      000103 F6               [12] 1478 	mov	@r0,a
      000104 18               [12] 1479 	dec	r0
      000105 E6               [12] 1480 	mov	a,@r0
      000106 18               [12] 1481 	dec	r0
      000107 C4               [12] 1482 	swap	a
      000108 03               [12] 1483 	rr	a
      000109 54 F8            [12] 1484 	anl	a,#0xf8
      00010B C6               [12] 1485 	xch	a,@r0
      00010C C4               [12] 1486 	swap	a
      00010D 03               [12] 1487 	rr	a
      00010E C6               [12] 1488 	xch	a,@r0
      00010F 66               [12] 1489 	xrl	a,@r0
      000110 C6               [12] 1490 	xch	a,@r0
      000111 54 F8            [12] 1491 	anl	a,#0xf8
      000113 C6               [12] 1492 	xch	a,@r0
      000114 66               [12] 1493 	xrl	a,@r0
      000115 08               [12] 1494 	inc	r0
      000116 F6               [12] 1495 	mov	@r0,a
                           000117  1496 	C$misc.c$137$1$349 ==.
                                   1497 ;	..\COMMON\misc.c:137: delaymstimer.time += x;
      000117 A8*00            [24] 1498 	mov	r0,_bp
      000119 08               [12] 1499 	inc	r0
      00011A E6               [12] 1500 	mov	a,@r0
      00011B 2C               [12] 1501 	add	a,r4
      00011C FC               [12] 1502 	mov	r4,a
      00011D 08               [12] 1503 	inc	r0
      00011E E6               [12] 1504 	mov	a,@r0
      00011F 3D               [12] 1505 	addc	a,r5
      000120 FD               [12] 1506 	mov	r5,a
      000121 08               [12] 1507 	inc	r0
      000122 E6               [12] 1508 	mov	a,@r0
      000123 3E               [12] 1509 	addc	a,r6
      000124 FE               [12] 1510 	mov	r6,a
      000125 08               [12] 1511 	inc	r0
      000126 E6               [12] 1512 	mov	a,@r0
      000127 3F               [12] 1513 	addc	a,r7
      000128 FF               [12] 1514 	mov	r7,a
      000129 90r00r04         [24] 1515 	mov	dptr,#(_delaymstimer + 0x0004)
      00012C EC               [12] 1516 	mov	a,r4
      00012D F0               [24] 1517 	movx	@dptr,a
      00012E ED               [12] 1518 	mov	a,r5
      00012F A3               [24] 1519 	inc	dptr
      000130 F0               [24] 1520 	movx	@dptr,a
      000131 EE               [12] 1521 	mov	a,r6
      000132 A3               [24] 1522 	inc	dptr
      000133 F0               [24] 1523 	movx	@dptr,a
      000134 EF               [12] 1524 	mov	a,r7
      000135 A3               [24] 1525 	inc	dptr
      000136 F0               [24] 1526 	movx	@dptr,a
                           000137  1527 	C$misc.c$138$1$349 ==.
                                   1528 ;	..\COMMON\misc.c:138: x <<= 2;
      000137 A8*00            [24] 1529 	mov	r0,_bp
      000139 08               [12] 1530 	inc	r0
      00013A E6               [12] 1531 	mov	a,@r0
      00013B 25 E0            [12] 1532 	add	a,acc
      00013D F6               [12] 1533 	mov	@r0,a
      00013E 08               [12] 1534 	inc	r0
      00013F E6               [12] 1535 	mov	a,@r0
      000140 33               [12] 1536 	rlc	a
      000141 F6               [12] 1537 	mov	@r0,a
      000142 08               [12] 1538 	inc	r0
      000143 E6               [12] 1539 	mov	a,@r0
      000144 33               [12] 1540 	rlc	a
      000145 F6               [12] 1541 	mov	@r0,a
      000146 08               [12] 1542 	inc	r0
      000147 E6               [12] 1543 	mov	a,@r0
      000148 33               [12] 1544 	rlc	a
      000149 F6               [12] 1545 	mov	@r0,a
      00014A 18               [12] 1546 	dec	r0
      00014B 18               [12] 1547 	dec	r0
      00014C 18               [12] 1548 	dec	r0
      00014D E6               [12] 1549 	mov	a,@r0
      00014E 25 E0            [12] 1550 	add	a,acc
      000150 F6               [12] 1551 	mov	@r0,a
      000151 08               [12] 1552 	inc	r0
      000152 E6               [12] 1553 	mov	a,@r0
      000153 33               [12] 1554 	rlc	a
      000154 F6               [12] 1555 	mov	@r0,a
      000155 08               [12] 1556 	inc	r0
      000156 E6               [12] 1557 	mov	a,@r0
      000157 33               [12] 1558 	rlc	a
      000158 F6               [12] 1559 	mov	@r0,a
      000159 08               [12] 1560 	inc	r0
      00015A E6               [12] 1561 	mov	a,@r0
      00015B 33               [12] 1562 	rlc	a
      00015C F6               [12] 1563 	mov	@r0,a
                           00015D  1564 	C$misc.c$139$1$349 ==.
                                   1565 ;	..\COMMON\misc.c:139: delaymstimer.time += x;
      00015D A8*00            [24] 1566 	mov	r0,_bp
      00015F 08               [12] 1567 	inc	r0
      000160 E6               [12] 1568 	mov	a,@r0
      000161 2C               [12] 1569 	add	a,r4
      000162 FC               [12] 1570 	mov	r4,a
      000163 08               [12] 1571 	inc	r0
      000164 E6               [12] 1572 	mov	a,@r0
      000165 3D               [12] 1573 	addc	a,r5
      000166 FD               [12] 1574 	mov	r5,a
      000167 08               [12] 1575 	inc	r0
      000168 E6               [12] 1576 	mov	a,@r0
      000169 3E               [12] 1577 	addc	a,r6
      00016A FE               [12] 1578 	mov	r6,a
      00016B 08               [12] 1579 	inc	r0
      00016C E6               [12] 1580 	mov	a,@r0
      00016D 3F               [12] 1581 	addc	a,r7
      00016E FF               [12] 1582 	mov	r7,a
      00016F 90r00r04         [24] 1583 	mov	dptr,#(_delaymstimer + 0x0004)
      000172 EC               [12] 1584 	mov	a,r4
      000173 F0               [24] 1585 	movx	@dptr,a
      000174 ED               [12] 1586 	mov	a,r5
      000175 A3               [24] 1587 	inc	dptr
      000176 F0               [24] 1588 	movx	@dptr,a
      000177 EE               [12] 1589 	mov	a,r6
      000178 A3               [24] 1590 	inc	dptr
      000179 F0               [24] 1591 	movx	@dptr,a
      00017A EF               [12] 1592 	mov	a,r7
      00017B A3               [24] 1593 	inc	dptr
      00017C F0               [24] 1594 	movx	@dptr,a
                           00017D  1595 	C$misc.c$140$1$349 ==.
                                   1596 ;	..\COMMON\misc.c:140: delaymstimer.handler = delayms_callback;
      00017D 90r00r02         [24] 1597 	mov	dptr,#(_delaymstimer + 0x0002)
      000180 74r3D            [12] 1598 	mov	a,#_delayms_callback
      000182 F0               [24] 1599 	movx	@dptr,a
      000183 74s00            [12] 1600 	mov	a,#(_delayms_callback >> 8)
      000185 A3               [24] 1601 	inc	dptr
      000186 F0               [24] 1602 	movx	@dptr,a
                           000187  1603 	C$misc.c$141$1$349 ==.
                                   1604 ;	..\COMMON\misc.c:141: wtimer1_addrelative(&delaymstimer);
      000187 90r00r00         [24] 1605 	mov	dptr,#_delaymstimer
      00018A 12r00r00         [24] 1606 	lcall	_wtimer1_addrelative
                           00018D  1607 	C$misc.c$142$1$349 ==.
                                   1608 ;	..\COMMON\misc.c:142: wtimer_runcallbacks();
      00018D 12r00r00         [24] 1609 	lcall	_wtimer_runcallbacks
                           000190  1610 	C$misc.c$143$1$349 ==.
                                   1611 ;	..\COMMON\misc.c:143: do {
      000190                       1612 00101$:
                           000190  1613 	C$misc.c$144$2$350 ==.
                                   1614 ;	..\COMMON\misc.c:144: wtimer_idle(WTFLAG_CANSTANDBY);
      000190 75 82 02         [24] 1615 	mov	dpl,#0x02
      000193 12r00r00         [24] 1616 	lcall	_wtimer_idle
                           000196  1617 	C$misc.c$145$2$350 ==.
                                   1618 ;	..\COMMON\misc.c:145: wtimer_runcallbacks();
      000196 12r00r00         [24] 1619 	lcall	_wtimer_runcallbacks
                           000199  1620 	C$misc.c$146$1$349 ==.
                                   1621 ;	..\COMMON\misc.c:146: } while (delaymstimer.handler);
      000199 90r00r02         [24] 1622 	mov	dptr,#(_delaymstimer + 0x0002)
      00019C E0               [24] 1623 	movx	a,@dptr
      00019D FE               [12] 1624 	mov	r6,a
      00019E A3               [24] 1625 	inc	dptr
      00019F E0               [24] 1626 	movx	a,@dptr
      0001A0 FF               [12] 1627 	mov	r7,a
      0001A1 4E               [12] 1628 	orl	a,r6
      0001A2 70 EC            [24] 1629 	jnz	00101$
      0001A4 85*00 81         [24] 1630 	mov	sp,_bp
      0001A7 D0*00            [24] 1631 	pop	_bp
                           0001A9  1632 	C$misc.c$147$1$349 ==.
                           0001A9  1633 	XG$delay_ms$0$0 ==.
      0001A9 22               [24] 1634 	ret
                                   1635 	.area CSEG    (CODE)
                                   1636 	.area CONST   (CODE)
                           000000  1637 Fmisc$errtbl$0$0 == .
      000000                       1638 _errtbl:
      000000 01                    1639 	.db #0x01	; 1
      000001r18s00                 1640 	.byte __str_0, (__str_0 >> 8)
      000003 02                    1641 	.db #0x02	; 2
      000004r29s00                 1642 	.byte __str_1, (__str_1 >> 8)
      000006 03                    1643 	.db #0x03	; 3
      000007r31s00                 1644 	.byte __str_2, (__str_2 >> 8)
      000009 04                    1645 	.db #0x04	; 4
      00000Ar3Cs00                 1646 	.byte __str_3, (__str_3 >> 8)
      00000C 05                    1647 	.db #0x05	; 5
      00000Dr47s00                 1648 	.byte __str_4, (__str_4 >> 8)
      00000F 06                    1649 	.db #0x06	; 6
      000010r58s00                 1650 	.byte __str_5, (__str_5 >> 8)
      000012 07                    1651 	.db #0x07	; 7
      000013r63s00                 1652 	.byte __str_6, (__str_6 >> 8)
      000015 00                    1653 	.db #0x00	; 0
      000016 00 00                 1654 	.byte #0x00,#0x00
                           000018  1655 Fmisc$__str_0$0$0 == .
      000018                       1656 __str_0:
      000018 45 3A 20 6E 6F 74 20  1657 	.ascii "E: not supported"
             73 75 70 70 6F 72 74
             65 64
      000028 00                    1658 	.db 0x00
                           000029  1659 Fmisc$__str_1$0$0 == .
      000029                       1660 __str_1:
      000029 45 3A 20 62 75 73 79  1661 	.ascii "E: busy"
      000030 00                    1662 	.db 0x00
                           000031  1663 Fmisc$__str_2$0$0 == .
      000031                       1664 __str_2:
      000031 45 3A 20 74 69 6D 65  1665 	.ascii "E: timeout"
             6F 75 74
      00003B 00                    1666 	.db 0x00
                           00003C  1667 Fmisc$__str_3$0$0 == .
      00003C                       1668 __str_3:
      00003C 45 3A 20 69 6E 76 61  1669 	.ascii "E: invalid"
             6C 69 64
      000046 00                    1670 	.db 0x00
                           000047  1671 Fmisc$__str_4$0$0 == .
      000047                       1672 __str_4:
      000047 45 3A 20 6E 6F 20 63  1673 	.ascii "E: no chip found"
             68 69 70 20 66 6F 75
             6E 64
      000057 00                    1674 	.db 0x00
                           000058  1675 Fmisc$__str_5$0$0 == .
      000058                       1676 __str_5:
      000058 45 3A 20 72 61 6E 67  1677 	.ascii "E: ranging"
             69 6E 67
      000062 00                    1678 	.db 0x00
                           000063  1679 Fmisc$__str_6$0$0 == .
      000063                       1680 __str_6:
      000063 45 3A 20 6C 6F 63 6B  1681 	.ascii "E: lock lost"
             20 6C 6F 73 74
      00006F 00                    1682 	.db 0x00
                                   1683 	.area XINIT   (CODE)
                                   1684 	.area CABS    (ABS,CODE)
